nohup: 忽略输入
/data5/store1/wry-u22/anaconda3/envs/py311/lib/python3.11/site-packages/torch_geometric/deprecation.py:26: UserWarning: 'data.DataLoader' is deprecated, use 'loader.DataLoader' instead
  warnings.warn(out)
cuda
tensor(873.0720, device='cuda:0', grad_fn=<MseLossBackward0>)
tensor(867.0194, device='cuda:0', grad_fn=<MseLossBackward0>)
tensor(879.8295, device='cuda:0', grad_fn=<MseLossBackward0>)
tensor(904.0560, device='cuda:0', grad_fn=<MseLossBackward0>)
tensor(848.0242, device='cuda:0', grad_fn=<MseLossBackward0>)
tensor(870.4910, device='cuda:0', grad_fn=<MseLossBackward0>)
tensor(886.0582, device='cuda:0', grad_fn=<MseLossBackward0>)
tensor(855.7125, device='cuda:0', grad_fn=<MseLossBackward0>)
Epoch   1 | Loss: 1335.703995
tensor(837.8865, device='cuda:0', grad_fn=<MseLossBackward0>)
tensor(902.0599, device='cuda:0', grad_fn=<MseLossBackward0>)
tensor(872.2104, device='cuda:0', grad_fn=<MseLossBackward0>)
tensor(871.2126, device='cuda:0', grad_fn=<MseLossBackward0>)
tensor(881.6516, device='cuda:0', grad_fn=<MseLossBackward0>)
tensor(877.3757, device='cuda:0', grad_fn=<MseLossBackward0>)
tensor(861.5643, device='cuda:0', grad_fn=<MseLossBackward0>)
tensor(885.9971, device='cuda:0', grad_fn=<MseLossBackward0>)
Epoch   2 | Loss: 1328.248306
tensor(919.0333, device='cuda:0', grad_fn=<MseLossBackward0>)
tensor(860.6555, device='cuda:0', grad_fn=<MseLossBackward0>)
tensor(881.5958, device='cuda:0', grad_fn=<MseLossBackward0>)
tensor(863.7900, device='cuda:0', grad_fn=<MseLossBackward0>)
tensor(865.9865, device='cuda:0', grad_fn=<MseLossBackward0>)
tensor(862.6424, device='cuda:0', grad_fn=<MseLossBackward0>)
tensor(859.2357, device='cuda:0', grad_fn=<MseLossBackward0>)
tensor(874.8865, device='cuda:0', grad_fn=<MseLossBackward0>)
Epoch   3 | Loss: 1327.438599
tensor(896.0807, device='cuda:0', grad_fn=<MseLossBackward0>)
tensor(870.4234, device='cuda:0', grad_fn=<MseLossBackward0>)
tensor(887.1739, device='cuda:0', grad_fn=<MseLossBackward0>)
tensor(870.8157, device='cuda:0', grad_fn=<MseLossBackward0>)
tensor(879.4682, device='cuda:0', grad_fn=<MseLossBackward0>)
tensor(880.0276, device='cuda:0', grad_fn=<MseLossBackward0>)
tensor(872.2050, device='cuda:0', grad_fn=<MseLossBackward0>)
tensor(821.5516, device='cuda:0', grad_fn=<MseLossBackward0>)
Epoch   4 | Loss: 1325.598297
tensor(869.7641, device='cuda:0', grad_fn=<MseLossBackward0>)
tensor(863.5047, device='cuda:0', grad_fn=<MseLossBackward0>)
tensor(882.1062, device='cuda:0', grad_fn=<MseLossBackward0>)
tensor(881.4097, device='cuda:0', grad_fn=<MseLossBackward0>)
tensor(865.2654, device='cuda:0', grad_fn=<MseLossBackward0>)
tensor(859.7798, device='cuda:0', grad_fn=<MseLossBackward0>)
tensor(834.8037, device='cuda:0', grad_fn=<MseLossBackward0>)
tensor(944.0172, device='cuda:0', grad_fn=<MseLossBackward0>)
Epoch   5 | Loss: 1330.686203
tensor(878.3651, device='cuda:0', grad_fn=<MseLossBackward0>)
tensor(876.1490, device='cuda:0', grad_fn=<MseLossBackward0>)
tensor(892.6697, device='cuda:0', grad_fn=<MseLossBackward0>)
tensor(863.9941, device='cuda:0', grad_fn=<MseLossBackward0>)
tensor(892.3969, device='cuda:0', grad_fn=<MseLossBackward0>)
tensor(856.5977, device='cuda:0', grad_fn=<MseLossBackward0>)
tensor(871.8259, device='cuda:0', grad_fn=<MseLossBackward0>)
tensor(851.2341, device='cuda:0', grad_fn=<MseLossBackward0>)
Epoch   6 | Loss: 1326.957092
tensor(843.3558, device='cuda:0', grad_fn=<MseLossBackward0>)
tensor(878.3519, device='cuda:0', grad_fn=<MseLossBackward0>)
tensor(912.4861, device='cuda:0', grad_fn=<MseLossBackward0>)
tensor(850.9661, device='cuda:0', grad_fn=<MseLossBackward0>)
tensor(864.6238, device='cuda:0', grad_fn=<MseLossBackward0>)
tensor(885.4694, device='cuda:0', grad_fn=<MseLossBackward0>)
tensor(867.8426, device='cuda:0', grad_fn=<MseLossBackward0>)
tensor(886.7869, device='cuda:0', grad_fn=<MseLossBackward0>)
Epoch   7 | Loss: 1327.693466
tensor(882.7025, device='cuda:0', grad_fn=<MseLossBackward0>)
tensor(858.9731, device='cuda:0', grad_fn=<MseLossBackward0>)
tensor(897.2231, device='cuda:0', grad_fn=<MseLossBackward0>)
tensor(884.4799, device='cuda:0', grad_fn=<MseLossBackward0>)
tensor(871.7513, device='cuda:0', grad_fn=<MseLossBackward0>)
tensor(890.8366, device='cuda:0', grad_fn=<MseLossBackward0>)
tensor(873.1032, device='cuda:0', grad_fn=<MseLossBackward0>)
tensor(817.8633, device='cuda:0', grad_fn=<MseLossBackward0>)
Epoch   8 | Loss: 1325.989655
tensor(857.8630, device='cuda:0', grad_fn=<MseLossBackward0>)
tensor(844.4825, device='cuda:0', grad_fn=<MseLossBackward0>)
tensor(875.0740, device='cuda:0', grad_fn=<MseLossBackward0>)
tensor(880.8022, device='cuda:0', grad_fn=<MseLossBackward0>)
tensor(910.2894, device='cuda:0', grad_fn=<MseLossBackward0>)
tensor(871.6423, device='cuda:0', grad_fn=<MseLossBackward0>)
tensor(859.2265, device='cuda:0', grad_fn=<MseLossBackward0>)
tensor(891.2960, device='cuda:0', grad_fn=<MseLossBackward0>)
Epoch   9 | Loss: 1328.502625
tensor(882.8080, device='cuda:0', grad_fn=<MseLossBackward0>)
tensor(856.9822, device='cuda:0', grad_fn=<MseLossBackward0>)
tensor(888.5037, device='cuda:0', grad_fn=<MseLossBackward0>)
tensor(867.7010, device='cuda:0', grad_fn=<MseLossBackward0>)
tensor(876.3857, device='cuda:0', grad_fn=<MseLossBackward0>)
tensor(836.6629, device='cuda:0', grad_fn=<MseLossBackward0>)
tensor(898.2486, device='cuda:0', grad_fn=<MseLossBackward0>)
tensor(881.5284, device='cuda:0', grad_fn=<MseLossBackward0>)
Epoch  10 | Loss: 1327.966995
tensor(893.7152, device='cuda:0', grad_fn=<MseLossBackward0>)
tensor(858.3817, device='cuda:0', grad_fn=<MseLossBackward0>)
tensor(864.8939, device='cuda:0', grad_fn=<MseLossBackward0>)
tensor(891.4039, device='cuda:0', grad_fn=<MseLossBackward0>)
tensor(869.5638, device='cuda:0', grad_fn=<MseLossBackward0>)
tensor(859.2395, device='cuda:0', grad_fn=<MseLossBackward0>)
tensor(898.2962, device='cuda:0', grad_fn=<MseLossBackward0>)
tensor(846.7810, device='cuda:0', grad_fn=<MseLossBackward0>)
Epoch  11 | Loss: 1325.850006
tensor(880.3763, device='cuda:0', grad_fn=<MseLossBackward0>)
tensor(858.4857, device='cuda:0', grad_fn=<MseLossBackward0>)
tensor(879.8131, device='cuda:0', grad_fn=<MseLossBackward0>)
tensor(872.1528, device='cuda:0', grad_fn=<MseLossBackward0>)
tensor(877.2452, device='cuda:0', grad_fn=<MseLossBackward0>)
tensor(899.4238, device='cuda:0', grad_fn=<MseLossBackward0>)
tensor(854.1573, device='cuda:0', grad_fn=<MseLossBackward0>)
tensor(863.7706, device='cuda:0', grad_fn=<MseLossBackward0>)
Epoch  12 | Loss: 1326.096893
tensor(888.0961, device='cuda:0', grad_fn=<MseLossBackward0>)
tensor(870.2567, device='cuda:0', grad_fn=<MseLossBackward0>)
tensor(898.1390, device='cuda:0', grad_fn=<MseLossBackward0>)
tensor(826.1345, device='cuda:0', grad_fn=<MseLossBackward0>)
tensor(869.5801, device='cuda:0', grad_fn=<MseLossBackward0>)
tensor(869.7372, device='cuda:0', grad_fn=<MseLossBackward0>)
tensor(883.4498, device='cuda:0', grad_fn=<MseLossBackward0>)
tensor(883.7399, device='cuda:0', grad_fn=<MseLossBackward0>)
Epoch  13 | Loss: 1328.276291
tensor(847.6562, device='cuda:0', grad_fn=<MseLossBackward0>)
tensor(863.8445, device='cuda:0', grad_fn=<MseLossBackward0>)
tensor(875.2731, device='cuda:0', grad_fn=<MseLossBackward0>)
tensor(891.3582, device='cuda:0', grad_fn=<MseLossBackward0>)
tensor(883.0689, device='cuda:0', grad_fn=<MseLossBackward0>)
tensor(843.1946, device='cuda:0', grad_fn=<MseLossBackward0>)
tensor(893.2427, device='cuda:0', grad_fn=<MseLossBackward0>)
tensor(893.2415, device='cuda:0', grad_fn=<MseLossBackward0>)
Epoch  14 | Loss: 1327.918030
tensor(878.9729, device='cuda:0', grad_fn=<MseLossBackward0>)
tensor(894.5959, device='cuda:0', grad_fn=<MseLossBackward0>)
tensor(859.0486, device='cuda:0', grad_fn=<MseLossBackward0>)
tensor(890.3670, device='cuda:0', grad_fn=<MseLossBackward0>)
tensor(912.6331, device='cuda:0', grad_fn=<MseLossBackward0>)
tensor(836.1709, device='cuda:0', grad_fn=<MseLossBackward0>)
tensor(865.6089, device='cuda:0', grad_fn=<MseLossBackward0>)
tensor(844.2487, device='cuda:0', grad_fn=<MseLossBackward0>)
Epoch  15 | Loss: 1326.235092
tensor(908.8200, device='cuda:0', grad_fn=<MseLossBackward0>)
tensor(884.3126, device='cuda:0', grad_fn=<MseLossBackward0>)
tensor(871.4163, device='cuda:0', grad_fn=<MseLossBackward0>)
tensor(886.7862, device='cuda:0', grad_fn=<MseLossBackward0>)
tensor(847.6924, device='cuda:0', grad_fn=<MseLossBackward0>)
tensor(855.5326, device='cuda:0', grad_fn=<MseLossBackward0>)
tensor(882.6017, device='cuda:0', grad_fn=<MseLossBackward0>)
tensor(844.4661, device='cuda:0', grad_fn=<MseLossBackward0>)
Epoch  16 | Loss: 1327.018951
tensor(854.3687, device='cuda:0', grad_fn=<MseLossBackward0>)
tensor(870.3397, device='cuda:0', grad_fn=<MseLossBackward0>)
tensor(889.0396, device='cuda:0', grad_fn=<MseLossBackward0>)
tensor(901.5653, device='cuda:0', grad_fn=<MseLossBackward0>)
tensor(883.4856, device='cuda:0', grad_fn=<MseLossBackward0>)
tensor(898.2084, device='cuda:0', grad_fn=<MseLossBackward0>)
tensor(847.1746, device='cuda:0', grad_fn=<MseLossBackward0>)
tensor(835.7589, device='cuda:0', grad_fn=<MseLossBackward0>)
Epoch  17 | Loss: 1325.276108
tensor(846.6835, device='cuda:0', grad_fn=<MseLossBackward0>)
tensor(916.6758, device='cuda:0', grad_fn=<MseLossBackward0>)
tensor(851.5053, device='cuda:0', grad_fn=<MseLossBackward0>)
tensor(859.3963, device='cuda:0', grad_fn=<MseLossBackward0>)
tensor(886.6566, device='cuda:0', grad_fn=<MseLossBackward0>)
tensor(868.0328, device='cuda:0', grad_fn=<MseLossBackward0>)
tensor(874.5285, device='cuda:0', grad_fn=<MseLossBackward0>)
tensor(885.7760, device='cuda:0', grad_fn=<MseLossBackward0>)
Epoch  18 | Loss: 1328.068726
tensor(909.5734, device='cuda:0', grad_fn=<MseLossBackward0>)
tensor(863.9063, device='cuda:0', grad_fn=<MseLossBackward0>)
tensor(881.8685, device='cuda:0', grad_fn=<MseLossBackward0>)
tensor(885.7074, device='cuda:0', grad_fn=<MseLossBackward0>)
tensor(870.7440, device='cuda:0', grad_fn=<MseLossBackward0>)
tensor(852.1121, device='cuda:0', grad_fn=<MseLossBackward0>)
tensor(831.7466, device='cuda:0', grad_fn=<MseLossBackward0>)
tensor(895.3026, device='cuda:0', grad_fn=<MseLossBackward0>)
Epoch  19 | Loss: 1329.592773
tensor(876.4373, device='cuda:0', grad_fn=<MseLossBackward0>)
tensor(850.8970, device='cuda:0', grad_fn=<MseLossBackward0>)
tensor(863.1335, device='cuda:0', grad_fn=<MseLossBackward0>)
tensor(901.3629, device='cuda:0', grad_fn=<MseLossBackward0>)
tensor(867.8334, device='cuda:0', grad_fn=<MseLossBackward0>)
tensor(859.2052, device='cuda:0', grad_fn=<MseLossBackward0>)
tensor(891.6599, device='cuda:0', grad_fn=<MseLossBackward0>)
tensor(876.8818, device='cuda:0', grad_fn=<MseLossBackward0>)
Epoch  20 | Loss: 1328.302414
tensor(879.6229, device='cuda:0', grad_fn=<MseLossBackward0>)
tensor(867.4362, device='cuda:0', grad_fn=<MseLossBackward0>)
tensor(814.4637, device='cuda:0', grad_fn=<MseLossBackward0>)
tensor(885.9724, device='cuda:0', grad_fn=<MseLossBackward0>)
tensor(875.0977, device='cuda:0', grad_fn=<MseLossBackward0>)
tensor(884.8317, device='cuda:0', grad_fn=<MseLossBackward0>)
tensor(890.8387, device='cuda:0', grad_fn=<MseLossBackward0>)
tensor(891.8316, device='cuda:0', grad_fn=<MseLossBackward0>)
Epoch  21 | Loss: 1328.647781
tensor(859.2393, device='cuda:0', grad_fn=<MseLossBackward0>)
tensor(873.5323, device='cuda:0', grad_fn=<MseLossBackward0>)
tensor(879.9441, device='cuda:0', grad_fn=<MseLossBackward0>)
tensor(882.8234, device='cuda:0', grad_fn=<MseLossBackward0>)
tensor(851.1932, device='cuda:0', grad_fn=<MseLossBackward0>)
tensor(883.3924, device='cuda:0', grad_fn=<MseLossBackward0>)
tensor(891.0944, device='cuda:0', grad_fn=<MseLossBackward0>)
tensor(863.3779, device='cuda:0', grad_fn=<MseLossBackward0>)
Epoch  22 | Loss: 1325.959503
tensor(886.3531, device='cuda:0', grad_fn=<MseLossBackward0>)
tensor(871.7037, device='cuda:0', grad_fn=<MseLossBackward0>)
tensor(891.0600, device='cuda:0', grad_fn=<MseLossBackward0>)
tensor(853.9977, device='cuda:0', grad_fn=<MseLossBackward0>)
tensor(869.2148, device='cuda:0', grad_fn=<MseLossBackward0>)
tensor(875.1691, device='cuda:0', grad_fn=<MseLossBackward0>)
tensor(865.4935, device='cuda:0', grad_fn=<MseLossBackward0>)
tensor(873.1922, device='cuda:0', grad_fn=<MseLossBackward0>)
Epoch  23 | Loss: 1326.645203
tensor(877.3586, device='cuda:0', grad_fn=<MseLossBackward0>)
tensor(893.2457, device='cuda:0', grad_fn=<MseLossBackward0>)
tensor(911.2182, device='cuda:0', grad_fn=<MseLossBackward0>)
tensor(871.0823, device='cuda:0', grad_fn=<MseLossBackward0>)
tensor(847.0320, device='cuda:0', grad_fn=<MseLossBackward0>)
tensor(883.3524, device='cuda:0', grad_fn=<MseLossBackward0>)
tensor(852.1924, device='cuda:0', grad_fn=<MseLossBackward0>)
tensor(844.9043, device='cuda:0', grad_fn=<MseLossBackward0>)
Epoch  24 | Loss: 1323.772049
tensor(864.3987, device='cuda:0', grad_fn=<MseLossBackward0>)
tensor(921.2339, device='cuda:0', grad_fn=<MseLossBackward0>)
tensor(858.0909, device='cuda:0', grad_fn=<MseLossBackward0>)
tensor(844.8542, device='cuda:0', grad_fn=<MseLossBackward0>)
tensor(848.0901, device='cuda:0', grad_fn=<MseLossBackward0>)
tensor(885.8690, device='cuda:0', grad_fn=<MseLossBackward0>)
tensor(882.9105, device='cuda:0', grad_fn=<MseLossBackward0>)
tensor(880.7451, device='cuda:0', grad_fn=<MseLossBackward0>)
Epoch  25 | Loss: 1326.510208
tensor(862.3658, device='cuda:0', grad_fn=<MseLossBackward0>)
tensor(871.9956, device='cuda:0', grad_fn=<MseLossBackward0>)
tensor(880.7925, device='cuda:0', grad_fn=<MseLossBackward0>)
tensor(870.9415, device='cuda:0', grad_fn=<MseLossBackward0>)
tensor(837.5936, device='cuda:0', grad_fn=<MseLossBackward0>)
tensor(872.2194, device='cuda:0', grad_fn=<MseLossBackward0>)
tensor(888.9532, device='cuda:0', grad_fn=<MseLossBackward0>)
tensor(903.9926, device='cuda:0', grad_fn=<MseLossBackward0>)
Epoch  26 | Loss: 1323.594147
tensor(878.9350, device='cuda:0', grad_fn=<MseLossBackward0>)
tensor(876.5025, device='cuda:0', grad_fn=<MseLossBackward0>)
tensor(850.3928, device='cuda:0', grad_fn=<MseLossBackward0>)
tensor(871.0199, device='cuda:0', grad_fn=<MseLossBackward0>)
tensor(892.9958, device='cuda:0', grad_fn=<MseLossBackward0>)
tensor(859.1915, device='cuda:0', grad_fn=<MseLossBackward0>)
tensor(873.5494, device='cuda:0', grad_fn=<MseLossBackward0>)
tensor(878.8533, device='cuda:0', grad_fn=<MseLossBackward0>)
Epoch  27 | Loss: 1316.794067
tensor(866.4534, device='cuda:0', grad_fn=<MseLossBackward0>)
tensor(879.0422, device='cuda:0', grad_fn=<MseLossBackward0>)
tensor(833.6934, device='cuda:0', grad_fn=<MseLossBackward0>)
tensor(879.8287, device='cuda:0', grad_fn=<MseLossBackward0>)
tensor(882.7579, device='cuda:0', grad_fn=<MseLossBackward0>)
tensor(909.8054, device='cuda:0', grad_fn=<MseLossBackward0>)
tensor(834.2623, device='cuda:0', grad_fn=<MseLossBackward0>)
tensor(891.4459, device='cuda:0', grad_fn=<MseLossBackward0>)
Epoch  28 | Loss: 1315.757431
tensor(874.4041, device='cuda:0', grad_fn=<MseLossBackward0>)
tensor(853.0438, device='cuda:0', grad_fn=<MseLossBackward0>)
tensor(882.4597, device='cuda:0', grad_fn=<MseLossBackward0>)
tensor(916.5380, device='cuda:0', grad_fn=<MseLossBackward0>)
tensor(872.0667, device='cuda:0', grad_fn=<MseLossBackward0>)
tensor(829.6971, device='cuda:0', grad_fn=<MseLossBackward0>)
tensor(887.8081, device='cuda:0', grad_fn=<MseLossBackward0>)
tensor(852.2756, device='cuda:0', grad_fn=<MseLossBackward0>)
Epoch  29 | Loss: 1313.096252
tensor(892.1362, device='cuda:0', grad_fn=<MseLossBackward0>)
tensor(847.6182, device='cuda:0', grad_fn=<MseLossBackward0>)
tensor(893.6262, device='cuda:0', grad_fn=<MseLossBackward0>)
tensor(865.4704, device='cuda:0', grad_fn=<MseLossBackward0>)
tensor(864.7208, device='cuda:0', grad_fn=<MseLossBackward0>)
tensor(848.6903, device='cuda:0', grad_fn=<MseLossBackward0>)
tensor(886.8260, device='cuda:0', grad_fn=<MseLossBackward0>)
tensor(866.8484, device='cuda:0', grad_fn=<MseLossBackward0>)
Epoch  30 | Loss: 1314.456100
tensor(874.9002, device='cuda:0', grad_fn=<MseLossBackward0>)
tensor(878.1776, device='cuda:0', grad_fn=<MseLossBackward0>)
tensor(862.6960, device='cuda:0', grad_fn=<MseLossBackward0>)
tensor(883.8358, device='cuda:0', grad_fn=<MseLossBackward0>)
tensor(830.3688, device='cuda:0', grad_fn=<MseLossBackward0>)
tensor(874.8592, device='cuda:0', grad_fn=<MseLossBackward0>)
tensor(879.9578, device='cuda:0', grad_fn=<MseLossBackward0>)
tensor(883.2347, device='cuda:0', grad_fn=<MseLossBackward0>)
Epoch  31 | Loss: 1311.306259
tensor(890.8840, device='cuda:0', grad_fn=<MseLossBackward0>)
tensor(861.7054, device='cuda:0', grad_fn=<MseLossBackward0>)
tensor(873.8542, device='cuda:0', grad_fn=<MseLossBackward0>)
tensor(859.1411, device='cuda:0', grad_fn=<MseLossBackward0>)
tensor(873.7831, device='cuda:0', grad_fn=<MseLossBackward0>)
tensor(853.7759, device='cuda:0', grad_fn=<MseLossBackward0>)
tensor(866.8752, device='cuda:0', grad_fn=<MseLossBackward0>)
tensor(880.9446, device='cuda:0', grad_fn=<MseLossBackward0>)
Epoch  32 | Loss: 1306.127548
tensor(862.7936, device='cuda:0', grad_fn=<MseLossBackward0>)
tensor(866.0364, device='cuda:0', grad_fn=<MseLossBackward0>)
tensor(883.5026, device='cuda:0', grad_fn=<MseLossBackward0>)
tensor(858.5027, device='cuda:0', grad_fn=<MseLossBackward0>)
tensor(879.6729, device='cuda:0', grad_fn=<MseLossBackward0>)
tensor(872.7756, device='cuda:0', grad_fn=<MseLossBackward0>)
tensor(875.9207, device='cuda:0', grad_fn=<MseLossBackward0>)
tensor(843.9777, device='cuda:0', grad_fn=<MseLossBackward0>)
Epoch  33 | Loss: 1303.967667
tensor(852.5707, device='cuda:0', grad_fn=<MseLossBackward0>)
tensor(876.2358, device='cuda:0', grad_fn=<MseLossBackward0>)
tensor(854.6477, device='cuda:0', grad_fn=<MseLossBackward0>)
tensor(868.7979, device='cuda:0', grad_fn=<MseLossBackward0>)
tensor(875.8764, device='cuda:0', grad_fn=<MseLossBackward0>)
tensor(863.3638, device='cuda:0', grad_fn=<MseLossBackward0>)
tensor(858.5731, device='cuda:0', grad_fn=<MseLossBackward0>)
tensor(893.2729, device='cuda:0', grad_fn=<MseLossBackward0>)
Epoch  34 | Loss: 1303.227631
tensor(840.7254, device='cuda:0', grad_fn=<MseLossBackward0>)
tensor(862.0272, device='cuda:0', grad_fn=<MseLossBackward0>)
tensor(872.4454, device='cuda:0', grad_fn=<MseLossBackward0>)
tensor(876.1008, device='cuda:0', grad_fn=<MseLossBackward0>)
tensor(871.7127, device='cuda:0', grad_fn=<MseLossBackward0>)
tensor(842.5216, device='cuda:0', grad_fn=<MseLossBackward0>)
tensor(865.1785, device='cuda:0', grad_fn=<MseLossBackward0>)
tensor(890.5955, device='cuda:0', grad_fn=<MseLossBackward0>)
Epoch  35 | Loss: 1296.378937
tensor(909.2632, device='cuda:0', grad_fn=<MseLossBackward0>)
tensor(832.4061, device='cuda:0', grad_fn=<MseLossBackward0>)
tensor(852.9022, device='cuda:0', grad_fn=<MseLossBackward0>)
tensor(858.6966, device='cuda:0', grad_fn=<MseLossBackward0>)
tensor(832.9453, device='cuda:0', grad_fn=<MseLossBackward0>)
tensor(871.0583, device='cuda:0', grad_fn=<MseLossBackward0>)
tensor(871.2795, device='cuda:0', grad_fn=<MseLossBackward0>)
tensor(856.8924, device='cuda:0', grad_fn=<MseLossBackward0>)
Epoch  36 | Loss: 1286.078842
tensor(868.1218, device='cuda:0', grad_fn=<MseLossBackward0>)
tensor(870.2503, device='cuda:0', grad_fn=<MseLossBackward0>)
tensor(841.4844, device='cuda:0', grad_fn=<MseLossBackward0>)
tensor(841.1700, device='cuda:0', grad_fn=<MseLossBackward0>)
tensor(866.7141, device='cuda:0', grad_fn=<MseLossBackward0>)
tensor(831.0070, device='cuda:0', grad_fn=<MseLossBackward0>)
tensor(860.3152, device='cuda:0', grad_fn=<MseLossBackward0>)
tensor(852.8278, device='cuda:0', grad_fn=<MseLossBackward0>)
Epoch  37 | Loss: 1271.458282
tensor(850.5151, device='cuda:0', grad_fn=<MseLossBackward0>)
tensor(843.8713, device='cuda:0', grad_fn=<MseLossBackward0>)
tensor(848.7632, device='cuda:0', grad_fn=<MseLossBackward0>)
tensor(827.4624, device='cuda:0', grad_fn=<MseLossBackward0>)
tensor(883.2728, device='cuda:0', grad_fn=<MseLossBackward0>)
tensor(817.3792, device='cuda:0', grad_fn=<MseLossBackward0>)
tensor(834.7633, device='cuda:0', grad_fn=<MseLossBackward0>)
tensor(835.2631, device='cuda:0', grad_fn=<MseLossBackward0>)
Epoch  38 | Loss: 1254.731339
tensor(857.3043, device='cuda:0', grad_fn=<MseLossBackward0>)
tensor(820.3694, device='cuda:0', grad_fn=<MseLossBackward0>)
tensor(845.3173, device='cuda:0', grad_fn=<MseLossBackward0>)
tensor(820.1260, device='cuda:0', grad_fn=<MseLossBackward0>)
tensor(819.2042, device='cuda:0', grad_fn=<MseLossBackward0>)
tensor(825.5317, device='cuda:0', grad_fn=<MseLossBackward0>)
tensor(809.8623, device='cuda:0', grad_fn=<MseLossBackward0>)
tensor(805.5557, device='cuda:0', grad_fn=<MseLossBackward0>)
Epoch  39 | Loss: 1224.320984
tensor(865.2018, device='cuda:0', grad_fn=<MseLossBackward0>)
tensor(791.0088, device='cuda:0', grad_fn=<MseLossBackward0>)
tensor(800.5218, device='cuda:0', grad_fn=<MseLossBackward0>)
tensor(816.3050, device='cuda:0', grad_fn=<MseLossBackward0>)
tensor(773.7391, device='cuda:0', grad_fn=<MseLossBackward0>)
tensor(785.1602, device='cuda:0', grad_fn=<MseLossBackward0>)
tensor(787.7874, device='cuda:0', grad_fn=<MseLossBackward0>)
tensor(795.8038, device='cuda:0', grad_fn=<MseLossBackward0>)
Epoch  40 | Loss: 1189.324066
tensor(795.9390, device='cuda:0', grad_fn=<MseLossBackward0>)
tensor(792.7936, device='cuda:0', grad_fn=<MseLossBackward0>)
tensor(771.0607, device='cuda:0', grad_fn=<MseLossBackward0>)
tensor(754.3077, device='cuda:0', grad_fn=<MseLossBackward0>)
tensor(773.8473, device='cuda:0', grad_fn=<MseLossBackward0>)
tensor(759.3878, device='cuda:0', grad_fn=<MseLossBackward0>)
tensor(773.1550, device='cuda:0', grad_fn=<MseLossBackward0>)
tensor(739.5896, device='cuda:0', grad_fn=<MseLossBackward0>)
Epoch  41 | Loss: 1143.777252
tensor(723.5628, device='cuda:0', grad_fn=<MseLossBackward0>)
tensor(749.0952, device='cuda:0', grad_fn=<MseLossBackward0>)
tensor(743.5562, device='cuda:0', grad_fn=<MseLossBackward0>)
tensor(771.8259, device='cuda:0', grad_fn=<MseLossBackward0>)
tensor(728.6923, device='cuda:0', grad_fn=<MseLossBackward0>)
tensor(730.9905, device='cuda:0', grad_fn=<MseLossBackward0>)
tensor(719.9421, device='cuda:0', grad_fn=<MseLossBackward0>)
tensor(728.2554, device='cuda:0', grad_fn=<MseLossBackward0>)
Epoch  42 | Loss: 1101.625809
tensor(699.7986, device='cuda:0', grad_fn=<MseLossBackward0>)
tensor(716.9283, device='cuda:0', grad_fn=<MseLossBackward0>)
tensor(686.7911, device='cuda:0', grad_fn=<MseLossBackward0>)
tensor(725.6423, device='cuda:0', grad_fn=<MseLossBackward0>)
tensor(727.8945, device='cuda:0', grad_fn=<MseLossBackward0>)
tensor(702.5414, device='cuda:0', grad_fn=<MseLossBackward0>)
tensor(711.7358, device='cuda:0', grad_fn=<MseLossBackward0>)
tensor(696.0623, device='cuda:0', grad_fn=<MseLossBackward0>)
Epoch  43 | Loss: 1062.726089
tensor(694.4559, device='cuda:0', grad_fn=<MseLossBackward0>)
tensor(708.8429, device='cuda:0', grad_fn=<MseLossBackward0>)
tensor(678.6297, device='cuda:0', grad_fn=<MseLossBackward0>)
tensor(682.6299, device='cuda:0', grad_fn=<MseLossBackward0>)
tensor(676.6268, device='cuda:0', grad_fn=<MseLossBackward0>)
tensor(681.6144, device='cuda:0', grad_fn=<MseLossBackward0>)
tensor(671.6027, device='cuda:0', grad_fn=<MseLossBackward0>)
tensor(664.3812, device='cuda:0', grad_fn=<MseLossBackward0>)
Epoch  44 | Loss: 1039.360535
tensor(666.8320, device='cuda:0', grad_fn=<MseLossBackward0>)
tensor(663.0674, device='cuda:0', grad_fn=<MseLossBackward0>)
tensor(663.8373, device='cuda:0', grad_fn=<MseLossBackward0>)
tensor(672.9342, device='cuda:0', grad_fn=<MseLossBackward0>)
tensor(661.1799, device='cuda:0', grad_fn=<MseLossBackward0>)
tensor(658.4669, device='cuda:0', grad_fn=<MseLossBackward0>)
tensor(638.7415, device='cuda:0', grad_fn=<MseLossBackward0>)
tensor(643.9341, device='cuda:0', grad_fn=<MseLossBackward0>)
Epoch  45 | Loss: 996.865303
tensor(647.6122, device='cuda:0', grad_fn=<MseLossBackward0>)
tensor(647.1306, device='cuda:0', grad_fn=<MseLossBackward0>)
tensor(616.6736, device='cuda:0', grad_fn=<MseLossBackward0>)
tensor(669.0031, device='cuda:0', grad_fn=<MseLossBackward0>)
tensor(634.6835, device='cuda:0', grad_fn=<MseLossBackward0>)
tensor(627.7235, device='cuda:0', grad_fn=<MseLossBackward0>)
tensor(626.1621, device='cuda:0', grad_fn=<MseLossBackward0>)
tensor(609.6309, device='cuda:0', grad_fn=<MseLossBackward0>)
Epoch  46 | Loss: 968.700523
tensor(631.5508, device='cuda:0', grad_fn=<MseLossBackward0>)
tensor(631.4847, device='cuda:0', grad_fn=<MseLossBackward0>)
tensor(612.0853, device='cuda:0', grad_fn=<MseLossBackward0>)
tensor(582.6624, device='cuda:0', grad_fn=<MseLossBackward0>)
tensor(596.6768, device='cuda:0', grad_fn=<MseLossBackward0>)
tensor(590.8082, device='cuda:0', grad_fn=<MseLossBackward0>)
tensor(623.5667, device='cuda:0', grad_fn=<MseLossBackward0>)
tensor(611.2845, device='cuda:0', grad_fn=<MseLossBackward0>)
Epoch  47 | Loss: 917.877953
tensor(585.7741, device='cuda:0', grad_fn=<MseLossBackward0>)
tensor(599.3126, device='cuda:0', grad_fn=<MseLossBackward0>)
tensor(567.1497, device='cuda:0', grad_fn=<MseLossBackward0>)
tensor(596.6934, device='cuda:0', grad_fn=<MseLossBackward0>)
tensor(574.3211, device='cuda:0', grad_fn=<MseLossBackward0>)
tensor(574.1014, device='cuda:0', grad_fn=<MseLossBackward0>)
tensor(578.3687, device='cuda:0', grad_fn=<MseLossBackward0>)
tensor(563.5641, device='cuda:0', grad_fn=<MseLossBackward0>)
Epoch  48 | Loss: 893.837669
tensor(581.0675, device='cuda:0', grad_fn=<MseLossBackward0>)
tensor(570.6718, device='cuda:0', grad_fn=<MseLossBackward0>)
tensor(548.8282, device='cuda:0', grad_fn=<MseLossBackward0>)
tensor(547.2906, device='cuda:0', grad_fn=<MseLossBackward0>)
tensor(542.6325, device='cuda:0', grad_fn=<MseLossBackward0>)
tensor(537.0012, device='cuda:0', grad_fn=<MseLossBackward0>)
tensor(547.7880, device='cuda:0', grad_fn=<MseLossBackward0>)
tensor(510.3502, device='cuda:0', grad_fn=<MseLossBackward0>)
Epoch  49 | Loss: 845.561432
tensor(534.9575, device='cuda:0', grad_fn=<MseLossBackward0>)
tensor(529.4516, device='cuda:0', grad_fn=<MseLossBackward0>)
tensor(526.4323, device='cuda:0', grad_fn=<MseLossBackward0>)
tensor(519.3425, device='cuda:0', grad_fn=<MseLossBackward0>)
tensor(509.2411, device='cuda:0', grad_fn=<MseLossBackward0>)
tensor(516.5002, device='cuda:0', grad_fn=<MseLossBackward0>)
tensor(496.5147, device='cuda:0', grad_fn=<MseLossBackward0>)
tensor(500.5430, device='cuda:0', grad_fn=<MseLossBackward0>)
Epoch  50 | Loss: 792.300446
tensor(501.1111, device='cuda:0', grad_fn=<MseLossBackward0>)
tensor(500.1255, device='cuda:0', grad_fn=<MseLossBackward0>)
tensor(489.0783, device='cuda:0', grad_fn=<MseLossBackward0>)
tensor(478.0180, device='cuda:0', grad_fn=<MseLossBackward0>)
tensor(499.5667, device='cuda:0', grad_fn=<MseLossBackward0>)
tensor(479.8018, device='cuda:0', grad_fn=<MseLossBackward0>)
tensor(461.6526, device='cuda:0', grad_fn=<MseLossBackward0>)
tensor(443.4702, device='cuda:0', grad_fn=<MseLossBackward0>)
Epoch  51 | Loss: 755.191322
tensor(451.1040, device='cuda:0', grad_fn=<MseLossBackward0>)
tensor(462.5377, device='cuda:0', grad_fn=<MseLossBackward0>)
tensor(469.0807, device='cuda:0', grad_fn=<MseLossBackward0>)
tensor(441.3428, device='cuda:0', grad_fn=<MseLossBackward0>)
tensor(447.1190, device='cuda:0', grad_fn=<MseLossBackward0>)
tensor(440.8752, device='cuda:0', grad_fn=<MseLossBackward0>)
tensor(442.3061, device='cuda:0', grad_fn=<MseLossBackward0>)
tensor(425.5727, device='cuda:0', grad_fn=<MseLossBackward0>)
Epoch  52 | Loss: 712.136200
tensor(427.7138, device='cuda:0', grad_fn=<MseLossBackward0>)
tensor(418.7390, device='cuda:0', grad_fn=<MseLossBackward0>)
tensor(429.6869, device='cuda:0', grad_fn=<MseLossBackward0>)
tensor(420.4051, device='cuda:0', grad_fn=<MseLossBackward0>)
tensor(414.1010, device='cuda:0', grad_fn=<MseLossBackward0>)
tensor(403.1304, device='cuda:0', grad_fn=<MseLossBackward0>)
tensor(406.4002, device='cuda:0', grad_fn=<MseLossBackward0>)
tensor(400.7299, device='cuda:0', grad_fn=<MseLossBackward0>)
Epoch  53 | Loss: 669.955162
tensor(397.0778, device='cuda:0', grad_fn=<MseLossBackward0>)
tensor(400.1826, device='cuda:0', grad_fn=<MseLossBackward0>)
tensor(374.5858, device='cuda:0', grad_fn=<MseLossBackward0>)
tensor(389.5976, device='cuda:0', grad_fn=<MseLossBackward0>)
tensor(386.5275, device='cuda:0', grad_fn=<MseLossBackward0>)
tensor(400.6245, device='cuda:0', grad_fn=<MseLossBackward0>)
tensor(386.3435, device='cuda:0', grad_fn=<MseLossBackward0>)
tensor(368.1692, device='cuda:0', grad_fn=<MseLossBackward0>)
Epoch  54 | Loss: 628.004959
tensor(377.3062, device='cuda:0', grad_fn=<MseLossBackward0>)
tensor(375.4552, device='cuda:0', grad_fn=<MseLossBackward0>)
tensor(363.2775, device='cuda:0', grad_fn=<MseLossBackward0>)
tensor(366.6488, device='cuda:0', grad_fn=<MseLossBackward0>)
tensor(363.9468, device='cuda:0', grad_fn=<MseLossBackward0>)
tensor(357.3080, device='cuda:0', grad_fn=<MseLossBackward0>)
tensor(359.5168, device='cuda:0', grad_fn=<MseLossBackward0>)
tensor(363.2981, device='cuda:0', grad_fn=<MseLossBackward0>)
Epoch  55 | Loss: 604.149727
tensor(359.5653, device='cuda:0', grad_fn=<MseLossBackward0>)
tensor(348.4928, device='cuda:0', grad_fn=<MseLossBackward0>)
tensor(351.4190, device='cuda:0', grad_fn=<MseLossBackward0>)
tensor(347.9373, device='cuda:0', grad_fn=<MseLossBackward0>)
tensor(347.5039, device='cuda:0', grad_fn=<MseLossBackward0>)
tensor(342.2521, device='cuda:0', grad_fn=<MseLossBackward0>)
tensor(337.6486, device='cuda:0', grad_fn=<MseLossBackward0>)
tensor(345.8417, device='cuda:0', grad_fn=<MseLossBackward0>)
Epoch  56 | Loss: 580.287323
tensor(343.6758, device='cuda:0', grad_fn=<MseLossBackward0>)
tensor(341.7779, device='cuda:0', grad_fn=<MseLossBackward0>)
tensor(338.8271, device='cuda:0', grad_fn=<MseLossBackward0>)
tensor(317.9473, device='cuda:0', grad_fn=<MseLossBackward0>)
tensor(322.3126, device='cuda:0', grad_fn=<MseLossBackward0>)
tensor(324.6720, device='cuda:0', grad_fn=<MseLossBackward0>)
tensor(347.9430, device='cuda:0', grad_fn=<MseLossBackward0>)
tensor(340.6815, device='cuda:0', grad_fn=<MseLossBackward0>)
Epoch  57 | Loss: 577.051384
tensor(326.2679, device='cuda:0', grad_fn=<MseLossBackward0>)
tensor(331.6091, device='cuda:0', grad_fn=<MseLossBackward0>)
tensor(327.2228, device='cuda:0', grad_fn=<MseLossBackward0>)
tensor(326.2118, device='cuda:0', grad_fn=<MseLossBackward0>)
tensor(319.9558, device='cuda:0', grad_fn=<MseLossBackward0>)
tensor(318.0994, device='cuda:0', grad_fn=<MseLossBackward0>)
tensor(327.3981, device='cuda:0', grad_fn=<MseLossBackward0>)
tensor(336.3870, device='cuda:0', grad_fn=<MseLossBackward0>)
Epoch  58 | Loss: 543.786980
tensor(329.5562, device='cuda:0', grad_fn=<MseLossBackward0>)
tensor(306.0563, device='cuda:0', grad_fn=<MseLossBackward0>)
tensor(319.4691, device='cuda:0', grad_fn=<MseLossBackward0>)
tensor(309.5755, device='cuda:0', grad_fn=<MseLossBackward0>)
tensor(323.3516, device='cuda:0', grad_fn=<MseLossBackward0>)
tensor(321.3914, device='cuda:0', grad_fn=<MseLossBackward0>)
tensor(319.6481, device='cuda:0', grad_fn=<MseLossBackward0>)
tensor(321.0964, device='cuda:0', grad_fn=<MseLossBackward0>)
Epoch  59 | Loss: 520.958107
tensor(303.7279, device='cuda:0', grad_fn=<MseLossBackward0>)
tensor(309.6973, device='cuda:0', grad_fn=<MseLossBackward0>)
tensor(314.4560, device='cuda:0', grad_fn=<MseLossBackward0>)
tensor(309.0138, device='cuda:0', grad_fn=<MseLossBackward0>)
tensor(321.9308, device='cuda:0', grad_fn=<MseLossBackward0>)
tensor(306.3509, device='cuda:0', grad_fn=<MseLossBackward0>)
tensor(307.3376, device='cuda:0', grad_fn=<MseLossBackward0>)
tensor(315.0977, device='cuda:0', grad_fn=<MseLossBackward0>)
Epoch  60 | Loss: 512.143299
tensor(312.5172, device='cuda:0', grad_fn=<MseLossBackward0>)
tensor(313.6300, device='cuda:0', grad_fn=<MseLossBackward0>)
tensor(300.7385, device='cuda:0', grad_fn=<MseLossBackward0>)
tensor(307.8520, device='cuda:0', grad_fn=<MseLossBackward0>)
tensor(306.4079, device='cuda:0', grad_fn=<MseLossBackward0>)
tensor(308.5281, device='cuda:0', grad_fn=<MseLossBackward0>)
tensor(299.2894, device='cuda:0', grad_fn=<MseLossBackward0>)
tensor(288.5104, device='cuda:0', grad_fn=<MseLossBackward0>)
Epoch  61 | Loss: 497.490524
tensor(296.3404, device='cuda:0', grad_fn=<MseLossBackward0>)
tensor(295.2233, device='cuda:0', grad_fn=<MseLossBackward0>)
tensor(310.2871, device='cuda:0', grad_fn=<MseLossBackward0>)
tensor(294.9548, device='cuda:0', grad_fn=<MseLossBackward0>)
tensor(306.0617, device='cuda:0', grad_fn=<MseLossBackward0>)
tensor(301.5699, device='cuda:0', grad_fn=<MseLossBackward0>)
tensor(294.4056, device='cuda:0', grad_fn=<MseLossBackward0>)
tensor(301.5974, device='cuda:0', grad_fn=<MseLossBackward0>)
Epoch  62 | Loss: 489.800945
tensor(303.2330, device='cuda:0', grad_fn=<MseLossBackward0>)
tensor(285.7540, device='cuda:0', grad_fn=<MseLossBackward0>)
tensor(284.2985, device='cuda:0', grad_fn=<MseLossBackward0>)
tensor(305.2562, device='cuda:0', grad_fn=<MseLossBackward0>)
tensor(293.0006, device='cuda:0', grad_fn=<MseLossBackward0>)
tensor(294.6741, device='cuda:0', grad_fn=<MseLossBackward0>)
tensor(301.4622, device='cuda:0', grad_fn=<MseLossBackward0>)
tensor(298.4999, device='cuda:0', grad_fn=<MseLossBackward0>)
Epoch  63 | Loss: 498.557472
tensor(307.9826, device='cuda:0', grad_fn=<MseLossBackward0>)
tensor(293.8438, device='cuda:0', grad_fn=<MseLossBackward0>)
tensor(292.2707, device='cuda:0', grad_fn=<MseLossBackward0>)
tensor(284.0869, device='cuda:0', grad_fn=<MseLossBackward0>)
tensor(293.5026, device='cuda:0', grad_fn=<MseLossBackward0>)
tensor(294.0438, device='cuda:0', grad_fn=<MseLossBackward0>)
tensor(288.8358, device='cuda:0', grad_fn=<MseLossBackward0>)
tensor(283.1610, device='cuda:0', grad_fn=<MseLossBackward0>)
Epoch  64 | Loss: 482.092026
tensor(293.0409, device='cuda:0', grad_fn=<MseLossBackward0>)
tensor(285.0274, device='cuda:0', grad_fn=<MseLossBackward0>)
tensor(296.8691, device='cuda:0', grad_fn=<MseLossBackward0>)
tensor(295.3606, device='cuda:0', grad_fn=<MseLossBackward0>)
tensor(291.9422, device='cuda:0', grad_fn=<MseLossBackward0>)
tensor(278.3347, device='cuda:0', grad_fn=<MseLossBackward0>)
tensor(284.0075, device='cuda:0', grad_fn=<MseLossBackward0>)
tensor(286.4967, device='cuda:0', grad_fn=<MseLossBackward0>)
Epoch  65 | Loss: 473.848167
tensor(291.2685, device='cuda:0', grad_fn=<MseLossBackward0>)
tensor(289.7690, device='cuda:0', grad_fn=<MseLossBackward0>)
tensor(286.1355, device='cuda:0', grad_fn=<MseLossBackward0>)
tensor(292.7114, device='cuda:0', grad_fn=<MseLossBackward0>)
tensor(280.6460, device='cuda:0', grad_fn=<MseLossBackward0>)
tensor(285.4518, device='cuda:0', grad_fn=<MseLossBackward0>)
tensor(278.6078, device='cuda:0', grad_fn=<MseLossBackward0>)
tensor(285.1551, device='cuda:0', grad_fn=<MseLossBackward0>)
Epoch  66 | Loss: 463.293236
tensor(281.9973, device='cuda:0', grad_fn=<MseLossBackward0>)
tensor(286.8423, device='cuda:0', grad_fn=<MseLossBackward0>)
tensor(281.5130, device='cuda:0', grad_fn=<MseLossBackward0>)
tensor(279.7482, device='cuda:0', grad_fn=<MseLossBackward0>)
tensor(293.4611, device='cuda:0', grad_fn=<MseLossBackward0>)
tensor(275.6807, device='cuda:0', grad_fn=<MseLossBackward0>)
tensor(281.5040, device='cuda:0', grad_fn=<MseLossBackward0>)
tensor(287.8188, device='cuda:0', grad_fn=<MseLossBackward0>)
Epoch  67 | Loss: 457.898796
tensor(283.5193, device='cuda:0', grad_fn=<MseLossBackward0>)
tensor(282.6205, device='cuda:0', grad_fn=<MseLossBackward0>)
tensor(271.4630, device='cuda:0', grad_fn=<MseLossBackward0>)
tensor(299.4861, device='cuda:0', grad_fn=<MseLossBackward0>)
tensor(272.3169, device='cuda:0', grad_fn=<MseLossBackward0>)
tensor(280.1003, device='cuda:0', grad_fn=<MseLossBackward0>)
tensor(280.4098, device='cuda:0', grad_fn=<MseLossBackward0>)
tensor(276.9250, device='cuda:0', grad_fn=<MseLossBackward0>)
Epoch  68 | Loss: 454.238384
tensor(277.4430, device='cuda:0', grad_fn=<MseLossBackward0>)
tensor(288.9222, device='cuda:0', grad_fn=<MseLossBackward0>)
tensor(292.9688, device='cuda:0', grad_fn=<MseLossBackward0>)
tensor(268.9664, device='cuda:0', grad_fn=<MseLossBackward0>)
tensor(271.7251, device='cuda:0', grad_fn=<MseLossBackward0>)
tensor(275.1171, device='cuda:0', grad_fn=<MseLossBackward0>)
tensor(283.2289, device='cuda:0', grad_fn=<MseLossBackward0>)
tensor(266.7366, device='cuda:0', grad_fn=<MseLossBackward0>)
Epoch  69 | Loss: 453.371704
tensor(276.2682, device='cuda:0', grad_fn=<MseLossBackward0>)
tensor(270.7543, device='cuda:0', grad_fn=<MseLossBackward0>)
tensor(272.5606, device='cuda:0', grad_fn=<MseLossBackward0>)
tensor(284.5500, device='cuda:0', grad_fn=<MseLossBackward0>)
tensor(275.3277, device='cuda:0', grad_fn=<MseLossBackward0>)
tensor(273.9968, device='cuda:0', grad_fn=<MseLossBackward0>)
tensor(277.1512, device='cuda:0', grad_fn=<MseLossBackward0>)
tensor(279.3922, device='cuda:0', grad_fn=<MseLossBackward0>)
Epoch  70 | Loss: 446.787357
tensor(267.0454, device='cuda:0', grad_fn=<MseLossBackward0>)
tensor(262.3827, device='cuda:0', grad_fn=<MseLossBackward0>)
tensor(273.6725, device='cuda:0', grad_fn=<MseLossBackward0>)
tensor(270.0649, device='cuda:0', grad_fn=<MseLossBackward0>)
tensor(281.6754, device='cuda:0', grad_fn=<MseLossBackward0>)
tensor(289.9849, device='cuda:0', grad_fn=<MseLossBackward0>)
tensor(280.1969, device='cuda:0', grad_fn=<MseLossBackward0>)
tensor(266.9574, device='cuda:0', grad_fn=<MseLossBackward0>)
Epoch  71 | Loss: 438.703285
tensor(270.2976, device='cuda:0', grad_fn=<MseLossBackward0>)
tensor(273.0332, device='cuda:0', grad_fn=<MseLossBackward0>)
tensor(276.0902, device='cuda:0', grad_fn=<MseLossBackward0>)
tensor(265.5418, device='cuda:0', grad_fn=<MseLossBackward0>)
tensor(277.3986, device='cuda:0', grad_fn=<MseLossBackward0>)
tensor(267.7551, device='cuda:0', grad_fn=<MseLossBackward0>)
tensor(275.8017, device='cuda:0', grad_fn=<MseLossBackward0>)
tensor(271.7005, device='cuda:0', grad_fn=<MseLossBackward0>)
Epoch  72 | Loss: 437.142296
tensor(266.7260, device='cuda:0', grad_fn=<MseLossBackward0>)
tensor(276.4114, device='cuda:0', grad_fn=<MseLossBackward0>)
tensor(268.5834, device='cuda:0', grad_fn=<MseLossBackward0>)
tensor(275.2086, device='cuda:0', grad_fn=<MseLossBackward0>)
tensor(274.3506, device='cuda:0', grad_fn=<MseLossBackward0>)
tensor(267.1781, device='cuda:0', grad_fn=<MseLossBackward0>)
tensor(269.3971, device='cuda:0', grad_fn=<MseLossBackward0>)
tensor(264.0394, device='cuda:0', grad_fn=<MseLossBackward0>)
Epoch  73 | Loss: 433.291065
tensor(277.3145, device='cuda:0', grad_fn=<MseLossBackward0>)
tensor(276.3156, device='cuda:0', grad_fn=<MseLossBackward0>)
tensor(265.9594, device='cuda:0', grad_fn=<MseLossBackward0>)
tensor(257.4830, device='cuda:0', grad_fn=<MseLossBackward0>)
tensor(271.6562, device='cuda:0', grad_fn=<MseLossBackward0>)
tensor(266.7523, device='cuda:0', grad_fn=<MseLossBackward0>)
tensor(276.4667, device='cuda:0', grad_fn=<MseLossBackward0>)
tensor(254.2184, device='cuda:0', grad_fn=<MseLossBackward0>)
Epoch  74 | Loss: 436.586319
tensor(259.2713, device='cuda:0', grad_fn=<MseLossBackward0>)
tensor(267.1866, device='cuda:0', grad_fn=<MseLossBackward0>)
tensor(273.9548, device='cuda:0', grad_fn=<MseLossBackward0>)
tensor(258.9181, device='cuda:0', grad_fn=<MseLossBackward0>)
tensor(269.0440, device='cuda:0', grad_fn=<MseLossBackward0>)
tensor(265.4245, device='cuda:0', grad_fn=<MseLossBackward0>)
tensor(267.2361, device='cuda:0', grad_fn=<MseLossBackward0>)
tensor(275.9252, device='cuda:0', grad_fn=<MseLossBackward0>)
Epoch  75 | Loss: 446.911190
tensor(265.5825, device='cuda:0', grad_fn=<MseLossBackward0>)
tensor(263.7722, device='cuda:0', grad_fn=<MseLossBackward0>)
tensor(267.6525, device='cuda:0', grad_fn=<MseLossBackward0>)
tensor(253.5355, device='cuda:0', grad_fn=<MseLossBackward0>)
tensor(267.9298, device='cuda:0', grad_fn=<MseLossBackward0>)
tensor(277.6832, device='cuda:0', grad_fn=<MseLossBackward0>)
tensor(261.8167, device='cuda:0', grad_fn=<MseLossBackward0>)
tensor(267.4243, device='cuda:0', grad_fn=<MseLossBackward0>)
Epoch  76 | Loss: 430.897938
tensor(261.9018, device='cuda:0', grad_fn=<MseLossBackward0>)
tensor(273.1333, device='cuda:0', grad_fn=<MseLossBackward0>)
tensor(265.0607, device='cuda:0', grad_fn=<MseLossBackward0>)
tensor(258.5050, device='cuda:0', grad_fn=<MseLossBackward0>)
tensor(273.6086, device='cuda:0', grad_fn=<MseLossBackward0>)
tensor(257.8690, device='cuda:0', grad_fn=<MseLossBackward0>)
tensor(251.3253, device='cuda:0', grad_fn=<MseLossBackward0>)
tensor(272.7926, device='cuda:0', grad_fn=<MseLossBackward0>)
Epoch  77 | Loss: 423.843735
tensor(260.9116, device='cuda:0', grad_fn=<MseLossBackward0>)
tensor(259.2322, device='cuda:0', grad_fn=<MseLossBackward0>)
tensor(267.5407, device='cuda:0', grad_fn=<MseLossBackward0>)
tensor(266.4175, device='cuda:0', grad_fn=<MseLossBackward0>)
tensor(262.7634, device='cuda:0', grad_fn=<MseLossBackward0>)
tensor(262.5097, device='cuda:0', grad_fn=<MseLossBackward0>)
tensor(262.4667, device='cuda:0', grad_fn=<MseLossBackward0>)
tensor(258.9258, device='cuda:0', grad_fn=<MseLossBackward0>)
Epoch  78 | Loss: 417.158638
tensor(259.7891, device='cuda:0', grad_fn=<MseLossBackward0>)
tensor(254.5294, device='cuda:0', grad_fn=<MseLossBackward0>)
tensor(259.6218, device='cuda:0', grad_fn=<MseLossBackward0>)
tensor(257.0170, device='cuda:0', grad_fn=<MseLossBackward0>)
tensor(261.9833, device='cuda:0', grad_fn=<MseLossBackward0>)
tensor(267.3683, device='cuda:0', grad_fn=<MseLossBackward0>)
tensor(273.5089, device='cuda:0', grad_fn=<MseLossBackward0>)
tensor(254.2825, device='cuda:0', grad_fn=<MseLossBackward0>)
Epoch  79 | Loss: 413.538906
tensor(253.1193, device='cuda:0', grad_fn=<MseLossBackward0>)
tensor(272.3193, device='cuda:0', grad_fn=<MseLossBackward0>)
tensor(259.3463, device='cuda:0', grad_fn=<MseLossBackward0>)
tensor(254.2655, device='cuda:0', grad_fn=<MseLossBackward0>)
tensor(264.6752, device='cuda:0', grad_fn=<MseLossBackward0>)
tensor(256.5350, device='cuda:0', grad_fn=<MseLossBackward0>)
tensor(252.1576, device='cuda:0', grad_fn=<MseLossBackward0>)
tensor(266.0648, device='cuda:0', grad_fn=<MseLossBackward0>)
Epoch  80 | Loss: 412.146069
tensor(252.4776, device='cuda:0', grad_fn=<MseLossBackward0>)
tensor(255.9568, device='cuda:0', grad_fn=<MseLossBackward0>)
tensor(265.0164, device='cuda:0', grad_fn=<MseLossBackward0>)
tensor(266.0580, device='cuda:0', grad_fn=<MseLossBackward0>)
tensor(251.9037, device='cuda:0', grad_fn=<MseLossBackward0>)
tensor(254.5453, device='cuda:0', grad_fn=<MseLossBackward0>)
tensor(264.5990, device='cuda:0', grad_fn=<MseLossBackward0>)
tensor(254.8034, device='cuda:0', grad_fn=<MseLossBackward0>)
Epoch  81 | Loss: 417.657139
tensor(256.5533, device='cuda:0', grad_fn=<MseLossBackward0>)
tensor(256.2400, device='cuda:0', grad_fn=<MseLossBackward0>)
tensor(256.2989, device='cuda:0', grad_fn=<MseLossBackward0>)
tensor(258.6485, device='cuda:0', grad_fn=<MseLossBackward0>)
tensor(261.5530, device='cuda:0', grad_fn=<MseLossBackward0>)
tensor(262.9350, device='cuda:0', grad_fn=<MseLossBackward0>)
tensor(264.3387, device='cuda:0', grad_fn=<MseLossBackward0>)
tensor(235.5605, device='cuda:0', grad_fn=<MseLossBackward0>)
Epoch  82 | Loss: 409.074406
tensor(249.7459, device='cuda:0', grad_fn=<MseLossBackward0>)
tensor(258.3749, device='cuda:0', grad_fn=<MseLossBackward0>)
tensor(259.1360, device='cuda:0', grad_fn=<MseLossBackward0>)
tensor(266.5568, device='cuda:0', grad_fn=<MseLossBackward0>)
tensor(251.9592, device='cuda:0', grad_fn=<MseLossBackward0>)
tensor(254.1198, device='cuda:0', grad_fn=<MseLossBackward0>)
tensor(250.7068, device='cuda:0', grad_fn=<MseLossBackward0>)
tensor(253.8432, device='cuda:0', grad_fn=<MseLossBackward0>)
Epoch  83 | Loss: 427.094730
tensor(252.3821, device='cuda:0', grad_fn=<MseLossBackward0>)
tensor(254.7009, device='cuda:0', grad_fn=<MseLossBackward0>)
tensor(256.1296, device='cuda:0', grad_fn=<MseLossBackward0>)
tensor(255.0830, device='cuda:0', grad_fn=<MseLossBackward0>)
tensor(257.5369, device='cuda:0', grad_fn=<MseLossBackward0>)
tensor(258.0661, device='cuda:0', grad_fn=<MseLossBackward0>)
tensor(254.5329, device='cuda:0', grad_fn=<MseLossBackward0>)
tensor(247.1069, device='cuda:0', grad_fn=<MseLossBackward0>)
Epoch  84 | Loss: 422.010288
tensor(254.3187, device='cuda:0', grad_fn=<MseLossBackward0>)
tensor(256.1537, device='cuda:0', grad_fn=<MseLossBackward0>)
tensor(256.1834, device='cuda:0', grad_fn=<MseLossBackward0>)
tensor(248.8179, device='cuda:0', grad_fn=<MseLossBackward0>)
tensor(242.9217, device='cuda:0', grad_fn=<MseLossBackward0>)
tensor(246.7378, device='cuda:0', grad_fn=<MseLossBackward0>)
tensor(263.8212, device='cuda:0', grad_fn=<MseLossBackward0>)
tensor(257.3124, device='cuda:0', grad_fn=<MseLossBackward0>)
Epoch  85 | Loss: 433.506542
tensor(258.5159, device='cuda:0', grad_fn=<MseLossBackward0>)
tensor(245.9074, device='cuda:0', grad_fn=<MseLossBackward0>)
tensor(254.4361, device='cuda:0', grad_fn=<MseLossBackward0>)
tensor(246.8562, device='cuda:0', grad_fn=<MseLossBackward0>)
tensor(260.4980, device='cuda:0', grad_fn=<MseLossBackward0>)
tensor(249.4934, device='cuda:0', grad_fn=<MseLossBackward0>)
tensor(247.7666, device='cuda:0', grad_fn=<MseLossBackward0>)
tensor(257.5977, device='cuda:0', grad_fn=<MseLossBackward0>)
Epoch  86 | Loss: 425.618538
tensor(245.9704, device='cuda:0', grad_fn=<MseLossBackward0>)
tensor(245.2157, device='cuda:0', grad_fn=<MseLossBackward0>)
tensor(259.2633, device='cuda:0', grad_fn=<MseLossBackward0>)
tensor(255.5923, device='cuda:0', grad_fn=<MseLossBackward0>)
tensor(257.5853, device='cuda:0', grad_fn=<MseLossBackward0>)
tensor(251.8205, device='cuda:0', grad_fn=<MseLossBackward0>)
tensor(249.1493, device='cuda:0', grad_fn=<MseLossBackward0>)
tensor(245.8916, device='cuda:0', grad_fn=<MseLossBackward0>)
Epoch  87 | Loss: 409.239746
tensor(249.8591, device='cuda:0', grad_fn=<MseLossBackward0>)
tensor(247.1642, device='cuda:0', grad_fn=<MseLossBackward0>)
tensor(244.1316, device='cuda:0', grad_fn=<MseLossBackward0>)
tensor(253.6213, device='cuda:0', grad_fn=<MseLossBackward0>)
tensor(254.6296, device='cuda:0', grad_fn=<MseLossBackward0>)
tensor(254.0496, device='cuda:0', grad_fn=<MseLossBackward0>)
tensor(251.5561, device='cuda:0', grad_fn=<MseLossBackward0>)
tensor(246.3989, device='cuda:0', grad_fn=<MseLossBackward0>)
Epoch  88 | Loss: 400.960285
tensor(243.0589, device='cuda:0', grad_fn=<MseLossBackward0>)
tensor(251.0896, device='cuda:0', grad_fn=<MseLossBackward0>)
tensor(253.7609, device='cuda:0', grad_fn=<MseLossBackward0>)
tensor(247.7257, device='cuda:0', grad_fn=<MseLossBackward0>)
tensor(243.8369, device='cuda:0', grad_fn=<MseLossBackward0>)
tensor(254.7442, device='cuda:0', grad_fn=<MseLossBackward0>)
tensor(255.1177, device='cuda:0', grad_fn=<MseLossBackward0>)
tensor(242.5779, device='cuda:0', grad_fn=<MseLossBackward0>)
Epoch  89 | Loss: 392.056232
tensor(247.9754, device='cuda:0', grad_fn=<MseLossBackward0>)
tensor(248.3596, device='cuda:0', grad_fn=<MseLossBackward0>)
tensor(238.1626, device='cuda:0', grad_fn=<MseLossBackward0>)
tensor(243.3428, device='cuda:0', grad_fn=<MseLossBackward0>)
tensor(250.8725, device='cuda:0', grad_fn=<MseLossBackward0>)
tensor(258.6438, device='cuda:0', grad_fn=<MseLossBackward0>)
tensor(250.6243, device='cuda:0', grad_fn=<MseLossBackward0>)
tensor(245.1882, device='cuda:0', grad_fn=<MseLossBackward0>)
Epoch  90 | Loss: 388.348259
tensor(244.4105, device='cuda:0', grad_fn=<MseLossBackward0>)
tensor(245.1225, device='cuda:0', grad_fn=<MseLossBackward0>)
tensor(244.2710, device='cuda:0', grad_fn=<MseLossBackward0>)
tensor(255.6159, device='cuda:0', grad_fn=<MseLossBackward0>)
tensor(238.5656, device='cuda:0', grad_fn=<MseLossBackward0>)
tensor(245.1133, device='cuda:0', grad_fn=<MseLossBackward0>)
tensor(249.5604, device='cuda:0', grad_fn=<MseLossBackward0>)
tensor(252.5346, device='cuda:0', grad_fn=<MseLossBackward0>)
Epoch  91 | Loss: 389.072506
tensor(241.9798, device='cuda:0', grad_fn=<MseLossBackward0>)
tensor(241.9545, device='cuda:0', grad_fn=<MseLossBackward0>)
tensor(237.8504, device='cuda:0', grad_fn=<MseLossBackward0>)
tensor(247.8191, device='cuda:0', grad_fn=<MseLossBackward0>)
tensor(249.4848, device='cuda:0', grad_fn=<MseLossBackward0>)
tensor(256.3403, device='cuda:0', grad_fn=<MseLossBackward0>)
tensor(245.0447, device='cuda:0', grad_fn=<MseLossBackward0>)
tensor(244.3661, device='cuda:0', grad_fn=<MseLossBackward0>)
Epoch  92 | Loss: 385.647800
tensor(243.3035, device='cuda:0', grad_fn=<MseLossBackward0>)
tensor(235.8178, device='cuda:0', grad_fn=<MseLossBackward0>)
tensor(243.5356, device='cuda:0', grad_fn=<MseLossBackward0>)
tensor(250.9835, device='cuda:0', grad_fn=<MseLossBackward0>)
tensor(241.0111, device='cuda:0', grad_fn=<MseLossBackward0>)
tensor(249.0081, device='cuda:0', grad_fn=<MseLossBackward0>)
tensor(247.1425, device='cuda:0', grad_fn=<MseLossBackward0>)
tensor(245.5856, device='cuda:0', grad_fn=<MseLossBackward0>)
Epoch  93 | Loss: 383.829090
tensor(248.4512, device='cuda:0', grad_fn=<MseLossBackward0>)
tensor(240.3281, device='cuda:0', grad_fn=<MseLossBackward0>)
tensor(241.5283, device='cuda:0', grad_fn=<MseLossBackward0>)
tensor(251.2530, device='cuda:0', grad_fn=<MseLossBackward0>)
tensor(245.8559, device='cuda:0', grad_fn=<MseLossBackward0>)
tensor(240.8574, device='cuda:0', grad_fn=<MseLossBackward0>)
tensor(238.1526, device='cuda:0', grad_fn=<MseLossBackward0>)
tensor(241.1216, device='cuda:0', grad_fn=<MseLossBackward0>)
Epoch  94 | Loss: 380.820374
tensor(238.3122, device='cuda:0', grad_fn=<MseLossBackward0>)
tensor(249.3104, device='cuda:0', grad_fn=<MseLossBackward0>)
tensor(250.9904, device='cuda:0', grad_fn=<MseLossBackward0>)
tensor(237.3502, device='cuda:0', grad_fn=<MseLossBackward0>)
tensor(239.6426, device='cuda:0', grad_fn=<MseLossBackward0>)
tensor(246.1808, device='cuda:0', grad_fn=<MseLossBackward0>)
tensor(238.6040, device='cuda:0', grad_fn=<MseLossBackward0>)
tensor(238.6271, device='cuda:0', grad_fn=<MseLossBackward0>)
Epoch  95 | Loss: 378.772533
tensor(246.2158, device='cuda:0', grad_fn=<MseLossBackward0>)
tensor(242.6714, device='cuda:0', grad_fn=<MseLossBackward0>)
tensor(237.7716, device='cuda:0', grad_fn=<MseLossBackward0>)
tensor(244.7374, device='cuda:0', grad_fn=<MseLossBackward0>)
tensor(227.3519, device='cuda:0', grad_fn=<MseLossBackward0>)
tensor(247.4541, device='cuda:0', grad_fn=<MseLossBackward0>)
tensor(249.5076, device='cuda:0', grad_fn=<MseLossBackward0>)
tensor(234.5972, device='cuda:0', grad_fn=<MseLossBackward0>)
Epoch  96 | Loss: 381.859093
tensor(234.8896, device='cuda:0', grad_fn=<MseLossBackward0>)
tensor(238.7309, device='cuda:0', grad_fn=<MseLossBackward0>)
tensor(236.3546, device='cuda:0', grad_fn=<MseLossBackward0>)
tensor(248.9630, device='cuda:0', grad_fn=<MseLossBackward0>)
tensor(242.8488, device='cuda:0', grad_fn=<MseLossBackward0>)
tensor(248.1438, device='cuda:0', grad_fn=<MseLossBackward0>)
tensor(241.1179, device='cuda:0', grad_fn=<MseLossBackward0>)
tensor(231.8291, device='cuda:0', grad_fn=<MseLossBackward0>)
Epoch  97 | Loss: 382.241039
tensor(232.2473, device='cuda:0', grad_fn=<MseLossBackward0>)
tensor(241.6638, device='cuda:0', grad_fn=<MseLossBackward0>)
tensor(240.0129, device='cuda:0', grad_fn=<MseLossBackward0>)
tensor(241.1036, device='cuda:0', grad_fn=<MseLossBackward0>)
tensor(242.6371, device='cuda:0', grad_fn=<MseLossBackward0>)
tensor(235.2969, device='cuda:0', grad_fn=<MseLossBackward0>)
tensor(239.5137, device='cuda:0', grad_fn=<MseLossBackward0>)
tensor(244.8132, device='cuda:0', grad_fn=<MseLossBackward0>)
Epoch  98 | Loss: 380.433212
tensor(246.7097, device='cuda:0', grad_fn=<MseLossBackward0>)
tensor(239.3325, device='cuda:0', grad_fn=<MseLossBackward0>)
tensor(236.5649, device='cuda:0', grad_fn=<MseLossBackward0>)
tensor(235.2440, device='cuda:0', grad_fn=<MseLossBackward0>)
tensor(242.8634, device='cuda:0', grad_fn=<MseLossBackward0>)
tensor(236.9657, device='cuda:0', grad_fn=<MseLossBackward0>)
tensor(237.3607, device='cuda:0', grad_fn=<MseLossBackward0>)
tensor(234.3291, device='cuda:0', grad_fn=<MseLossBackward0>)
Epoch  99 | Loss: 379.931740
tensor(247.7495, device='cuda:0', grad_fn=<MseLossBackward0>)
tensor(236.4230, device='cuda:0', grad_fn=<MseLossBackward0>)
tensor(235.0782, device='cuda:0', grad_fn=<MseLossBackward0>)
tensor(243.9937, device='cuda:0', grad_fn=<MseLossBackward0>)
tensor(245.2521, device='cuda:0', grad_fn=<MseLossBackward0>)
tensor(227.5410, device='cuda:0', grad_fn=<MseLossBackward0>)
tensor(230.9595, device='cuda:0', grad_fn=<MseLossBackward0>)
tensor(234.8862, device='cuda:0', grad_fn=<MseLossBackward0>)
Epoch 100 | Loss: 378.805355
tensor(235.7151, device='cuda:0', grad_fn=<MseLossBackward0>)
tensor(247.1116, device='cuda:0', grad_fn=<MseLossBackward0>)
tensor(240.3114, device='cuda:0', grad_fn=<MseLossBackward0>)
tensor(224.7199, device='cuda:0', grad_fn=<MseLossBackward0>)
tensor(240.8738, device='cuda:0', grad_fn=<MseLossBackward0>)
tensor(232.4157, device='cuda:0', grad_fn=<MseLossBackward0>)
tensor(239.9002, device='cuda:0', grad_fn=<MseLossBackward0>)
tensor(235.0339, device='cuda:0', grad_fn=<MseLossBackward0>)
Epoch 101 | Loss: 390.867577
tensor(233.9093, device='cuda:0', grad_fn=<MseLossBackward0>)
tensor(241.1683, device='cuda:0', grad_fn=<MseLossBackward0>)
tensor(245.3488, device='cuda:0', grad_fn=<MseLossBackward0>)
tensor(242.8737, device='cuda:0', grad_fn=<MseLossBackward0>)
tensor(233.1133, device='cuda:0', grad_fn=<MseLossBackward0>)
tensor(233.7810, device='cuda:0', grad_fn=<MseLossBackward0>)
tensor(228.3998, device='cuda:0', grad_fn=<MseLossBackward0>)
tensor(230.8333, device='cuda:0', grad_fn=<MseLossBackward0>)
Epoch 102 | Loss: 376.717922
tensor(234.8574, device='cuda:0', grad_fn=<MseLossBackward0>)
tensor(231.0670, device='cuda:0', grad_fn=<MseLossBackward0>)
tensor(236.5191, device='cuda:0', grad_fn=<MseLossBackward0>)
tensor(238.2378, device='cuda:0', grad_fn=<MseLossBackward0>)
tensor(243.7177, device='cuda:0', grad_fn=<MseLossBackward0>)
tensor(230.2498, device='cuda:0', grad_fn=<MseLossBackward0>)
tensor(233.0439, device='cuda:0', grad_fn=<MseLossBackward0>)
tensor(237.0032, device='cuda:0', grad_fn=<MseLossBackward0>)
Epoch 103 | Loss: 375.566658
tensor(231.8509, device='cuda:0', grad_fn=<MseLossBackward0>)
tensor(232.5045, device='cuda:0', grad_fn=<MseLossBackward0>)
tensor(241.6090, device='cuda:0', grad_fn=<MseLossBackward0>)
tensor(234.8139, device='cuda:0', grad_fn=<MseLossBackward0>)
tensor(234.2559, device='cuda:0', grad_fn=<MseLossBackward0>)
tensor(236.4378, device='cuda:0', grad_fn=<MseLossBackward0>)
tensor(235.4422, device='cuda:0', grad_fn=<MseLossBackward0>)
tensor(231.4230, device='cuda:0', grad_fn=<MseLossBackward0>)
Epoch 104 | Loss: 365.946899
tensor(229.3912, device='cuda:0', grad_fn=<MseLossBackward0>)
tensor(237.5972, device='cuda:0', grad_fn=<MseLossBackward0>)
tensor(234.1600, device='cuda:0', grad_fn=<MseLossBackward0>)
tensor(237.5465, device='cuda:0', grad_fn=<MseLossBackward0>)
tensor(231.0258, device='cuda:0', grad_fn=<MseLossBackward0>)
tensor(228.8112, device='cuda:0', grad_fn=<MseLossBackward0>)
tensor(236.9682, device='cuda:0', grad_fn=<MseLossBackward0>)
tensor(238.5506, device='cuda:0', grad_fn=<MseLossBackward0>)
Epoch 105 | Loss: 365.589558
tensor(240.4988, device='cuda:0', grad_fn=<MseLossBackward0>)
tensor(226.5520, device='cuda:0', grad_fn=<MseLossBackward0>)
tensor(239.4616, device='cuda:0', grad_fn=<MseLossBackward0>)
tensor(233.2307, device='cuda:0', grad_fn=<MseLossBackward0>)
tensor(236.4083, device='cuda:0', grad_fn=<MseLossBackward0>)
tensor(233.4653, device='cuda:0', grad_fn=<MseLossBackward0>)
tensor(233.5486, device='cuda:0', grad_fn=<MseLossBackward0>)
tensor(222.8736, device='cuda:0', grad_fn=<MseLossBackward0>)
Epoch 106 | Loss: 359.147182
tensor(233.4763, device='cuda:0', grad_fn=<MseLossBackward0>)
tensor(230.2599, device='cuda:0', grad_fn=<MseLossBackward0>)
tensor(240.5594, device='cuda:0', grad_fn=<MseLossBackward0>)
tensor(231.3403, device='cuda:0', grad_fn=<MseLossBackward0>)
tensor(233.6656, device='cuda:0', grad_fn=<MseLossBackward0>)
tensor(232.8582, device='cuda:0', grad_fn=<MseLossBackward0>)
tensor(227.8160, device='cuda:0', grad_fn=<MseLossBackward0>)
tensor(232.4993, device='cuda:0', grad_fn=<MseLossBackward0>)
Epoch 107 | Loss: 360.578365
tensor(232.4451, device='cuda:0', grad_fn=<MseLossBackward0>)
tensor(233.9916, device='cuda:0', grad_fn=<MseLossBackward0>)
tensor(224.5240, device='cuda:0', grad_fn=<MseLossBackward0>)
tensor(227.3399, device='cuda:0', grad_fn=<MseLossBackward0>)
tensor(240.4006, device='cuda:0', grad_fn=<MseLossBackward0>)
tensor(230.6670, device='cuda:0', grad_fn=<MseLossBackward0>)
tensor(234.8517, device='cuda:0', grad_fn=<MseLossBackward0>)
tensor(232.9451, device='cuda:0', grad_fn=<MseLossBackward0>)
Epoch 108 | Loss: 357.428345
tensor(223.6668, device='cuda:0', grad_fn=<MseLossBackward0>)
tensor(230.7700, device='cuda:0', grad_fn=<MseLossBackward0>)
tensor(232.7951, device='cuda:0', grad_fn=<MseLossBackward0>)
tensor(227.8314, device='cuda:0', grad_fn=<MseLossBackward0>)
tensor(233.1860, device='cuda:0', grad_fn=<MseLossBackward0>)
tensor(234.5914, device='cuda:0', grad_fn=<MseLossBackward0>)
tensor(231.1100, device='cuda:0', grad_fn=<MseLossBackward0>)
tensor(238.9761, device='cuda:0', grad_fn=<MseLossBackward0>)
Epoch 109 | Loss: 355.079147
tensor(218.7002, device='cuda:0', grad_fn=<MseLossBackward0>)
tensor(233.3509, device='cuda:0', grad_fn=<MseLossBackward0>)
tensor(234.1997, device='cuda:0', grad_fn=<MseLossBackward0>)
tensor(229.0616, device='cuda:0', grad_fn=<MseLossBackward0>)
tensor(233.8204, device='cuda:0', grad_fn=<MseLossBackward0>)
tensor(232.4378, device='cuda:0', grad_fn=<MseLossBackward0>)
tensor(231.8257, device='cuda:0', grad_fn=<MseLossBackward0>)
tensor(233.1124, device='cuda:0', grad_fn=<MseLossBackward0>)
Epoch 110 | Loss: 356.205437
tensor(236.6527, device='cuda:0', grad_fn=<MseLossBackward0>)
tensor(218.9058, device='cuda:0', grad_fn=<MseLossBackward0>)
tensor(230.5936, device='cuda:0', grad_fn=<MseLossBackward0>)
tensor(233.1063, device='cuda:0', grad_fn=<MseLossBackward0>)
tensor(231.6243, device='cuda:0', grad_fn=<MseLossBackward0>)
tensor(228.4482, device='cuda:0', grad_fn=<MseLossBackward0>)
tensor(232.3894, device='cuda:0', grad_fn=<MseLossBackward0>)
tensor(228.6590, device='cuda:0', grad_fn=<MseLossBackward0>)
Epoch 111 | Loss: 352.720856
tensor(237.1274, device='cuda:0', grad_fn=<MseLossBackward0>)
tensor(225.8248, device='cuda:0', grad_fn=<MseLossBackward0>)
tensor(222.2170, device='cuda:0', grad_fn=<MseLossBackward0>)
tensor(231.5823, device='cuda:0', grad_fn=<MseLossBackward0>)
tensor(228.8034, device='cuda:0', grad_fn=<MseLossBackward0>)
tensor(224.0470, device='cuda:0', grad_fn=<MseLossBackward0>)
tensor(225.9220, device='cuda:0', grad_fn=<MseLossBackward0>)
tensor(242.2408, device='cuda:0', grad_fn=<MseLossBackward0>)
Epoch 112 | Loss: 355.538658
tensor(231.7407, device='cuda:0', grad_fn=<MseLossBackward0>)
tensor(222.8905, device='cuda:0', grad_fn=<MseLossBackward0>)
tensor(224.3354, device='cuda:0', grad_fn=<MseLossBackward0>)
tensor(236.2327, device='cuda:0', grad_fn=<MseLossBackward0>)
tensor(226.9640, device='cuda:0', grad_fn=<MseLossBackward0>)
tensor(238.0252, device='cuda:0', grad_fn=<MseLossBackward0>)
tensor(221.5478, device='cuda:0', grad_fn=<MseLossBackward0>)
tensor(227.7439, device='cuda:0', grad_fn=<MseLossBackward0>)
Epoch 113 | Loss: 351.065380
tensor(227.3517, device='cuda:0', grad_fn=<MseLossBackward0>)
tensor(232.7793, device='cuda:0', grad_fn=<MseLossBackward0>)
tensor(228.3241, device='cuda:0', grad_fn=<MseLossBackward0>)
tensor(219.2289, device='cuda:0', grad_fn=<MseLossBackward0>)
tensor(231.3764, device='cuda:0', grad_fn=<MseLossBackward0>)
tensor(217.4829, device='cuda:0', grad_fn=<MseLossBackward0>)
tensor(239.7528, device='cuda:0', grad_fn=<MseLossBackward0>)
tensor(227.9136, device='cuda:0', grad_fn=<MseLossBackward0>)
Epoch 114 | Loss: 351.690479
tensor(228.8566, device='cuda:0', grad_fn=<MseLossBackward0>)
tensor(230.7673, device='cuda:0', grad_fn=<MseLossBackward0>)
tensor(228.5711, device='cuda:0', grad_fn=<MseLossBackward0>)
tensor(224.0494, device='cuda:0', grad_fn=<MseLossBackward0>)
tensor(233.0910, device='cuda:0', grad_fn=<MseLossBackward0>)
tensor(225.0975, device='cuda:0', grad_fn=<MseLossBackward0>)
tensor(222.2247, device='cuda:0', grad_fn=<MseLossBackward0>)
tensor(226.6398, device='cuda:0', grad_fn=<MseLossBackward0>)
Epoch 115 | Loss: 348.197250
tensor(218.1963, device='cuda:0', grad_fn=<MseLossBackward0>)
tensor(234.9254, device='cuda:0', grad_fn=<MseLossBackward0>)
tensor(216.7775, device='cuda:0', grad_fn=<MseLossBackward0>)
tensor(230.4123, device='cuda:0', grad_fn=<MseLossBackward0>)
tensor(231.0330, device='cuda:0', grad_fn=<MseLossBackward0>)
tensor(225.1253, device='cuda:0', grad_fn=<MseLossBackward0>)
tensor(228.8176, device='cuda:0', grad_fn=<MseLossBackward0>)
tensor(230.2973, device='cuda:0', grad_fn=<MseLossBackward0>)
Epoch 116 | Loss: 346.272289
tensor(233.0507, device='cuda:0', grad_fn=<MseLossBackward0>)
tensor(218.2883, device='cuda:0', grad_fn=<MseLossBackward0>)
tensor(220.4227, device='cuda:0', grad_fn=<MseLossBackward0>)
tensor(221.2343, device='cuda:0', grad_fn=<MseLossBackward0>)
tensor(230.9402, device='cuda:0', grad_fn=<MseLossBackward0>)
tensor(227.7720, device='cuda:0', grad_fn=<MseLossBackward0>)
tensor(231.1111, device='cuda:0', grad_fn=<MseLossBackward0>)
tensor(227.0673, device='cuda:0', grad_fn=<MseLossBackward0>)
Epoch 117 | Loss: 344.867168
tensor(222.0685, device='cuda:0', grad_fn=<MseLossBackward0>)
tensor(221.9974, device='cuda:0', grad_fn=<MseLossBackward0>)
tensor(226.8615, device='cuda:0', grad_fn=<MseLossBackward0>)
tensor(225.9285, device='cuda:0', grad_fn=<MseLossBackward0>)
tensor(225.0508, device='cuda:0', grad_fn=<MseLossBackward0>)
tensor(226.9235, device='cuda:0', grad_fn=<MseLossBackward0>)
tensor(228.2246, device='cuda:0', grad_fn=<MseLossBackward0>)
tensor(227.8813, device='cuda:0', grad_fn=<MseLossBackward0>)
Epoch 118 | Loss: 345.593102
tensor(230.4758, device='cuda:0', grad_fn=<MseLossBackward0>)
tensor(225.3059, device='cuda:0', grad_fn=<MseLossBackward0>)
tensor(215.8025, device='cuda:0', grad_fn=<MseLossBackward0>)
tensor(232.6376, device='cuda:0', grad_fn=<MseLossBackward0>)
tensor(218.2733, device='cuda:0', grad_fn=<MseLossBackward0>)
tensor(233.4405, device='cuda:0', grad_fn=<MseLossBackward0>)
tensor(227.2839, device='cuda:0', grad_fn=<MseLossBackward0>)
tensor(214.4252, device='cuda:0', grad_fn=<MseLossBackward0>)
Epoch 119 | Loss: 344.390778
tensor(219.3364, device='cuda:0', grad_fn=<MseLossBackward0>)
tensor(233.2327, device='cuda:0', grad_fn=<MseLossBackward0>)
tensor(224.8142, device='cuda:0', grad_fn=<MseLossBackward0>)
tensor(236.8898, device='cuda:0', grad_fn=<MseLossBackward0>)
tensor(220.8503, device='cuda:0', grad_fn=<MseLossBackward0>)
tensor(209.2814, device='cuda:0', grad_fn=<MseLossBackward0>)
tensor(229.1400, device='cuda:0', grad_fn=<MseLossBackward0>)
tensor(220.4014, device='cuda:0', grad_fn=<MseLossBackward0>)
Epoch 120 | Loss: 347.576275
tensor(226.6841, device='cuda:0', grad_fn=<MseLossBackward0>)
tensor(225.5234, device='cuda:0', grad_fn=<MseLossBackward0>)
tensor(221.4455, device='cuda:0', grad_fn=<MseLossBackward0>)
tensor(223.5560, device='cuda:0', grad_fn=<MseLossBackward0>)
tensor(225.0502, device='cuda:0', grad_fn=<MseLossBackward0>)
tensor(222.2062, device='cuda:0', grad_fn=<MseLossBackward0>)
tensor(223.7825, device='cuda:0', grad_fn=<MseLossBackward0>)
tensor(221.5026, device='cuda:0', grad_fn=<MseLossBackward0>)
Epoch 121 | Loss: 349.888176
tensor(223.3474, device='cuda:0', grad_fn=<MseLossBackward0>)
tensor(218.1553, device='cuda:0', grad_fn=<MseLossBackward0>)
tensor(235.1214, device='cuda:0', grad_fn=<MseLossBackward0>)
tensor(223.1857, device='cuda:0', grad_fn=<MseLossBackward0>)
tensor(216.7827, device='cuda:0', grad_fn=<MseLossBackward0>)
tensor(226.4205, device='cuda:0', grad_fn=<MseLossBackward0>)
tensor(222.9440, device='cuda:0', grad_fn=<MseLossBackward0>)
tensor(219.2126, device='cuda:0', grad_fn=<MseLossBackward0>)
Epoch 122 | Loss: 343.383308
tensor(215.8951, device='cuda:0', grad_fn=<MseLossBackward0>)
tensor(220.4531, device='cuda:0', grad_fn=<MseLossBackward0>)
tensor(227.9462, device='cuda:0', grad_fn=<MseLossBackward0>)
tensor(223.4718, device='cuda:0', grad_fn=<MseLossBackward0>)
tensor(220.5639, device='cuda:0', grad_fn=<MseLossBackward0>)
tensor(221.2302, device='cuda:0', grad_fn=<MseLossBackward0>)
tensor(224.1285, device='cuda:0', grad_fn=<MseLossBackward0>)
tensor(229.0054, device='cuda:0', grad_fn=<MseLossBackward0>)
Epoch 123 | Loss: 337.511677
tensor(222.2096, device='cuda:0', grad_fn=<MseLossBackward0>)
tensor(235.1712, device='cuda:0', grad_fn=<MseLossBackward0>)
tensor(227.4974, device='cuda:0', grad_fn=<MseLossBackward0>)
tensor(218.9118, device='cuda:0', grad_fn=<MseLossBackward0>)
tensor(210.5276, device='cuda:0', grad_fn=<MseLossBackward0>)
tensor(217.9212, device='cuda:0', grad_fn=<MseLossBackward0>)
tensor(223.5903, device='cuda:0', grad_fn=<MseLossBackward0>)
tensor(221.2946, device='cuda:0', grad_fn=<MseLossBackward0>)
Epoch 124 | Loss: 339.637802
tensor(219.2126, device='cuda:0', grad_fn=<MseLossBackward0>)
tensor(214.3289, device='cuda:0', grad_fn=<MseLossBackward0>)
tensor(216.9238, device='cuda:0', grad_fn=<MseLossBackward0>)
tensor(224.2283, device='cuda:0', grad_fn=<MseLossBackward0>)
tensor(229.1103, device='cuda:0', grad_fn=<MseLossBackward0>)
tensor(219.6092, device='cuda:0', grad_fn=<MseLossBackward0>)
tensor(227.4250, device='cuda:0', grad_fn=<MseLossBackward0>)
tensor(222.2473, device='cuda:0', grad_fn=<MseLossBackward0>)
Epoch 125 | Loss: 339.688606
tensor(223.2418, device='cuda:0', grad_fn=<MseLossBackward0>)
tensor(216.8375, device='cuda:0', grad_fn=<MseLossBackward0>)
tensor(212.5595, device='cuda:0', grad_fn=<MseLossBackward0>)
tensor(227.2922, device='cuda:0', grad_fn=<MseLossBackward0>)
tensor(228.3767, device='cuda:0', grad_fn=<MseLossBackward0>)
tensor(218.3782, device='cuda:0', grad_fn=<MseLossBackward0>)
tensor(216.4664, device='cuda:0', grad_fn=<MseLossBackward0>)
tensor(226.6656, device='cuda:0', grad_fn=<MseLossBackward0>)
Epoch 126 | Loss: 338.858360
tensor(222.7215, device='cuda:0', grad_fn=<MseLossBackward0>)
tensor(221.7852, device='cuda:0', grad_fn=<MseLossBackward0>)
tensor(221.3819, device='cuda:0', grad_fn=<MseLossBackward0>)
tensor(222.1223, device='cuda:0', grad_fn=<MseLossBackward0>)
tensor(217.6643, device='cuda:0', grad_fn=<MseLossBackward0>)
tensor(218.5124, device='cuda:0', grad_fn=<MseLossBackward0>)
tensor(217.8902, device='cuda:0', grad_fn=<MseLossBackward0>)
tensor(222.5757, device='cuda:0', grad_fn=<MseLossBackward0>)
Epoch 127 | Loss: 337.413761
tensor(228.1778, device='cuda:0', grad_fn=<MseLossBackward0>)
tensor(220.8631, device='cuda:0', grad_fn=<MseLossBackward0>)
tensor(216.0919, device='cuda:0', grad_fn=<MseLossBackward0>)
tensor(213.6357, device='cuda:0', grad_fn=<MseLossBackward0>)
tensor(222.3365, device='cuda:0', grad_fn=<MseLossBackward0>)
tensor(218.2580, device='cuda:0', grad_fn=<MseLossBackward0>)
tensor(223.7802, device='cuda:0', grad_fn=<MseLossBackward0>)
tensor(215.8707, device='cuda:0', grad_fn=<MseLossBackward0>)
Epoch 128 | Loss: 337.719448
tensor(223.0648, device='cuda:0', grad_fn=<MseLossBackward0>)
tensor(219.0473, device='cuda:0', grad_fn=<MseLossBackward0>)
tensor(214.6491, device='cuda:0', grad_fn=<MseLossBackward0>)
tensor(225.2676, device='cuda:0', grad_fn=<MseLossBackward0>)
tensor(219.6546, device='cuda:0', grad_fn=<MseLossBackward0>)
tensor(214.7915, device='cuda:0', grad_fn=<MseLossBackward0>)
tensor(222.2525, device='cuda:0', grad_fn=<MseLossBackward0>)
tensor(216.5225, device='cuda:0', grad_fn=<MseLossBackward0>)
Epoch 129 | Loss: 333.407768
tensor(223.5389, device='cuda:0', grad_fn=<MseLossBackward0>)
tensor(218.3853, device='cuda:0', grad_fn=<MseLossBackward0>)
tensor(216.3287, device='cuda:0', grad_fn=<MseLossBackward0>)
tensor(221.9682, device='cuda:0', grad_fn=<MseLossBackward0>)
tensor(227.7441, device='cuda:0', grad_fn=<MseLossBackward0>)
tensor(211.6435, device='cuda:0', grad_fn=<MseLossBackward0>)
tensor(220.0515, device='cuda:0', grad_fn=<MseLossBackward0>)
tensor(210.3381, device='cuda:0', grad_fn=<MseLossBackward0>)
Epoch 130 | Loss: 337.122051
tensor(215.7576, device='cuda:0', grad_fn=<MseLossBackward0>)
tensor(223.4860, device='cuda:0', grad_fn=<MseLossBackward0>)
tensor(216.5798, device='cuda:0', grad_fn=<MseLossBackward0>)
tensor(212.7817, device='cuda:0', grad_fn=<MseLossBackward0>)
tensor(226.3802, device='cuda:0', grad_fn=<MseLossBackward0>)
tensor(222.5750, device='cuda:0', grad_fn=<MseLossBackward0>)
tensor(216.0488, device='cuda:0', grad_fn=<MseLossBackward0>)
tensor(212.2048, device='cuda:0', grad_fn=<MseLossBackward0>)
Epoch 131 | Loss: 339.326900
tensor(215.3487, device='cuda:0', grad_fn=<MseLossBackward0>)
tensor(221.9170, device='cuda:0', grad_fn=<MseLossBackward0>)
tensor(213.1876, device='cuda:0', grad_fn=<MseLossBackward0>)
tensor(218.0606, device='cuda:0', grad_fn=<MseLossBackward0>)
tensor(220.0637, device='cuda:0', grad_fn=<MseLossBackward0>)
tensor(221.5174, device='cuda:0', grad_fn=<MseLossBackward0>)
tensor(216.4232, device='cuda:0', grad_fn=<MseLossBackward0>)
tensor(215.5726, device='cuda:0', grad_fn=<MseLossBackward0>)
Epoch 132 | Loss: 331.055553
tensor(209.8559, device='cuda:0', grad_fn=<MseLossBackward0>)
tensor(226.9771, device='cuda:0', grad_fn=<MseLossBackward0>)
tensor(219.5530, device='cuda:0', grad_fn=<MseLossBackward0>)
tensor(208.1648, device='cuda:0', grad_fn=<MseLossBackward0>)
tensor(227.0818, device='cuda:0', grad_fn=<MseLossBackward0>)
tensor(218.4586, device='cuda:0', grad_fn=<MseLossBackward0>)
tensor(214.7557, device='cuda:0', grad_fn=<MseLossBackward0>)
tensor(212.7416, device='cuda:0', grad_fn=<MseLossBackward0>)
Epoch 133 | Loss: 326.481136
tensor(219.6967, device='cuda:0', grad_fn=<MseLossBackward0>)
tensor(220.8975, device='cuda:0', grad_fn=<MseLossBackward0>)
tensor(207.3708, device='cuda:0', grad_fn=<MseLossBackward0>)
tensor(220.2880, device='cuda:0', grad_fn=<MseLossBackward0>)
tensor(210.4196, device='cuda:0', grad_fn=<MseLossBackward0>)
tensor(217.1090, device='cuda:0', grad_fn=<MseLossBackward0>)
tensor(217.9966, device='cuda:0', grad_fn=<MseLossBackward0>)
tensor(221.7986, device='cuda:0', grad_fn=<MseLossBackward0>)
Epoch 134 | Loss: 326.058186
tensor(216.4578, device='cuda:0', grad_fn=<MseLossBackward0>)
tensor(208.3341, device='cuda:0', grad_fn=<MseLossBackward0>)
tensor(222.0271, device='cuda:0', grad_fn=<MseLossBackward0>)
tensor(224.0169, device='cuda:0', grad_fn=<MseLossBackward0>)
tensor(219.6484, device='cuda:0', grad_fn=<MseLossBackward0>)
tensor(212.3921, device='cuda:0', grad_fn=<MseLossBackward0>)
tensor(214.6115, device='cuda:0', grad_fn=<MseLossBackward0>)
tensor(212.3415, device='cuda:0', grad_fn=<MseLossBackward0>)
Epoch 135 | Loss: 325.184887
tensor(210.5341, device='cuda:0', grad_fn=<MseLossBackward0>)
tensor(213.0700, device='cuda:0', grad_fn=<MseLossBackward0>)
tensor(225.7390, device='cuda:0', grad_fn=<MseLossBackward0>)
tensor(213.6016, device='cuda:0', grad_fn=<MseLossBackward0>)
tensor(220.5988, device='cuda:0', grad_fn=<MseLossBackward0>)
tensor(215.5965, device='cuda:0', grad_fn=<MseLossBackward0>)
tensor(214.5129, device='cuda:0', grad_fn=<MseLossBackward0>)
tensor(212.7031, device='cuda:0', grad_fn=<MseLossBackward0>)
Epoch 136 | Loss: 329.443539
tensor(217.5712, device='cuda:0', grad_fn=<MseLossBackward0>)
tensor(210.4877, device='cuda:0', grad_fn=<MseLossBackward0>)
tensor(220.3139, device='cuda:0', grad_fn=<MseLossBackward0>)
tensor(215.4503, device='cuda:0', grad_fn=<MseLossBackward0>)
tensor(211.0897, device='cuda:0', grad_fn=<MseLossBackward0>)
tensor(210.1435, device='cuda:0', grad_fn=<MseLossBackward0>)
tensor(224.9105, device='cuda:0', grad_fn=<MseLossBackward0>)
tensor(211.5234, device='cuda:0', grad_fn=<MseLossBackward0>)
Epoch 137 | Loss: 329.603378
tensor(217.8621, device='cuda:0', grad_fn=<MseLossBackward0>)
tensor(212.4085, device='cuda:0', grad_fn=<MseLossBackward0>)
tensor(215.2675, device='cuda:0', grad_fn=<MseLossBackward0>)
tensor(214.3239, device='cuda:0', grad_fn=<MseLossBackward0>)
tensor(220.0933, device='cuda:0', grad_fn=<MseLossBackward0>)
tensor(206.5239, device='cuda:0', grad_fn=<MseLossBackward0>)
tensor(215.0643, device='cuda:0', grad_fn=<MseLossBackward0>)
tensor(217.1431, device='cuda:0', grad_fn=<MseLossBackward0>)
Epoch 138 | Loss: 322.358543
tensor(213.3274, device='cuda:0', grad_fn=<MseLossBackward0>)
tensor(216.8513, device='cuda:0', grad_fn=<MseLossBackward0>)
tensor(209.0409, device='cuda:0', grad_fn=<MseLossBackward0>)
tensor(219.6716, device='cuda:0', grad_fn=<MseLossBackward0>)
tensor(212.0786, device='cuda:0', grad_fn=<MseLossBackward0>)
tensor(213.6358, device='cuda:0', grad_fn=<MseLossBackward0>)
tensor(214.4449, device='cuda:0', grad_fn=<MseLossBackward0>)
tensor(214.6798, device='cuda:0', grad_fn=<MseLossBackward0>)
Epoch 139 | Loss: 321.130604
tensor(219.4437, device='cuda:0', grad_fn=<MseLossBackward0>)
tensor(216.8768, device='cuda:0', grad_fn=<MseLossBackward0>)
tensor(201.7423, device='cuda:0', grad_fn=<MseLossBackward0>)
tensor(216.0727, device='cuda:0', grad_fn=<MseLossBackward0>)
tensor(211.9946, device='cuda:0', grad_fn=<MseLossBackward0>)
tensor(214.8125, device='cuda:0', grad_fn=<MseLossBackward0>)
tensor(213.3928, device='cuda:0', grad_fn=<MseLossBackward0>)
tensor(215.7686, device='cuda:0', grad_fn=<MseLossBackward0>)
Epoch 140 | Loss: 320.266502
tensor(218.4568, device='cuda:0', grad_fn=<MseLossBackward0>)
tensor(213.5214, device='cuda:0', grad_fn=<MseLossBackward0>)
tensor(206.3450, device='cuda:0', grad_fn=<MseLossBackward0>)
tensor(219.7688, device='cuda:0', grad_fn=<MseLossBackward0>)
tensor(203.6416, device='cuda:0', grad_fn=<MseLossBackward0>)
tensor(212.5347, device='cuda:0', grad_fn=<MseLossBackward0>)
tensor(218.4385, device='cuda:0', grad_fn=<MseLossBackward0>)
tensor(212.9102, device='cuda:0', grad_fn=<MseLossBackward0>)
Epoch 141 | Loss: 323.244236
tensor(210.3579, device='cuda:0', grad_fn=<MseLossBackward0>)
tensor(218.2545, device='cuda:0', grad_fn=<MseLossBackward0>)
tensor(222.2395, device='cuda:0', grad_fn=<MseLossBackward0>)
tensor(207.2531, device='cuda:0', grad_fn=<MseLossBackward0>)
tensor(215.0489, device='cuda:0', grad_fn=<MseLossBackward0>)
tensor(212.2953, device='cuda:0', grad_fn=<MseLossBackward0>)
tensor(203.3945, device='cuda:0', grad_fn=<MseLossBackward0>)
tensor(212.9232, device='cuda:0', grad_fn=<MseLossBackward0>)
Epoch 142 | Loss: 321.026543
tensor(214.1507, device='cuda:0', grad_fn=<MseLossBackward0>)
tensor(212.5132, device='cuda:0', grad_fn=<MseLossBackward0>)
tensor(213.8256, device='cuda:0', grad_fn=<MseLossBackward0>)
tensor(215.6115, device='cuda:0', grad_fn=<MseLossBackward0>)
tensor(209.1848, device='cuda:0', grad_fn=<MseLossBackward0>)
tensor(214.2862, device='cuda:0', grad_fn=<MseLossBackward0>)
tensor(213.1111, device='cuda:0', grad_fn=<MseLossBackward0>)
tensor(203.2881, device='cuda:0', grad_fn=<MseLossBackward0>)
Epoch 143 | Loss: 318.687935
tensor(206.9188, device='cuda:0', grad_fn=<MseLossBackward0>)
tensor(217.5786, device='cuda:0', grad_fn=<MseLossBackward0>)
tensor(210.0603, device='cuda:0', grad_fn=<MseLossBackward0>)
tensor(210.9611, device='cuda:0', grad_fn=<MseLossBackward0>)
tensor(209.6090, device='cuda:0', grad_fn=<MseLossBackward0>)
tensor(203.9060, device='cuda:0', grad_fn=<MseLossBackward0>)
tensor(217.6364, device='cuda:0', grad_fn=<MseLossBackward0>)
tensor(217.7347, device='cuda:0', grad_fn=<MseLossBackward0>)
Epoch 144 | Loss: 316.225437
tensor(205.4982, device='cuda:0', grad_fn=<MseLossBackward0>)
tensor(205.0659, device='cuda:0', grad_fn=<MseLossBackward0>)
tensor(208.6027, device='cuda:0', grad_fn=<MseLossBackward0>)
tensor(202.5243, device='cuda:0', grad_fn=<MseLossBackward0>)
tensor(219.9830, device='cuda:0', grad_fn=<MseLossBackward0>)
tensor(221.4829, device='cuda:0', grad_fn=<MseLossBackward0>)
tensor(217.8268, device='cuda:0', grad_fn=<MseLossBackward0>)
tensor(207.2810, device='cuda:0', grad_fn=<MseLossBackward0>)
Epoch 145 | Loss: 316.332947
tensor(212.0535, device='cuda:0', grad_fn=<MseLossBackward0>)
tensor(211.2270, device='cuda:0', grad_fn=<MseLossBackward0>)
tensor(217.0932, device='cuda:0', grad_fn=<MseLossBackward0>)
tensor(212.2642, device='cuda:0', grad_fn=<MseLossBackward0>)
tensor(206.2654, device='cuda:0', grad_fn=<MseLossBackward0>)
tensor(212.6073, device='cuda:0', grad_fn=<MseLossBackward0>)
tensor(211.4454, device='cuda:0', grad_fn=<MseLossBackward0>)
tensor(200.0027, device='cuda:0', grad_fn=<MseLossBackward0>)
Epoch 146 | Loss: 319.896812
tensor(212.9200, device='cuda:0', grad_fn=<MseLossBackward0>)
tensor(213.7132, device='cuda:0', grad_fn=<MseLossBackward0>)
tensor(213.0855, device='cuda:0', grad_fn=<MseLossBackward0>)
tensor(205.7972, device='cuda:0', grad_fn=<MseLossBackward0>)
tensor(209.9177, device='cuda:0', grad_fn=<MseLossBackward0>)
tensor(203.2097, device='cuda:0', grad_fn=<MseLossBackward0>)
tensor(210.2769, device='cuda:0', grad_fn=<MseLossBackward0>)
tensor(212.9936, device='cuda:0', grad_fn=<MseLossBackward0>)
Epoch 147 | Loss: 313.904133
tensor(208.6588, device='cuda:0', grad_fn=<MseLossBackward0>)
tensor(213.5384, device='cuda:0', grad_fn=<MseLossBackward0>)
tensor(208.1867, device='cuda:0', grad_fn=<MseLossBackward0>)
tensor(206.8160, device='cuda:0', grad_fn=<MseLossBackward0>)
tensor(206.9771, device='cuda:0', grad_fn=<MseLossBackward0>)
tensor(202.9439, device='cuda:0', grad_fn=<MseLossBackward0>)
tensor(216.0310, device='cuda:0', grad_fn=<MseLossBackward0>)
tensor(214.8033, device='cuda:0', grad_fn=<MseLossBackward0>)
Epoch 148 | Loss: 312.625717
tensor(211.1546, device='cuda:0', grad_fn=<MseLossBackward0>)
tensor(211.9668, device='cuda:0', grad_fn=<MseLossBackward0>)
tensor(212.8365, device='cuda:0', grad_fn=<MseLossBackward0>)
tensor(209.3050, device='cuda:0', grad_fn=<MseLossBackward0>)
tensor(204.4741, device='cuda:0', grad_fn=<MseLossBackward0>)
tensor(206.7505, device='cuda:0', grad_fn=<MseLossBackward0>)
tensor(205.5894, device='cuda:0', grad_fn=<MseLossBackward0>)
tensor(210.7621, device='cuda:0', grad_fn=<MseLossBackward0>)
Epoch 149 | Loss: 313.557816
tensor(211.6531, device='cuda:0', grad_fn=<MseLossBackward0>)
tensor(202.6355, device='cuda:0', grad_fn=<MseLossBackward0>)
tensor(204.2614, device='cuda:0', grad_fn=<MseLossBackward0>)
tensor(211.9555, device='cuda:0', grad_fn=<MseLossBackward0>)
tensor(209.4530, device='cuda:0', grad_fn=<MseLossBackward0>)
tensor(216.3865, device='cuda:0', grad_fn=<MseLossBackward0>)
tensor(198.1190, device='cuda:0', grad_fn=<MseLossBackward0>)
tensor(215.8167, device='cuda:0', grad_fn=<MseLossBackward0>)
Epoch 150 | Loss: 321.367035
tensor(214.6740, device='cuda:0', grad_fn=<MseLossBackward0>)
tensor(207.4613, device='cuda:0', grad_fn=<MseLossBackward0>)
tensor(215.1183, device='cuda:0', grad_fn=<MseLossBackward0>)
tensor(201.0671, device='cuda:0', grad_fn=<MseLossBackward0>)
tensor(212.1778, device='cuda:0', grad_fn=<MseLossBackward0>)
tensor(199.8767, device='cuda:0', grad_fn=<MseLossBackward0>)
tensor(210.1006, device='cuda:0', grad_fn=<MseLossBackward0>)
tensor(204.4152, device='cuda:0', grad_fn=<MseLossBackward0>)
Epoch 151 | Loss: 315.234215
tensor(209.1070, device='cuda:0', grad_fn=<MseLossBackward0>)
tensor(204.3362, device='cuda:0', grad_fn=<MseLossBackward0>)
tensor(202.1150, device='cuda:0', grad_fn=<MseLossBackward0>)
tensor(200.4885, device='cuda:0', grad_fn=<MseLossBackward0>)
tensor(203.8799, device='cuda:0', grad_fn=<MseLossBackward0>)
tensor(212.4489, device='cuda:0', grad_fn=<MseLossBackward0>)
tensor(210.3885, device='cuda:0', grad_fn=<MseLossBackward0>)
tensor(221.4480, device='cuda:0', grad_fn=<MseLossBackward0>)
Epoch 152 | Loss: 319.829712
tensor(207.6045, device='cuda:0', grad_fn=<MseLossBackward0>)
tensor(205.5335, device='cuda:0', grad_fn=<MseLossBackward0>)
tensor(200.0586, device='cuda:0', grad_fn=<MseLossBackward0>)
tensor(213.8795, device='cuda:0', grad_fn=<MseLossBackward0>)
tensor(209.7187, device='cuda:0', grad_fn=<MseLossBackward0>)
tensor(212.6024, device='cuda:0', grad_fn=<MseLossBackward0>)
tensor(203.4157, device='cuda:0', grad_fn=<MseLossBackward0>)
tensor(205.2267, device='cuda:0', grad_fn=<MseLossBackward0>)
Epoch 153 | Loss: 313.912861
tensor(203.7577, device='cuda:0', grad_fn=<MseLossBackward0>)
tensor(200.7416, device='cuda:0', grad_fn=<MseLossBackward0>)
tensor(202.8250, device='cuda:0', grad_fn=<MseLossBackward0>)
tensor(204.6356, device='cuda:0', grad_fn=<MseLossBackward0>)
tensor(200.4329, device='cuda:0', grad_fn=<MseLossBackward0>)
tensor(218.9905, device='cuda:0', grad_fn=<MseLossBackward0>)
tensor(206.4081, device='cuda:0', grad_fn=<MseLossBackward0>)
tensor(217.8037, device='cuda:0', grad_fn=<MseLossBackward0>)
Epoch 154 | Loss: 313.802547
tensor(205.4423, device='cuda:0', grad_fn=<MseLossBackward0>)
tensor(208.2172, device='cuda:0', grad_fn=<MseLossBackward0>)
tensor(206.7113, device='cuda:0', grad_fn=<MseLossBackward0>)
tensor(199.8518, device='cuda:0', grad_fn=<MseLossBackward0>)
tensor(211.0680, device='cuda:0', grad_fn=<MseLossBackward0>)
tensor(202.4504, device='cuda:0', grad_fn=<MseLossBackward0>)
tensor(209.8830, device='cuda:0', grad_fn=<MseLossBackward0>)
tensor(205.8174, device='cuda:0', grad_fn=<MseLossBackward0>)
Epoch 155 | Loss: 309.657574
tensor(198.7713, device='cuda:0', grad_fn=<MseLossBackward0>)
tensor(206.8873, device='cuda:0', grad_fn=<MseLossBackward0>)
tensor(199.5293, device='cuda:0', grad_fn=<MseLossBackward0>)
tensor(222.5964, device='cuda:0', grad_fn=<MseLossBackward0>)
tensor(213.6094, device='cuda:0', grad_fn=<MseLossBackward0>)
tensor(205.1460, device='cuda:0', grad_fn=<MseLossBackward0>)
tensor(195.8501, device='cuda:0', grad_fn=<MseLossBackward0>)
tensor(202.9837, device='cuda:0', grad_fn=<MseLossBackward0>)
Epoch 156 | Loss: 306.775791
tensor(200.6988, device='cuda:0', grad_fn=<MseLossBackward0>)
tensor(201.5933, device='cuda:0', grad_fn=<MseLossBackward0>)
tensor(205.4118, device='cuda:0', grad_fn=<MseLossBackward0>)
tensor(206.9510, device='cuda:0', grad_fn=<MseLossBackward0>)
tensor(211.9322, device='cuda:0', grad_fn=<MseLossBackward0>)
tensor(203.9362, device='cuda:0', grad_fn=<MseLossBackward0>)
tensor(208.5678, device='cuda:0', grad_fn=<MseLossBackward0>)
tensor(203.5769, device='cuda:0', grad_fn=<MseLossBackward0>)
Epoch 157 | Loss: 307.166874
tensor(200.3703, device='cuda:0', grad_fn=<MseLossBackward0>)
tensor(206.8920, device='cuda:0', grad_fn=<MseLossBackward0>)
tensor(208.1635, device='cuda:0', grad_fn=<MseLossBackward0>)
tensor(200.4126, device='cuda:0', grad_fn=<MseLossBackward0>)
tensor(209.0952, device='cuda:0', grad_fn=<MseLossBackward0>)
tensor(200.8835, device='cuda:0', grad_fn=<MseLossBackward0>)
tensor(206.0132, device='cuda:0', grad_fn=<MseLossBackward0>)
tensor(208.6199, device='cuda:0', grad_fn=<MseLossBackward0>)
Epoch 158 | Loss: 305.101845
tensor(203.3557, device='cuda:0', grad_fn=<MseLossBackward0>)
tensor(200.6229, device='cuda:0', grad_fn=<MseLossBackward0>)
tensor(207.3612, device='cuda:0', grad_fn=<MseLossBackward0>)
tensor(210.0445, device='cuda:0', grad_fn=<MseLossBackward0>)
tensor(204.3742, device='cuda:0', grad_fn=<MseLossBackward0>)
tensor(204.4661, device='cuda:0', grad_fn=<MseLossBackward0>)
tensor(203.5572, device='cuda:0', grad_fn=<MseLossBackward0>)
tensor(202.0106, device='cuda:0', grad_fn=<MseLossBackward0>)
Epoch 159 | Loss: 303.935680
tensor(208.9298, device='cuda:0', grad_fn=<MseLossBackward0>)
tensor(203.3390, device='cuda:0', grad_fn=<MseLossBackward0>)
tensor(203.8619, device='cuda:0', grad_fn=<MseLossBackward0>)
tensor(201.3791, device='cuda:0', grad_fn=<MseLossBackward0>)
tensor(199.0891, device='cuda:0', grad_fn=<MseLossBackward0>)
tensor(212.6413, device='cuda:0', grad_fn=<MseLossBackward0>)
tensor(200.5186, device='cuda:0', grad_fn=<MseLossBackward0>)
tensor(203.5686, device='cuda:0', grad_fn=<MseLossBackward0>)
Epoch 160 | Loss: 304.651264
tensor(199.4337, device='cuda:0', grad_fn=<MseLossBackward0>)
tensor(205.2963, device='cuda:0', grad_fn=<MseLossBackward0>)
tensor(209.8863, device='cuda:0', grad_fn=<MseLossBackward0>)
tensor(211.8242, device='cuda:0', grad_fn=<MseLossBackward0>)
tensor(196.8231, device='cuda:0', grad_fn=<MseLossBackward0>)
tensor(199.1883, device='cuda:0', grad_fn=<MseLossBackward0>)
tensor(207.0004, device='cuda:0', grad_fn=<MseLossBackward0>)
tensor(200.5566, device='cuda:0', grad_fn=<MseLossBackward0>)
Epoch 161 | Loss: 302.237221
tensor(205.2814, device='cuda:0', grad_fn=<MseLossBackward0>)
tensor(200.4700, device='cuda:0', grad_fn=<MseLossBackward0>)
tensor(199.3629, device='cuda:0', grad_fn=<MseLossBackward0>)
tensor(205.7769, device='cuda:0', grad_fn=<MseLossBackward0>)
tensor(204.9569, device='cuda:0', grad_fn=<MseLossBackward0>)
tensor(204.5474, device='cuda:0', grad_fn=<MseLossBackward0>)
tensor(202.8324, device='cuda:0', grad_fn=<MseLossBackward0>)
tensor(204.4794, device='cuda:0', grad_fn=<MseLossBackward0>)
Epoch 162 | Loss: 304.184696
tensor(211.2819, device='cuda:0', grad_fn=<MseLossBackward0>)
tensor(206.9176, device='cuda:0', grad_fn=<MseLossBackward0>)
tensor(191.0301, device='cuda:0', grad_fn=<MseLossBackward0>)
tensor(205.7744, device='cuda:0', grad_fn=<MseLossBackward0>)
tensor(198.2757, device='cuda:0', grad_fn=<MseLossBackward0>)
tensor(199.7874, device='cuda:0', grad_fn=<MseLossBackward0>)
tensor(202.3494, device='cuda:0', grad_fn=<MseLossBackward0>)
tensor(210.1764, device='cuda:0', grad_fn=<MseLossBackward0>)
Epoch 163 | Loss: 301.882679
tensor(200.2941, device='cuda:0', grad_fn=<MseLossBackward0>)
tensor(199.7200, device='cuda:0', grad_fn=<MseLossBackward0>)
tensor(197.1537, device='cuda:0', grad_fn=<MseLossBackward0>)
tensor(203.8975, device='cuda:0', grad_fn=<MseLossBackward0>)
tensor(208.7375, device='cuda:0', grad_fn=<MseLossBackward0>)
tensor(198.2497, device='cuda:0', grad_fn=<MseLossBackward0>)
tensor(204.7334, device='cuda:0', grad_fn=<MseLossBackward0>)
tensor(208.8922, device='cuda:0', grad_fn=<MseLossBackward0>)
Epoch 164 | Loss: 302.870083
tensor(191.6049, device='cuda:0', grad_fn=<MseLossBackward0>)
tensor(209.6604, device='cuda:0', grad_fn=<MseLossBackward0>)
tensor(210.4165, device='cuda:0', grad_fn=<MseLossBackward0>)
tensor(197.6892, device='cuda:0', grad_fn=<MseLossBackward0>)
tensor(199.5557, device='cuda:0', grad_fn=<MseLossBackward0>)
tensor(197.8023, device='cuda:0', grad_fn=<MseLossBackward0>)
tensor(206.5793, device='cuda:0', grad_fn=<MseLossBackward0>)
tensor(205.8915, device='cuda:0', grad_fn=<MseLossBackward0>)
Epoch 165 | Loss: 306.603329
tensor(204.2158, device='cuda:0', grad_fn=<MseLossBackward0>)
tensor(199.9325, device='cuda:0', grad_fn=<MseLossBackward0>)
tensor(211.3996, device='cuda:0', grad_fn=<MseLossBackward0>)
tensor(191.1721, device='cuda:0', grad_fn=<MseLossBackward0>)
tensor(205.1658, device='cuda:0', grad_fn=<MseLossBackward0>)
tensor(197.5528, device='cuda:0', grad_fn=<MseLossBackward0>)
tensor(203.6756, device='cuda:0', grad_fn=<MseLossBackward0>)
tensor(202.7752, device='cuda:0', grad_fn=<MseLossBackward0>)
Epoch 166 | Loss: 305.750504
tensor(201.7491, device='cuda:0', grad_fn=<MseLossBackward0>)
tensor(200.9123, device='cuda:0', grad_fn=<MseLossBackward0>)
tensor(202.6488, device='cuda:0', grad_fn=<MseLossBackward0>)
tensor(190.6640, device='cuda:0', grad_fn=<MseLossBackward0>)
tensor(206.7814, device='cuda:0', grad_fn=<MseLossBackward0>)
tensor(201.2886, device='cuda:0', grad_fn=<MseLossBackward0>)
tensor(205.4224, device='cuda:0', grad_fn=<MseLossBackward0>)
tensor(203.0723, device='cuda:0', grad_fn=<MseLossBackward0>)
Epoch 167 | Loss: 300.573349
tensor(195.9590, device='cuda:0', grad_fn=<MseLossBackward0>)
tensor(193.7853, device='cuda:0', grad_fn=<MseLossBackward0>)
tensor(202.6063, device='cuda:0', grad_fn=<MseLossBackward0>)
tensor(209.4440, device='cuda:0', grad_fn=<MseLossBackward0>)
tensor(205.6493, device='cuda:0', grad_fn=<MseLossBackward0>)
tensor(205.5967, device='cuda:0', grad_fn=<MseLossBackward0>)
tensor(198.4761, device='cuda:0', grad_fn=<MseLossBackward0>)
tensor(196.8854, device='cuda:0', grad_fn=<MseLossBackward0>)
Epoch 168 | Loss: 295.684952
tensor(209.8393, device='cuda:0', grad_fn=<MseLossBackward0>)
tensor(200.4619, device='cuda:0', grad_fn=<MseLossBackward0>)
tensor(205.9442, device='cuda:0', grad_fn=<MseLossBackward0>)
tensor(192.1676, device='cuda:0', grad_fn=<MseLossBackward0>)
tensor(198.1169, device='cuda:0', grad_fn=<MseLossBackward0>)
tensor(203.3687, device='cuda:0', grad_fn=<MseLossBackward0>)
tensor(198.6234, device='cuda:0', grad_fn=<MseLossBackward0>)
tensor(197.5899, device='cuda:0', grad_fn=<MseLossBackward0>)
Epoch 169 | Loss: 296.441753
tensor(201.5438, device='cuda:0', grad_fn=<MseLossBackward0>)
tensor(198.4494, device='cuda:0', grad_fn=<MseLossBackward0>)
tensor(197.7883, device='cuda:0', grad_fn=<MseLossBackward0>)
tensor(201.7357, device='cuda:0', grad_fn=<MseLossBackward0>)
tensor(195.3091, device='cuda:0', grad_fn=<MseLossBackward0>)
tensor(203.1357, device='cuda:0', grad_fn=<MseLossBackward0>)
tensor(195.7428, device='cuda:0', grad_fn=<MseLossBackward0>)
tensor(212.4726, device='cuda:0', grad_fn=<MseLossBackward0>)
Epoch 170 | Loss: 295.891468
tensor(205.2658, device='cuda:0', grad_fn=<MseLossBackward0>)
tensor(195.0265, device='cuda:0', grad_fn=<MseLossBackward0>)
tensor(199.5139, device='cuda:0', grad_fn=<MseLossBackward0>)
tensor(198.4470, device='cuda:0', grad_fn=<MseLossBackward0>)
tensor(192.2262, device='cuda:0', grad_fn=<MseLossBackward0>)
tensor(204.0897, device='cuda:0', grad_fn=<MseLossBackward0>)
tensor(206.6956, device='cuda:0', grad_fn=<MseLossBackward0>)
tensor(199.6933, device='cuda:0', grad_fn=<MseLossBackward0>)
Epoch 171 | Loss: 295.097118
tensor(196.1125, device='cuda:0', grad_fn=<MseLossBackward0>)
tensor(203.2603, device='cuda:0', grad_fn=<MseLossBackward0>)
tensor(206.4436, device='cuda:0', grad_fn=<MseLossBackward0>)
tensor(199.4644, device='cuda:0', grad_fn=<MseLossBackward0>)
tensor(205.4268, device='cuda:0', grad_fn=<MseLossBackward0>)
tensor(194.9450, device='cuda:0', grad_fn=<MseLossBackward0>)
tensor(192.7340, device='cuda:0', grad_fn=<MseLossBackward0>)
tensor(200.1167, device='cuda:0', grad_fn=<MseLossBackward0>)
Epoch 172 | Loss: 299.954193
tensor(202.7413, device='cuda:0', grad_fn=<MseLossBackward0>)
tensor(192.0125, device='cuda:0', grad_fn=<MseLossBackward0>)
tensor(194.3569, device='cuda:0', grad_fn=<MseLossBackward0>)
tensor(204.5322, device='cuda:0', grad_fn=<MseLossBackward0>)
tensor(197.7894, device='cuda:0', grad_fn=<MseLossBackward0>)
tensor(203.3597, device='cuda:0', grad_fn=<MseLossBackward0>)
tensor(205.5286, device='cuda:0', grad_fn=<MseLossBackward0>)
tensor(194.6625, device='cuda:0', grad_fn=<MseLossBackward0>)
Epoch 173 | Loss: 296.678307
tensor(198.4183, device='cuda:0', grad_fn=<MseLossBackward0>)
tensor(198.6074, device='cuda:0', grad_fn=<MseLossBackward0>)
tensor(199.1408, device='cuda:0', grad_fn=<MseLossBackward0>)
tensor(200.0822, device='cuda:0', grad_fn=<MseLossBackward0>)
tensor(192.7129, device='cuda:0', grad_fn=<MseLossBackward0>)
tensor(205.0344, device='cuda:0', grad_fn=<MseLossBackward0>)
tensor(198.9702, device='cuda:0', grad_fn=<MseLossBackward0>)
tensor(200.5995, device='cuda:0', grad_fn=<MseLossBackward0>)
Epoch 174 | Loss: 291.475117
tensor(194.9192, device='cuda:0', grad_fn=<MseLossBackward0>)
tensor(204.8446, device='cuda:0', grad_fn=<MseLossBackward0>)
tensor(199.0094, device='cuda:0', grad_fn=<MseLossBackward0>)
tensor(194.3282, device='cuda:0', grad_fn=<MseLossBackward0>)
tensor(202.4237, device='cuda:0', grad_fn=<MseLossBackward0>)
tensor(195.3245, device='cuda:0', grad_fn=<MseLossBackward0>)
tensor(197.1451, device='cuda:0', grad_fn=<MseLossBackward0>)
tensor(203.6494, device='cuda:0', grad_fn=<MseLossBackward0>)
Epoch 175 | Loss: 292.416363
tensor(202.6773, device='cuda:0', grad_fn=<MseLossBackward0>)
tensor(191.6650, device='cuda:0', grad_fn=<MseLossBackward0>)
tensor(201.7215, device='cuda:0', grad_fn=<MseLossBackward0>)
tensor(195.4885, device='cuda:0', grad_fn=<MseLossBackward0>)
tensor(195.5151, device='cuda:0', grad_fn=<MseLossBackward0>)
tensor(203.8195, device='cuda:0', grad_fn=<MseLossBackward0>)
tensor(201.2435, device='cuda:0', grad_fn=<MseLossBackward0>)
tensor(195.3451, device='cuda:0', grad_fn=<MseLossBackward0>)
Epoch 176 | Loss: 293.024426
tensor(201.6420, device='cuda:0', grad_fn=<MseLossBackward0>)
tensor(192.6303, device='cuda:0', grad_fn=<MseLossBackward0>)
tensor(195.8883, device='cuda:0', grad_fn=<MseLossBackward0>)
tensor(201.8722, device='cuda:0', grad_fn=<MseLossBackward0>)
tensor(198.4685, device='cuda:0', grad_fn=<MseLossBackward0>)
tensor(193.3524, device='cuda:0', grad_fn=<MseLossBackward0>)
tensor(196.4148, device='cuda:0', grad_fn=<MseLossBackward0>)
tensor(206.7993, device='cuda:0', grad_fn=<MseLossBackward0>)
Epoch 177 | Loss: 293.414082
tensor(191.0867, device='cuda:0', grad_fn=<MseLossBackward0>)
tensor(199.1786, device='cuda:0', grad_fn=<MseLossBackward0>)
tensor(193.0516, device='cuda:0', grad_fn=<MseLossBackward0>)
tensor(202.5559, device='cuda:0', grad_fn=<MseLossBackward0>)
tensor(196.9860, device='cuda:0', grad_fn=<MseLossBackward0>)
tensor(207.5854, device='cuda:0', grad_fn=<MseLossBackward0>)
tensor(200.1435, device='cuda:0', grad_fn=<MseLossBackward0>)
tensor(190.8927, device='cuda:0', grad_fn=<MseLossBackward0>)
Epoch 178 | Loss: 289.539223
tensor(198.7706, device='cuda:0', grad_fn=<MseLossBackward0>)
tensor(193.9249, device='cuda:0', grad_fn=<MseLossBackward0>)
tensor(193.4681, device='cuda:0', grad_fn=<MseLossBackward0>)
tensor(198.4262, device='cuda:0', grad_fn=<MseLossBackward0>)
tensor(193.1080, device='cuda:0', grad_fn=<MseLossBackward0>)
tensor(203.3587, device='cuda:0', grad_fn=<MseLossBackward0>)
tensor(198.4588, device='cuda:0', grad_fn=<MseLossBackward0>)
tensor(201.3530, device='cuda:0', grad_fn=<MseLossBackward0>)
Epoch 179 | Loss: 290.895691
tensor(186.7834, device='cuda:0', grad_fn=<MseLossBackward0>)
tensor(204.6566, device='cuda:0', grad_fn=<MseLossBackward0>)
tensor(197.9778, device='cuda:0', grad_fn=<MseLossBackward0>)
tensor(194.7559, device='cuda:0', grad_fn=<MseLossBackward0>)
tensor(197.6487, device='cuda:0', grad_fn=<MseLossBackward0>)
tensor(204.0872, device='cuda:0', grad_fn=<MseLossBackward0>)
tensor(198.2831, device='cuda:0', grad_fn=<MseLossBackward0>)
tensor(193.4233, device='cuda:0', grad_fn=<MseLossBackward0>)
Epoch 180 | Loss: 291.483994
tensor(198.7892, device='cuda:0', grad_fn=<MseLossBackward0>)
tensor(192.1506, device='cuda:0', grad_fn=<MseLossBackward0>)
tensor(203.0889, device='cuda:0', grad_fn=<MseLossBackward0>)
tensor(198.4648, device='cuda:0', grad_fn=<MseLossBackward0>)
tensor(197.8657, device='cuda:0', grad_fn=<MseLossBackward0>)
tensor(188.5903, device='cuda:0', grad_fn=<MseLossBackward0>)
tensor(197.1038, device='cuda:0', grad_fn=<MseLossBackward0>)
tensor(200.1884, device='cuda:0', grad_fn=<MseLossBackward0>)
Epoch 181 | Loss: 291.146996
tensor(206.0892, device='cuda:0', grad_fn=<MseLossBackward0>)
tensor(194.4409, device='cuda:0', grad_fn=<MseLossBackward0>)
tensor(197.9142, device='cuda:0', grad_fn=<MseLossBackward0>)
tensor(196.1073, device='cuda:0', grad_fn=<MseLossBackward0>)
tensor(190.6603, device='cuda:0', grad_fn=<MseLossBackward0>)
tensor(191.2611, device='cuda:0', grad_fn=<MseLossBackward0>)
tensor(203.4845, device='cuda:0', grad_fn=<MseLossBackward0>)
tensor(191.4529, device='cuda:0', grad_fn=<MseLossBackward0>)
Epoch 182 | Loss: 286.176197
tensor(197.7387, device='cuda:0', grad_fn=<MseLossBackward0>)
tensor(194.8962, device='cuda:0', grad_fn=<MseLossBackward0>)
tensor(195.5317, device='cuda:0', grad_fn=<MseLossBackward0>)
tensor(195.8389, device='cuda:0', grad_fn=<MseLossBackward0>)
tensor(202.3094, device='cuda:0', grad_fn=<MseLossBackward0>)
tensor(187.9794, device='cuda:0', grad_fn=<MseLossBackward0>)
tensor(196.6871, device='cuda:0', grad_fn=<MseLossBackward0>)
tensor(199.8114, device='cuda:0', grad_fn=<MseLossBackward0>)
Epoch 183 | Loss: 286.554401
tensor(198.3137, device='cuda:0', grad_fn=<MseLossBackward0>)
tensor(191.9620, device='cuda:0', grad_fn=<MseLossBackward0>)
tensor(205.3596, device='cuda:0', grad_fn=<MseLossBackward0>)
tensor(197.6064, device='cuda:0', grad_fn=<MseLossBackward0>)
tensor(199.6291, device='cuda:0', grad_fn=<MseLossBackward0>)
tensor(189.6654, device='cuda:0', grad_fn=<MseLossBackward0>)
tensor(192.0374, device='cuda:0', grad_fn=<MseLossBackward0>)
tensor(193.5062, device='cuda:0', grad_fn=<MseLossBackward0>)
Epoch 184 | Loss: 285.500713
tensor(200.1689, device='cuda:0', grad_fn=<MseLossBackward0>)
tensor(186.2659, device='cuda:0', grad_fn=<MseLossBackward0>)
tensor(192.5968, device='cuda:0', grad_fn=<MseLossBackward0>)
tensor(200.8608, device='cuda:0', grad_fn=<MseLossBackward0>)
tensor(191.4221, device='cuda:0', grad_fn=<MseLossBackward0>)
tensor(201.8646, device='cuda:0', grad_fn=<MseLossBackward0>)
tensor(191.6272, device='cuda:0', grad_fn=<MseLossBackward0>)
tensor(202.4245, device='cuda:0', grad_fn=<MseLossBackward0>)
Epoch 185 | Loss: 285.083553
tensor(203.3439, device='cuda:0', grad_fn=<MseLossBackward0>)
tensor(189.0291, device='cuda:0', grad_fn=<MseLossBackward0>)
tensor(192.9977, device='cuda:0', grad_fn=<MseLossBackward0>)
tensor(185.7070, device='cuda:0', grad_fn=<MseLossBackward0>)
tensor(203.3770, device='cuda:0', grad_fn=<MseLossBackward0>)
tensor(202.0862, device='cuda:0', grad_fn=<MseLossBackward0>)
tensor(192.2585, device='cuda:0', grad_fn=<MseLossBackward0>)
tensor(194.6972, device='cuda:0', grad_fn=<MseLossBackward0>)
Epoch 186 | Loss: 285.942299
tensor(192.9854, device='cuda:0', grad_fn=<MseLossBackward0>)
tensor(195.1810, device='cuda:0', grad_fn=<MseLossBackward0>)
tensor(199.8999, device='cuda:0', grad_fn=<MseLossBackward0>)
tensor(193.3853, device='cuda:0', grad_fn=<MseLossBackward0>)
tensor(194.4369, device='cuda:0', grad_fn=<MseLossBackward0>)
tensor(194.5366, device='cuda:0', grad_fn=<MseLossBackward0>)
tensor(198.8846, device='cuda:0', grad_fn=<MseLossBackward0>)
tensor(192.2048, device='cuda:0', grad_fn=<MseLossBackward0>)
Epoch 187 | Loss: 286.982410
tensor(201.4814, device='cuda:0', grad_fn=<MseLossBackward0>)
tensor(194.3266, device='cuda:0', grad_fn=<MseLossBackward0>)
tensor(186.2872, device='cuda:0', grad_fn=<MseLossBackward0>)
tensor(199.8994, device='cuda:0', grad_fn=<MseLossBackward0>)
tensor(192.0611, device='cuda:0', grad_fn=<MseLossBackward0>)
tensor(193.3568, device='cuda:0', grad_fn=<MseLossBackward0>)
tensor(191.0189, device='cuda:0', grad_fn=<MseLossBackward0>)
tensor(202.5572, device='cuda:0', grad_fn=<MseLossBackward0>)
Epoch 188 | Loss: 292.765476
tensor(193.6699, device='cuda:0', grad_fn=<MseLossBackward0>)
tensor(197.2838, device='cuda:0', grad_fn=<MseLossBackward0>)
tensor(196.8337, device='cuda:0', grad_fn=<MseLossBackward0>)
tensor(204.8360, device='cuda:0', grad_fn=<MseLossBackward0>)
tensor(189.1109, device='cuda:0', grad_fn=<MseLossBackward0>)
tensor(186.8883, device='cuda:0', grad_fn=<MseLossBackward0>)
tensor(192.9328, device='cuda:0', grad_fn=<MseLossBackward0>)
tensor(196.2747, device='cuda:0', grad_fn=<MseLossBackward0>)
Epoch 189 | Loss: 290.364098
tensor(190.3645, device='cuda:0', grad_fn=<MseLossBackward0>)
tensor(192.3391, device='cuda:0', grad_fn=<MseLossBackward0>)
tensor(194.6196, device='cuda:0', grad_fn=<MseLossBackward0>)
tensor(193.7142, device='cuda:0', grad_fn=<MseLossBackward0>)
tensor(202.9997, device='cuda:0', grad_fn=<MseLossBackward0>)
tensor(197.8912, device='cuda:0', grad_fn=<MseLossBackward0>)
tensor(191.1069, device='cuda:0', grad_fn=<MseLossBackward0>)
tensor(191.8746, device='cuda:0', grad_fn=<MseLossBackward0>)
Epoch 190 | Loss: 292.714657
tensor(193.7533, device='cuda:0', grad_fn=<MseLossBackward0>)
tensor(186.5094, device='cuda:0', grad_fn=<MseLossBackward0>)
tensor(200.5499, device='cuda:0', grad_fn=<MseLossBackward0>)
tensor(187.6752, device='cuda:0', grad_fn=<MseLossBackward0>)
tensor(195.7017, device='cuda:0', grad_fn=<MseLossBackward0>)
tensor(189.9482, device='cuda:0', grad_fn=<MseLossBackward0>)
tensor(198.3651, device='cuda:0', grad_fn=<MseLossBackward0>)
tensor(202.8951, device='cuda:0', grad_fn=<MseLossBackward0>)
Epoch 191 | Loss: 286.445629
tensor(196.4128, device='cuda:0', grad_fn=<MseLossBackward0>)
tensor(189.4759, device='cuda:0', grad_fn=<MseLossBackward0>)
tensor(189.9163, device='cuda:0', grad_fn=<MseLossBackward0>)
tensor(197.4715, device='cuda:0', grad_fn=<MseLossBackward0>)
tensor(184.7828, device='cuda:0', grad_fn=<MseLossBackward0>)
tensor(196.8121, device='cuda:0', grad_fn=<MseLossBackward0>)
tensor(196.5832, device='cuda:0', grad_fn=<MseLossBackward0>)
tensor(201.8529, device='cuda:0', grad_fn=<MseLossBackward0>)
Epoch 192 | Loss: 281.670891
tensor(194.4067, device='cuda:0', grad_fn=<MseLossBackward0>)
tensor(191.2616, device='cuda:0', grad_fn=<MseLossBackward0>)
tensor(193.4997, device='cuda:0', grad_fn=<MseLossBackward0>)
tensor(194.3160, device='cuda:0', grad_fn=<MseLossBackward0>)
tensor(192.2320, device='cuda:0', grad_fn=<MseLossBackward0>)
tensor(187.8547, device='cuda:0', grad_fn=<MseLossBackward0>)
tensor(204.6286, device='cuda:0', grad_fn=<MseLossBackward0>)
tensor(190.4535, device='cuda:0', grad_fn=<MseLossBackward0>)
Epoch 193 | Loss: 284.830318
tensor(193.8550, device='cuda:0', grad_fn=<MseLossBackward0>)
tensor(193.1178, device='cuda:0', grad_fn=<MseLossBackward0>)
tensor(195.0947, device='cuda:0', grad_fn=<MseLossBackward0>)
tensor(197.7817, device='cuda:0', grad_fn=<MseLossBackward0>)
tensor(186.5363, device='cuda:0', grad_fn=<MseLossBackward0>)
tensor(194.5042, device='cuda:0', grad_fn=<MseLossBackward0>)
tensor(189.5712, device='cuda:0', grad_fn=<MseLossBackward0>)
tensor(197.4120, device='cuda:0', grad_fn=<MseLossBackward0>)
Epoch 194 | Loss: 281.634819
tensor(199.3343, device='cuda:0', grad_fn=<MseLossBackward0>)
tensor(196.9254, device='cuda:0', grad_fn=<MseLossBackward0>)
tensor(190.3415, device='cuda:0', grad_fn=<MseLossBackward0>)
tensor(193.1460, device='cuda:0', grad_fn=<MseLossBackward0>)
tensor(192.1817, device='cuda:0', grad_fn=<MseLossBackward0>)
tensor(195.7544, device='cuda:0', grad_fn=<MseLossBackward0>)
tensor(188.9810, device='cuda:0', grad_fn=<MseLossBackward0>)
tensor(187.9705, device='cuda:0', grad_fn=<MseLossBackward0>)
Epoch 195 | Loss: 280.019440
tensor(195.5121, device='cuda:0', grad_fn=<MseLossBackward0>)
tensor(194.4097, device='cuda:0', grad_fn=<MseLossBackward0>)
tensor(195.2619, device='cuda:0', grad_fn=<MseLossBackward0>)
tensor(194.6339, device='cuda:0', grad_fn=<MseLossBackward0>)
tensor(192.5992, device='cuda:0', grad_fn=<MseLossBackward0>)
tensor(184.7152, device='cuda:0', grad_fn=<MseLossBackward0>)
tensor(192.7611, device='cuda:0', grad_fn=<MseLossBackward0>)
tensor(193.6358, device='cuda:0', grad_fn=<MseLossBackward0>)
Epoch 196 | Loss: 279.772240
tensor(191.4815, device='cuda:0', grad_fn=<MseLossBackward0>)
tensor(188.7147, device='cuda:0', grad_fn=<MseLossBackward0>)
tensor(198.1081, device='cuda:0', grad_fn=<MseLossBackward0>)
tensor(195.6314, device='cuda:0', grad_fn=<MseLossBackward0>)
tensor(196.8804, device='cuda:0', grad_fn=<MseLossBackward0>)
tensor(195.8571, device='cuda:0', grad_fn=<MseLossBackward0>)
tensor(184.6458, device='cuda:0', grad_fn=<MseLossBackward0>)
tensor(190.1884, device='cuda:0', grad_fn=<MseLossBackward0>)
Epoch 197 | Loss: 281.771976
tensor(191.2612, device='cuda:0', grad_fn=<MseLossBackward0>)
tensor(194.4333, device='cuda:0', grad_fn=<MseLossBackward0>)
tensor(186.8175, device='cuda:0', grad_fn=<MseLossBackward0>)
tensor(196.0531, device='cuda:0', grad_fn=<MseLossBackward0>)
tensor(195.7742, device='cuda:0', grad_fn=<MseLossBackward0>)
tensor(187.5025, device='cuda:0', grad_fn=<MseLossBackward0>)
tensor(194.1345, device='cuda:0', grad_fn=<MseLossBackward0>)
tensor(195.1576, device='cuda:0', grad_fn=<MseLossBackward0>)
Epoch 198 | Loss: 279.400799
tensor(193.9405, device='cuda:0', grad_fn=<MseLossBackward0>)
tensor(198.2362, device='cuda:0', grad_fn=<MseLossBackward0>)
tensor(193.1041, device='cuda:0', grad_fn=<MseLossBackward0>)
tensor(183.4904, device='cuda:0', grad_fn=<MseLossBackward0>)
tensor(190.7738, device='cuda:0', grad_fn=<MseLossBackward0>)
tensor(192.5401, device='cuda:0', grad_fn=<MseLossBackward0>)
tensor(188.9289, device='cuda:0', grad_fn=<MseLossBackward0>)
tensor(198.9375, device='cuda:0', grad_fn=<MseLossBackward0>)
Epoch 199 | Loss: 277.344395
tensor(191.9879, device='cuda:0', grad_fn=<MseLossBackward0>)
tensor(193.3057, device='cuda:0', grad_fn=<MseLossBackward0>)
tensor(198.8030, device='cuda:0', grad_fn=<MseLossBackward0>)
tensor(188.7823, device='cuda:0', grad_fn=<MseLossBackward0>)
tensor(191.2058, device='cuda:0', grad_fn=<MseLossBackward0>)
tensor(191.7393, device='cuda:0', grad_fn=<MseLossBackward0>)
tensor(191.0511, device='cuda:0', grad_fn=<MseLossBackward0>)
tensor(189.7122, device='cuda:0', grad_fn=<MseLossBackward0>)
Epoch 200 | Loss: 277.601025
tensor(189.3506, device='cuda:0', grad_fn=<MseLossBackward0>)
tensor(190.6082, device='cuda:0', grad_fn=<MseLossBackward0>)
tensor(189.7554, device='cuda:0', grad_fn=<MseLossBackward0>)
tensor(196.7139, device='cuda:0', grad_fn=<MseLossBackward0>)
tensor(190.6078, device='cuda:0', grad_fn=<MseLossBackward0>)
tensor(199.5118, device='cuda:0', grad_fn=<MseLossBackward0>)
tensor(184.3708, device='cuda:0', grad_fn=<MseLossBackward0>)
tensor(195.3762, device='cuda:0', grad_fn=<MseLossBackward0>)
Epoch 201 | Loss: 276.697708
tensor(190.9103, device='cuda:0', grad_fn=<MseLossBackward0>)
tensor(196.2440, device='cuda:0', grad_fn=<MseLossBackward0>)
tensor(191.8627, device='cuda:0', grad_fn=<MseLossBackward0>)
tensor(183.6761, device='cuda:0', grad_fn=<MseLossBackward0>)
tensor(188.7771, device='cuda:0', grad_fn=<MseLossBackward0>)
tensor(195.3215, device='cuda:0', grad_fn=<MseLossBackward0>)
tensor(197.0391, device='cuda:0', grad_fn=<MseLossBackward0>)
tensor(189.4357, device='cuda:0', grad_fn=<MseLossBackward0>)
Epoch 202 | Loss: 276.265602
tensor(189.9177, device='cuda:0', grad_fn=<MseLossBackward0>)
tensor(195.4669, device='cuda:0', grad_fn=<MseLossBackward0>)
tensor(189.7420, device='cuda:0', grad_fn=<MseLossBackward0>)
tensor(190.3042, device='cuda:0', grad_fn=<MseLossBackward0>)
tensor(195.1146, device='cuda:0', grad_fn=<MseLossBackward0>)
tensor(190.6811, device='cuda:0', grad_fn=<MseLossBackward0>)
tensor(196.7233, device='cuda:0', grad_fn=<MseLossBackward0>)
tensor(181.8123, device='cuda:0', grad_fn=<MseLossBackward0>)
Epoch 203 | Loss: 276.969688
tensor(189.1890, device='cuda:0', grad_fn=<MseLossBackward0>)
tensor(198.1000, device='cuda:0', grad_fn=<MseLossBackward0>)
tensor(185.8250, device='cuda:0', grad_fn=<MseLossBackward0>)
tensor(187.2561, device='cuda:0', grad_fn=<MseLossBackward0>)
tensor(194.8913, device='cuda:0', grad_fn=<MseLossBackward0>)
tensor(193.5537, device='cuda:0', grad_fn=<MseLossBackward0>)
tensor(183.3861, device='cuda:0', grad_fn=<MseLossBackward0>)
tensor(199.1387, device='cuda:0', grad_fn=<MseLossBackward0>)
Epoch 204 | Loss: 279.778568
tensor(190.3667, device='cuda:0', grad_fn=<MseLossBackward0>)
tensor(186.9093, device='cuda:0', grad_fn=<MseLossBackward0>)
tensor(201.3805, device='cuda:0', grad_fn=<MseLossBackward0>)
tensor(195.5261, device='cuda:0', grad_fn=<MseLossBackward0>)
tensor(188.9331, device='cuda:0', grad_fn=<MseLossBackward0>)
tensor(182.9279, device='cuda:0', grad_fn=<MseLossBackward0>)
tensor(192.9775, device='cuda:0', grad_fn=<MseLossBackward0>)
tensor(189.4305, device='cuda:0', grad_fn=<MseLossBackward0>)
Epoch 205 | Loss: 280.176338
tensor(192.4176, device='cuda:0', grad_fn=<MseLossBackward0>)
tensor(194.3494, device='cuda:0', grad_fn=<MseLossBackward0>)
tensor(189.5926, device='cuda:0', grad_fn=<MseLossBackward0>)
tensor(197.1039, device='cuda:0', grad_fn=<MseLossBackward0>)
tensor(186.5710, device='cuda:0', grad_fn=<MseLossBackward0>)
tensor(188.9096, device='cuda:0', grad_fn=<MseLossBackward0>)
tensor(185.8627, device='cuda:0', grad_fn=<MseLossBackward0>)
tensor(191.9151, device='cuda:0', grad_fn=<MseLossBackward0>)
Epoch 206 | Loss: 274.024670
tensor(189.5696, device='cuda:0', grad_fn=<MseLossBackward0>)
tensor(198.0397, device='cuda:0', grad_fn=<MseLossBackward0>)
tensor(188.3990, device='cuda:0', grad_fn=<MseLossBackward0>)
tensor(181.5809, device='cuda:0', grad_fn=<MseLossBackward0>)
tensor(191.8746, device='cuda:0', grad_fn=<MseLossBackward0>)
tensor(194.2451, device='cuda:0', grad_fn=<MseLossBackward0>)
tensor(192.9335, device='cuda:0', grad_fn=<MseLossBackward0>)
tensor(187.8505, device='cuda:0', grad_fn=<MseLossBackward0>)
Epoch 207 | Loss: 274.369011
tensor(188.3461, device='cuda:0', grad_fn=<MseLossBackward0>)
tensor(187.9307, device='cuda:0', grad_fn=<MseLossBackward0>)
tensor(189.2902, device='cuda:0', grad_fn=<MseLossBackward0>)
tensor(196.9622, device='cuda:0', grad_fn=<MseLossBackward0>)
tensor(188.8126, device='cuda:0', grad_fn=<MseLossBackward0>)
tensor(187.9651, device='cuda:0', grad_fn=<MseLossBackward0>)
tensor(188.4133, device='cuda:0', grad_fn=<MseLossBackward0>)
tensor(196.5028, device='cuda:0', grad_fn=<MseLossBackward0>)
Epoch 208 | Loss: 273.500301
tensor(194.1270, device='cuda:0', grad_fn=<MseLossBackward0>)
tensor(195.2399, device='cuda:0', grad_fn=<MseLossBackward0>)
tensor(186.3955, device='cuda:0', grad_fn=<MseLossBackward0>)
tensor(182.3515, device='cuda:0', grad_fn=<MseLossBackward0>)
tensor(192.8626, device='cuda:0', grad_fn=<MseLossBackward0>)
tensor(192.0794, device='cuda:0', grad_fn=<MseLossBackward0>)
tensor(190.8042, device='cuda:0', grad_fn=<MseLossBackward0>)
tensor(187.1961, device='cuda:0', grad_fn=<MseLossBackward0>)
Epoch 209 | Loss: 274.219013
tensor(191.3867, device='cuda:0', grad_fn=<MseLossBackward0>)
tensor(187.7607, device='cuda:0', grad_fn=<MseLossBackward0>)
tensor(186.0952, device='cuda:0', grad_fn=<MseLossBackward0>)
tensor(188.1799, device='cuda:0', grad_fn=<MseLossBackward0>)
tensor(186.4988, device='cuda:0', grad_fn=<MseLossBackward0>)
tensor(192.7567, device='cuda:0', grad_fn=<MseLossBackward0>)
tensor(192.9439, device='cuda:0', grad_fn=<MseLossBackward0>)
tensor(196.0902, device='cuda:0', grad_fn=<MseLossBackward0>)
Epoch 210 | Loss: 273.046516
tensor(184.6417, device='cuda:0', grad_fn=<MseLossBackward0>)
tensor(187.2403, device='cuda:0', grad_fn=<MseLossBackward0>)
tensor(186.3109, device='cuda:0', grad_fn=<MseLossBackward0>)
tensor(189.6958, device='cuda:0', grad_fn=<MseLossBackward0>)
tensor(193.6321, device='cuda:0', grad_fn=<MseLossBackward0>)
tensor(188.3009, device='cuda:0', grad_fn=<MseLossBackward0>)
tensor(198.5403, device='cuda:0', grad_fn=<MseLossBackward0>)
tensor(190.8121, device='cuda:0', grad_fn=<MseLossBackward0>)
Epoch 211 | Loss: 273.920555
tensor(184.6130, device='cuda:0', grad_fn=<MseLossBackward0>)
tensor(189.9980, device='cuda:0', grad_fn=<MseLossBackward0>)
tensor(194.4066, device='cuda:0', grad_fn=<MseLossBackward0>)
tensor(184.4995, device='cuda:0', grad_fn=<MseLossBackward0>)
tensor(192.0473, device='cuda:0', grad_fn=<MseLossBackward0>)
tensor(186.9406, device='cuda:0', grad_fn=<MseLossBackward0>)
tensor(191.2072, device='cuda:0', grad_fn=<MseLossBackward0>)
tensor(194.2848, device='cuda:0', grad_fn=<MseLossBackward0>)
Epoch 212 | Loss: 272.588451
tensor(193.5915, device='cuda:0', grad_fn=<MseLossBackward0>)
tensor(187.8361, device='cuda:0', grad_fn=<MseLossBackward0>)
tensor(183.9533, device='cuda:0', grad_fn=<MseLossBackward0>)
tensor(194.6434, device='cuda:0', grad_fn=<MseLossBackward0>)
tensor(189.8551, device='cuda:0', grad_fn=<MseLossBackward0>)
tensor(188.3348, device='cuda:0', grad_fn=<MseLossBackward0>)
tensor(185.0123, device='cuda:0', grad_fn=<MseLossBackward0>)
tensor(193.0564, device='cuda:0', grad_fn=<MseLossBackward0>)
Epoch 213 | Loss: 272.104572
tensor(184.4273, device='cuda:0', grad_fn=<MseLossBackward0>)
tensor(187.8390, device='cuda:0', grad_fn=<MseLossBackward0>)
tensor(190.0270, device='cuda:0', grad_fn=<MseLossBackward0>)
tensor(185.2134, device='cuda:0', grad_fn=<MseLossBackward0>)
tensor(196.9586, device='cuda:0', grad_fn=<MseLossBackward0>)
tensor(190.3838, device='cuda:0', grad_fn=<MseLossBackward0>)
tensor(187.2865, device='cuda:0', grad_fn=<MseLossBackward0>)
tensor(192.7218, device='cuda:0', grad_fn=<MseLossBackward0>)
Epoch 214 | Loss: 274.779850
tensor(186.3629, device='cuda:0', grad_fn=<MseLossBackward0>)
tensor(192.8224, device='cuda:0', grad_fn=<MseLossBackward0>)
tensor(184.4853, device='cuda:0', grad_fn=<MseLossBackward0>)
tensor(190.7326, device='cuda:0', grad_fn=<MseLossBackward0>)
tensor(189.9303, device='cuda:0', grad_fn=<MseLossBackward0>)
tensor(188.4593, device='cuda:0', grad_fn=<MseLossBackward0>)
tensor(187.1736, device='cuda:0', grad_fn=<MseLossBackward0>)
tensor(194.3400, device='cuda:0', grad_fn=<MseLossBackward0>)
Epoch 215 | Loss: 272.247631
tensor(188.0583, device='cuda:0', grad_fn=<MseLossBackward0>)
tensor(186.1091, device='cuda:0', grad_fn=<MseLossBackward0>)
tensor(196.6877, device='cuda:0', grad_fn=<MseLossBackward0>)
tensor(194.0491, device='cuda:0', grad_fn=<MseLossBackward0>)
tensor(183.7481, device='cuda:0', grad_fn=<MseLossBackward0>)
tensor(180.5659, device='cuda:0', grad_fn=<MseLossBackward0>)
tensor(197.6816, device='cuda:0', grad_fn=<MseLossBackward0>)
tensor(183.4251, device='cuda:0', grad_fn=<MseLossBackward0>)
Epoch 216 | Loss: 275.711666
tensor(189.0154, device='cuda:0', grad_fn=<MseLossBackward0>)
tensor(189.0483, device='cuda:0', grad_fn=<MseLossBackward0>)
tensor(188.0963, device='cuda:0', grad_fn=<MseLossBackward0>)
tensor(193.5712, device='cuda:0', grad_fn=<MseLossBackward0>)
tensor(180.0316, device='cuda:0', grad_fn=<MseLossBackward0>)
tensor(192.4350, device='cuda:0', grad_fn=<MseLossBackward0>)
tensor(191.0251, device='cuda:0', grad_fn=<MseLossBackward0>)
tensor(186.0042, device='cuda:0', grad_fn=<MseLossBackward0>)
Epoch 217 | Loss: 272.240158
tensor(185.8508, device='cuda:0', grad_fn=<MseLossBackward0>)
tensor(186.9382, device='cuda:0', grad_fn=<MseLossBackward0>)
tensor(188.7210, device='cuda:0', grad_fn=<MseLossBackward0>)
tensor(184.5308, device='cuda:0', grad_fn=<MseLossBackward0>)
tensor(188.1274, device='cuda:0', grad_fn=<MseLossBackward0>)
tensor(194.9272, device='cuda:0', grad_fn=<MseLossBackward0>)
tensor(188.9469, device='cuda:0', grad_fn=<MseLossBackward0>)
tensor(190.6359, device='cuda:0', grad_fn=<MseLossBackward0>)
Epoch 218 | Loss: 271.386040
tensor(185.9955, device='cuda:0', grad_fn=<MseLossBackward0>)
tensor(187.0959, device='cuda:0', grad_fn=<MseLossBackward0>)
tensor(183.0528, device='cuda:0', grad_fn=<MseLossBackward0>)
tensor(191.1348, device='cuda:0', grad_fn=<MseLossBackward0>)
tensor(190.7438, device='cuda:0', grad_fn=<MseLossBackward0>)
tensor(191.8520, device='cuda:0', grad_fn=<MseLossBackward0>)
tensor(190.9485, device='cuda:0', grad_fn=<MseLossBackward0>)
tensor(185.5049, device='cuda:0', grad_fn=<MseLossBackward0>)
Epoch 219 | Loss: 273.703156
tensor(186.3277, device='cuda:0', grad_fn=<MseLossBackward0>)
tensor(187.9476, device='cuda:0', grad_fn=<MseLossBackward0>)
tensor(183.3796, device='cuda:0', grad_fn=<MseLossBackward0>)
tensor(189.4742, device='cuda:0', grad_fn=<MseLossBackward0>)
tensor(191.4556, device='cuda:0', grad_fn=<MseLossBackward0>)
tensor(181.8870, device='cuda:0', grad_fn=<MseLossBackward0>)
tensor(191.9359, device='cuda:0', grad_fn=<MseLossBackward0>)
tensor(193.5228, device='cuda:0', grad_fn=<MseLossBackward0>)
Epoch 220 | Loss: 270.183704
tensor(187.4239, device='cuda:0', grad_fn=<MseLossBackward0>)
tensor(188.7176, device='cuda:0', grad_fn=<MseLossBackward0>)
tensor(182.1092, device='cuda:0', grad_fn=<MseLossBackward0>)
tensor(186.3709, device='cuda:0', grad_fn=<MseLossBackward0>)
tensor(190.0566, device='cuda:0', grad_fn=<MseLossBackward0>)
tensor(186.0121, device='cuda:0', grad_fn=<MseLossBackward0>)
tensor(192.8202, device='cuda:0', grad_fn=<MseLossBackward0>)
tensor(190.0580, device='cuda:0', grad_fn=<MseLossBackward0>)
Epoch 221 | Loss: 267.521070
tensor(190.0829, device='cuda:0', grad_fn=<MseLossBackward0>)
tensor(185.5984, device='cuda:0', grad_fn=<MseLossBackward0>)
tensor(189.3829, device='cuda:0', grad_fn=<MseLossBackward0>)
tensor(189.6184, device='cuda:0', grad_fn=<MseLossBackward0>)
tensor(186.9442, device='cuda:0', grad_fn=<MseLossBackward0>)
tensor(185.3148, device='cuda:0', grad_fn=<MseLossBackward0>)
tensor(182.1988, device='cuda:0', grad_fn=<MseLossBackward0>)
tensor(193.9861, device='cuda:0', grad_fn=<MseLossBackward0>)
Epoch 222 | Loss: 271.020992
tensor(188.2533, device='cuda:0', grad_fn=<MseLossBackward0>)
tensor(193.2347, device='cuda:0', grad_fn=<MseLossBackward0>)
tensor(186.3426, device='cuda:0', grad_fn=<MseLossBackward0>)
tensor(187.6359, device='cuda:0', grad_fn=<MseLossBackward0>)
tensor(176.7308, device='cuda:0', grad_fn=<MseLossBackward0>)
tensor(192.0366, device='cuda:0', grad_fn=<MseLossBackward0>)
tensor(190.2237, device='cuda:0', grad_fn=<MseLossBackward0>)
tensor(185.0043, device='cuda:0', grad_fn=<MseLossBackward0>)
Epoch 223 | Loss: 271.618662
tensor(193.2848, device='cuda:0', grad_fn=<MseLossBackward0>)
tensor(182.6994, device='cuda:0', grad_fn=<MseLossBackward0>)
tensor(174.6963, device='cuda:0', grad_fn=<MseLossBackward0>)
tensor(186.8461, device='cuda:0', grad_fn=<MseLossBackward0>)
tensor(187.2593, device='cuda:0', grad_fn=<MseLossBackward0>)
tensor(191.9135, device='cuda:0', grad_fn=<MseLossBackward0>)
tensor(187.6137, device='cuda:0', grad_fn=<MseLossBackward0>)
tensor(195.8740, device='cuda:0', grad_fn=<MseLossBackward0>)
Epoch 224 | Loss: 267.229622
tensor(188.2951, device='cuda:0', grad_fn=<MseLossBackward0>)
tensor(184.6017, device='cuda:0', grad_fn=<MseLossBackward0>)
tensor(186.3673, device='cuda:0', grad_fn=<MseLossBackward0>)
tensor(186.6026, device='cuda:0', grad_fn=<MseLossBackward0>)
tensor(190.2028, device='cuda:0', grad_fn=<MseLossBackward0>)
tensor(183.9351, device='cuda:0', grad_fn=<MseLossBackward0>)
tensor(188.7157, device='cuda:0', grad_fn=<MseLossBackward0>)
tensor(189.2534, device='cuda:0', grad_fn=<MseLossBackward0>)
Epoch 225 | Loss: 269.146320
tensor(186.1493, device='cuda:0', grad_fn=<MseLossBackward0>)
tensor(187.8637, device='cuda:0', grad_fn=<MseLossBackward0>)
tensor(184.7219, device='cuda:0', grad_fn=<MseLossBackward0>)
tensor(183.8183, device='cuda:0', grad_fn=<MseLossBackward0>)
tensor(189.6963, device='cuda:0', grad_fn=<MseLossBackward0>)
tensor(184.9257, device='cuda:0', grad_fn=<MseLossBackward0>)
tensor(189.1725, device='cuda:0', grad_fn=<MseLossBackward0>)
tensor(191.3193, device='cuda:0', grad_fn=<MseLossBackward0>)
Epoch 226 | Loss: 269.981640
tensor(187.5838, device='cuda:0', grad_fn=<MseLossBackward0>)
tensor(182.7676, device='cuda:0', grad_fn=<MseLossBackward0>)
tensor(196.5632, device='cuda:0', grad_fn=<MseLossBackward0>)
tensor(177.0088, device='cuda:0', grad_fn=<MseLossBackward0>)
tensor(192.2712, device='cuda:0', grad_fn=<MseLossBackward0>)
tensor(183.3561, device='cuda:0', grad_fn=<MseLossBackward0>)
tensor(189.7686, device='cuda:0', grad_fn=<MseLossBackward0>)
tensor(185.6573, device='cuda:0', grad_fn=<MseLossBackward0>)
Epoch 227 | Loss: 265.704708
tensor(187.3164, device='cuda:0', grad_fn=<MseLossBackward0>)
tensor(184.0995, device='cuda:0', grad_fn=<MseLossBackward0>)
tensor(188.5081, device='cuda:0', grad_fn=<MseLossBackward0>)
tensor(180.4748, device='cuda:0', grad_fn=<MseLossBackward0>)
tensor(188.2305, device='cuda:0', grad_fn=<MseLossBackward0>)
tensor(187.6147, device='cuda:0', grad_fn=<MseLossBackward0>)
tensor(185.4674, device='cuda:0', grad_fn=<MseLossBackward0>)
tensor(193.5910, device='cuda:0', grad_fn=<MseLossBackward0>)
Epoch 228 | Loss: 264.644676
tensor(185.9950, device='cuda:0', grad_fn=<MseLossBackward0>)
tensor(181.1630, device='cuda:0', grad_fn=<MseLossBackward0>)
tensor(192.1363, device='cuda:0', grad_fn=<MseLossBackward0>)
tensor(180.2065, device='cuda:0', grad_fn=<MseLossBackward0>)
tensor(192.5087, device='cuda:0', grad_fn=<MseLossBackward0>)
tensor(184.5657, device='cuda:0', grad_fn=<MseLossBackward0>)
tensor(184.8113, device='cuda:0', grad_fn=<MseLossBackward0>)
tensor(192.8286, device='cuda:0', grad_fn=<MseLossBackward0>)
Epoch 229 | Loss: 266.436296
tensor(193.9558, device='cuda:0', grad_fn=<MseLossBackward0>)
tensor(184.4222, device='cuda:0', grad_fn=<MseLossBackward0>)
tensor(182.7268, device='cuda:0', grad_fn=<MseLossBackward0>)
tensor(180.2334, device='cuda:0', grad_fn=<MseLossBackward0>)
tensor(193.3745, device='cuda:0', grad_fn=<MseLossBackward0>)
tensor(191.6817, device='cuda:0', grad_fn=<MseLossBackward0>)
tensor(181.3405, device='cuda:0', grad_fn=<MseLossBackward0>)
tensor(184.0002, device='cuda:0', grad_fn=<MseLossBackward0>)
Epoch 230 | Loss: 271.519014
tensor(187.8077, device='cuda:0', grad_fn=<MseLossBackward0>)
tensor(188.2520, device='cuda:0', grad_fn=<MseLossBackward0>)
tensor(189.2107, device='cuda:0', grad_fn=<MseLossBackward0>)
tensor(186.1866, device='cuda:0', grad_fn=<MseLossBackward0>)
tensor(185.9075, device='cuda:0', grad_fn=<MseLossBackward0>)
tensor(183.7019, device='cuda:0', grad_fn=<MseLossBackward0>)
tensor(187.6538, device='cuda:0', grad_fn=<MseLossBackward0>)
tensor(181.7293, device='cuda:0', grad_fn=<MseLossBackward0>)
Epoch 231 | Loss: 268.343361
tensor(189.7802, device='cuda:0', grad_fn=<MseLossBackward0>)
tensor(182.1786, device='cuda:0', grad_fn=<MseLossBackward0>)
tensor(184.0151, device='cuda:0', grad_fn=<MseLossBackward0>)
tensor(179.2756, device='cuda:0', grad_fn=<MseLossBackward0>)
tensor(188.5024, device='cuda:0', grad_fn=<MseLossBackward0>)
tensor(194.4785, device='cuda:0', grad_fn=<MseLossBackward0>)
tensor(182.5753, device='cuda:0', grad_fn=<MseLossBackward0>)
tensor(189.1567, device='cuda:0', grad_fn=<MseLossBackward0>)
Epoch 232 | Loss: 269.948853
tensor(183.0965, device='cuda:0', grad_fn=<MseLossBackward0>)
tensor(183.4813, device='cuda:0', grad_fn=<MseLossBackward0>)
tensor(184.9406, device='cuda:0', grad_fn=<MseLossBackward0>)
tensor(187.2932, device='cuda:0', grad_fn=<MseLossBackward0>)
tensor(190.4581, device='cuda:0', grad_fn=<MseLossBackward0>)
tensor(185.7760, device='cuda:0', grad_fn=<MseLossBackward0>)
tensor(186.1630, device='cuda:0', grad_fn=<MseLossBackward0>)
tensor(187.0036, device='cuda:0', grad_fn=<MseLossBackward0>)
Epoch 233 | Loss: 267.988281
tensor(188.6838, device='cuda:0', grad_fn=<MseLossBackward0>)
tensor(182.6386, device='cuda:0', grad_fn=<MseLossBackward0>)
tensor(178.0549, device='cuda:0', grad_fn=<MseLossBackward0>)
tensor(188.5720, device='cuda:0', grad_fn=<MseLossBackward0>)
tensor(187.9886, device='cuda:0', grad_fn=<MseLossBackward0>)
tensor(185.4036, device='cuda:0', grad_fn=<MseLossBackward0>)
tensor(188.6443, device='cuda:0', grad_fn=<MseLossBackward0>)
tensor(185.8332, device='cuda:0', grad_fn=<MseLossBackward0>)
Epoch 234 | Loss: 263.237469
tensor(184.9951, device='cuda:0', grad_fn=<MseLossBackward0>)
tensor(194.0624, device='cuda:0', grad_fn=<MseLossBackward0>)
tensor(182.1082, device='cuda:0', grad_fn=<MseLossBackward0>)
tensor(190.3933, device='cuda:0', grad_fn=<MseLossBackward0>)
tensor(186.2496, device='cuda:0', grad_fn=<MseLossBackward0>)
tensor(180.8812, device='cuda:0', grad_fn=<MseLossBackward0>)
tensor(185.6969, device='cuda:0', grad_fn=<MseLossBackward0>)
tensor(178.4403, device='cuda:0', grad_fn=<MseLossBackward0>)
Epoch 235 | Loss: 262.819328
tensor(183.7941, device='cuda:0', grad_fn=<MseLossBackward0>)
tensor(184.4106, device='cuda:0', grad_fn=<MseLossBackward0>)
tensor(192.2975, device='cuda:0', grad_fn=<MseLossBackward0>)
tensor(185.7469, device='cuda:0', grad_fn=<MseLossBackward0>)
tensor(187.1201, device='cuda:0', grad_fn=<MseLossBackward0>)
tensor(179.5298, device='cuda:0', grad_fn=<MseLossBackward0>)
tensor(187.9763, device='cuda:0', grad_fn=<MseLossBackward0>)
tensor(181.7767, device='cuda:0', grad_fn=<MseLossBackward0>)
Epoch 236 | Loss: 265.305496
tensor(192.3244, device='cuda:0', grad_fn=<MseLossBackward0>)
tensor(190.9492, device='cuda:0', grad_fn=<MseLossBackward0>)
tensor(180.1839, device='cuda:0', grad_fn=<MseLossBackward0>)
tensor(180.7339, device='cuda:0', grad_fn=<MseLossBackward0>)
tensor(176.5513, device='cuda:0', grad_fn=<MseLossBackward0>)
tensor(186.6327, device='cuda:0', grad_fn=<MseLossBackward0>)
tensor(186.1515, device='cuda:0', grad_fn=<MseLossBackward0>)
tensor(189.8308, device='cuda:0', grad_fn=<MseLossBackward0>)
Epoch 237 | Loss: 266.669220
tensor(188.6491, device='cuda:0', grad_fn=<MseLossBackward0>)
tensor(183.2477, device='cuda:0', grad_fn=<MseLossBackward0>)
tensor(181.5131, device='cuda:0', grad_fn=<MseLossBackward0>)
tensor(185.2247, device='cuda:0', grad_fn=<MseLossBackward0>)
tensor(189.7809, device='cuda:0', grad_fn=<MseLossBackward0>)
tensor(185.8868, device='cuda:0', grad_fn=<MseLossBackward0>)
tensor(189.9039, device='cuda:0', grad_fn=<MseLossBackward0>)
tensor(174.7940, device='cuda:0', grad_fn=<MseLossBackward0>)
Epoch 238 | Loss: 267.519495
tensor(188.8534, device='cuda:0', grad_fn=<MseLossBackward0>)
tensor(181.2332, device='cuda:0', grad_fn=<MseLossBackward0>)
tensor(183.8677, device='cuda:0', grad_fn=<MseLossBackward0>)
tensor(185.8354, device='cuda:0', grad_fn=<MseLossBackward0>)
tensor(189.9566, device='cuda:0', grad_fn=<MseLossBackward0>)
tensor(186.1273, device='cuda:0', grad_fn=<MseLossBackward0>)
tensor(182.7054, device='cuda:0', grad_fn=<MseLossBackward0>)
tensor(180.5787, device='cuda:0', grad_fn=<MseLossBackward0>)
Epoch 239 | Loss: 265.439280
tensor(191.3354, device='cuda:0', grad_fn=<MseLossBackward0>)
tensor(190.1317, device='cuda:0', grad_fn=<MseLossBackward0>)
tensor(183.0135, device='cuda:0', grad_fn=<MseLossBackward0>)
tensor(187.9852, device='cuda:0', grad_fn=<MseLossBackward0>)
tensor(176.9715, device='cuda:0', grad_fn=<MseLossBackward0>)
tensor(183.6681, device='cuda:0', grad_fn=<MseLossBackward0>)
tensor(181.4590, device='cuda:0', grad_fn=<MseLossBackward0>)
tensor(183.7195, device='cuda:0', grad_fn=<MseLossBackward0>)
Epoch 240 | Loss: 261.697565
tensor(188.4872, device='cuda:0', grad_fn=<MseLossBackward0>)
tensor(186.6266, device='cuda:0', grad_fn=<MseLossBackward0>)
tensor(191.9367, device='cuda:0', grad_fn=<MseLossBackward0>)
tensor(183.8592, device='cuda:0', grad_fn=<MseLossBackward0>)
tensor(184.5209, device='cuda:0', grad_fn=<MseLossBackward0>)
tensor(182.0649, device='cuda:0', grad_fn=<MseLossBackward0>)
tensor(180.3551, device='cuda:0', grad_fn=<MseLossBackward0>)
tensor(177.5198, device='cuda:0', grad_fn=<MseLossBackward0>)
Epoch 241 | Loss: 261.290764
tensor(190.8116, device='cuda:0', grad_fn=<MseLossBackward0>)
tensor(190.7302, device='cuda:0', grad_fn=<MseLossBackward0>)
tensor(181.7354, device='cuda:0', grad_fn=<MseLossBackward0>)
tensor(180.6753, device='cuda:0', grad_fn=<MseLossBackward0>)
tensor(182.3711, device='cuda:0', grad_fn=<MseLossBackward0>)
tensor(181.3242, device='cuda:0', grad_fn=<MseLossBackward0>)
tensor(183.1655, device='cuda:0', grad_fn=<MseLossBackward0>)
tensor(185.0472, device='cuda:0', grad_fn=<MseLossBackward0>)
Epoch 242 | Loss: 259.742365
tensor(175.6664, device='cuda:0', grad_fn=<MseLossBackward0>)
tensor(179.5233, device='cuda:0', grad_fn=<MseLossBackward0>)
tensor(181.4201, device='cuda:0', grad_fn=<MseLossBackward0>)
tensor(192.4525, device='cuda:0', grad_fn=<MseLossBackward0>)
tensor(193.2990, device='cuda:0', grad_fn=<MseLossBackward0>)
tensor(183.8492, device='cuda:0', grad_fn=<MseLossBackward0>)
tensor(185.4580, device='cuda:0', grad_fn=<MseLossBackward0>)
tensor(183.0558, device='cuda:0', grad_fn=<MseLossBackward0>)
Epoch 243 | Loss: 261.144274
tensor(187.0775, device='cuda:0', grad_fn=<MseLossBackward0>)
tensor(183.4164, device='cuda:0', grad_fn=<MseLossBackward0>)
tensor(183.9258, device='cuda:0', grad_fn=<MseLossBackward0>)
tensor(186.6582, device='cuda:0', grad_fn=<MseLossBackward0>)
tensor(175.5200, device='cuda:0', grad_fn=<MseLossBackward0>)
tensor(180.5961, device='cuda:0', grad_fn=<MseLossBackward0>)
tensor(195.0256, device='cuda:0', grad_fn=<MseLossBackward0>)
tensor(180.4841, device='cuda:0', grad_fn=<MseLossBackward0>)
Epoch 244 | Loss: 259.655653
tensor(180.6140, device='cuda:0', grad_fn=<MseLossBackward0>)
tensor(183.3026, device='cuda:0', grad_fn=<MseLossBackward0>)
tensor(185.9329, device='cuda:0', grad_fn=<MseLossBackward0>)
tensor(183.3765, device='cuda:0', grad_fn=<MseLossBackward0>)
tensor(189.9980, device='cuda:0', grad_fn=<MseLossBackward0>)
tensor(178.4327, device='cuda:0', grad_fn=<MseLossBackward0>)
tensor(189.7733, device='cuda:0', grad_fn=<MseLossBackward0>)
tensor(180.8218, device='cuda:0', grad_fn=<MseLossBackward0>)
Epoch 245 | Loss: 261.248379
tensor(182.7337, device='cuda:0', grad_fn=<MseLossBackward0>)
tensor(179.0349, device='cuda:0', grad_fn=<MseLossBackward0>)
tensor(193.6389, device='cuda:0', grad_fn=<MseLossBackward0>)
tensor(180.0895, device='cuda:0', grad_fn=<MseLossBackward0>)
tensor(182.2303, device='cuda:0', grad_fn=<MseLossBackward0>)
tensor(185.7806, device='cuda:0', grad_fn=<MseLossBackward0>)
tensor(181.4548, device='cuda:0', grad_fn=<MseLossBackward0>)
tensor(187.1144, device='cuda:0', grad_fn=<MseLossBackward0>)
Epoch 246 | Loss: 262.558800
tensor(185.2097, device='cuda:0', grad_fn=<MseLossBackward0>)
tensor(186.0151, device='cuda:0', grad_fn=<MseLossBackward0>)
tensor(180.8234, device='cuda:0', grad_fn=<MseLossBackward0>)
tensor(177.8565, device='cuda:0', grad_fn=<MseLossBackward0>)
tensor(183.9529, device='cuda:0', grad_fn=<MseLossBackward0>)
tensor(181.6640, device='cuda:0', grad_fn=<MseLossBackward0>)
tensor(187.6671, device='cuda:0', grad_fn=<MseLossBackward0>)
tensor(187.9577, device='cuda:0', grad_fn=<MseLossBackward0>)
Epoch 247 | Loss: 264.702143
tensor(185.3715, device='cuda:0', grad_fn=<MseLossBackward0>)
tensor(183.0213, device='cuda:0', grad_fn=<MseLossBackward0>)
tensor(184.3160, device='cuda:0', grad_fn=<MseLossBackward0>)
tensor(182.8847, device='cuda:0', grad_fn=<MseLossBackward0>)
tensor(185.0602, device='cuda:0', grad_fn=<MseLossBackward0>)
tensor(177.0108, device='cuda:0', grad_fn=<MseLossBackward0>)
tensor(191.4178, device='cuda:0', grad_fn=<MseLossBackward0>)
tensor(179.2191, device='cuda:0', grad_fn=<MseLossBackward0>)
Epoch 248 | Loss: 262.960157
tensor(185.3149, device='cuda:0', grad_fn=<MseLossBackward0>)
tensor(179.3831, device='cuda:0', grad_fn=<MseLossBackward0>)
tensor(181.2349, device='cuda:0', grad_fn=<MseLossBackward0>)
tensor(184.7818, device='cuda:0', grad_fn=<MseLossBackward0>)
tensor(186.5192, device='cuda:0', grad_fn=<MseLossBackward0>)
tensor(184.4689, device='cuda:0', grad_fn=<MseLossBackward0>)
tensor(183.0455, device='cuda:0', grad_fn=<MseLossBackward0>)
tensor(183.3855, device='cuda:0', grad_fn=<MseLossBackward0>)
Epoch 249 | Loss: 258.596638
tensor(193.3962, device='cuda:0', grad_fn=<MseLossBackward0>)
tensor(186.5284, device='cuda:0', grad_fn=<MseLossBackward0>)
tensor(181.2576, device='cuda:0', grad_fn=<MseLossBackward0>)
tensor(180.4295, device='cuda:0', grad_fn=<MseLossBackward0>)
tensor(173.0786, device='cuda:0', grad_fn=<MseLossBackward0>)
tensor(183.9158, device='cuda:0', grad_fn=<MseLossBackward0>)
tensor(181.9485, device='cuda:0', grad_fn=<MseLossBackward0>)
tensor(186.5627, device='cuda:0', grad_fn=<MseLossBackward0>)
Epoch 250 | Loss: 259.151112
tensor(188.7753, device='cuda:0', grad_fn=<MseLossBackward0>)
tensor(173.3033, device='cuda:0', grad_fn=<MseLossBackward0>)
tensor(181.1633, device='cuda:0', grad_fn=<MseLossBackward0>)
tensor(182.4626, device='cuda:0', grad_fn=<MseLossBackward0>)
tensor(179.9380, device='cuda:0', grad_fn=<MseLossBackward0>)
tensor(182.0584, device='cuda:0', grad_fn=<MseLossBackward0>)
tensor(193.6570, device='cuda:0', grad_fn=<MseLossBackward0>)
tensor(184.3316, device='cuda:0', grad_fn=<MseLossBackward0>)
Epoch 251 | Loss: 257.992914
tensor(186.9060, device='cuda:0', grad_fn=<MseLossBackward0>)
tensor(184.7369, device='cuda:0', grad_fn=<MseLossBackward0>)
tensor(184.2939, device='cuda:0', grad_fn=<MseLossBackward0>)
tensor(182.7431, device='cuda:0', grad_fn=<MseLossBackward0>)
tensor(179.1484, device='cuda:0', grad_fn=<MseLossBackward0>)
tensor(177.1881, device='cuda:0', grad_fn=<MseLossBackward0>)
tensor(180.8448, device='cuda:0', grad_fn=<MseLossBackward0>)
tensor(189.6116, device='cuda:0', grad_fn=<MseLossBackward0>)
Epoch 252 | Loss: 257.674494
tensor(180.6648, device='cuda:0', grad_fn=<MseLossBackward0>)
tensor(178.0610, device='cuda:0', grad_fn=<MseLossBackward0>)
tensor(182.7320, device='cuda:0', grad_fn=<MseLossBackward0>)
tensor(176.4281, device='cuda:0', grad_fn=<MseLossBackward0>)
tensor(193.6731, device='cuda:0', grad_fn=<MseLossBackward0>)
tensor(189.1631, device='cuda:0', grad_fn=<MseLossBackward0>)
tensor(183.7340, device='cuda:0', grad_fn=<MseLossBackward0>)
tensor(177.3891, device='cuda:0', grad_fn=<MseLossBackward0>)
Epoch 253 | Loss: 257.388996
tensor(182.9392, device='cuda:0', grad_fn=<MseLossBackward0>)
tensor(185.7551, device='cuda:0', grad_fn=<MseLossBackward0>)
tensor(177.0102, device='cuda:0', grad_fn=<MseLossBackward0>)
tensor(184.7915, device='cuda:0', grad_fn=<MseLossBackward0>)
tensor(181.0607, device='cuda:0', grad_fn=<MseLossBackward0>)
tensor(183.6117, device='cuda:0', grad_fn=<MseLossBackward0>)
tensor(183.0446, device='cuda:0', grad_fn=<MseLossBackward0>)
tensor(184.5126, device='cuda:0', grad_fn=<MseLossBackward0>)
Epoch 254 | Loss: 257.261993
tensor(181.1831, device='cuda:0', grad_fn=<MseLossBackward0>)
tensor(183.7534, device='cuda:0', grad_fn=<MseLossBackward0>)
tensor(179.7541, device='cuda:0', grad_fn=<MseLossBackward0>)
tensor(180.7242, device='cuda:0', grad_fn=<MseLossBackward0>)
tensor(184.4462, device='cuda:0', grad_fn=<MseLossBackward0>)
tensor(183.5603, device='cuda:0', grad_fn=<MseLossBackward0>)
tensor(187.2894, device='cuda:0', grad_fn=<MseLossBackward0>)
tensor(179.7493, device='cuda:0', grad_fn=<MseLossBackward0>)
Epoch 255 | Loss: 257.172953
tensor(179.0615, device='cuda:0', grad_fn=<MseLossBackward0>)
tensor(182.3468, device='cuda:0', grad_fn=<MseLossBackward0>)
tensor(191.5178, device='cuda:0', grad_fn=<MseLossBackward0>)
tensor(180.1017, device='cuda:0', grad_fn=<MseLossBackward0>)
tensor(185.4175, device='cuda:0', grad_fn=<MseLossBackward0>)
tensor(177.5983, device='cuda:0', grad_fn=<MseLossBackward0>)
tensor(188.0396, device='cuda:0', grad_fn=<MseLossBackward0>)
tensor(174.1706, device='cuda:0', grad_fn=<MseLossBackward0>)
Epoch 256 | Loss: 256.135509
tensor(188.0431, device='cuda:0', grad_fn=<MseLossBackward0>)
tensor(181.2179, device='cuda:0', grad_fn=<MseLossBackward0>)
tensor(182.7862, device='cuda:0', grad_fn=<MseLossBackward0>)
tensor(188.4512, device='cuda:0', grad_fn=<MseLossBackward0>)
tensor(176.4047, device='cuda:0', grad_fn=<MseLossBackward0>)
tensor(179.0981, device='cuda:0', grad_fn=<MseLossBackward0>)
tensor(181.3930, device='cuda:0', grad_fn=<MseLossBackward0>)
tensor(180.4009, device='cuda:0', grad_fn=<MseLossBackward0>)
Epoch 257 | Loss: 255.881739
tensor(183.6708, device='cuda:0', grad_fn=<MseLossBackward0>)
tensor(178.1483, device='cuda:0', grad_fn=<MseLossBackward0>)
tensor(188.1776, device='cuda:0', grad_fn=<MseLossBackward0>)
tensor(182.4777, device='cuda:0', grad_fn=<MseLossBackward0>)
tensor(181.6800, device='cuda:0', grad_fn=<MseLossBackward0>)
tensor(179.0152, device='cuda:0', grad_fn=<MseLossBackward0>)
tensor(181.9703, device='cuda:0', grad_fn=<MseLossBackward0>)
tensor(181.9318, device='cuda:0', grad_fn=<MseLossBackward0>)
Epoch 258 | Loss: 255.267555
tensor(182.5449, device='cuda:0', grad_fn=<MseLossBackward0>)
tensor(181.3509, device='cuda:0', grad_fn=<MseLossBackward0>)
tensor(181.6472, device='cuda:0', grad_fn=<MseLossBackward0>)
tensor(178.3286, device='cuda:0', grad_fn=<MseLossBackward0>)
tensor(182.3304, device='cuda:0', grad_fn=<MseLossBackward0>)
tensor(184.1369, device='cuda:0', grad_fn=<MseLossBackward0>)
tensor(184.9750, device='cuda:0', grad_fn=<MseLossBackward0>)
tensor(180.2851, device='cuda:0', grad_fn=<MseLossBackward0>)
Epoch 259 | Loss: 254.064232
tensor(180.4872, device='cuda:0', grad_fn=<MseLossBackward0>)
tensor(179.3887, device='cuda:0', grad_fn=<MseLossBackward0>)
tensor(179.9594, device='cuda:0', grad_fn=<MseLossBackward0>)
tensor(182.9841, device='cuda:0', grad_fn=<MseLossBackward0>)
tensor(187.2812, device='cuda:0', grad_fn=<MseLossBackward0>)
tensor(186.9018, device='cuda:0', grad_fn=<MseLossBackward0>)
tensor(179.4967, device='cuda:0', grad_fn=<MseLossBackward0>)
tensor(177.2259, device='cuda:0', grad_fn=<MseLossBackward0>)
Epoch 260 | Loss: 256.459555
tensor(187.5200, device='cuda:0', grad_fn=<MseLossBackward0>)
tensor(175.5139, device='cuda:0', grad_fn=<MseLossBackward0>)
tensor(177.4956, device='cuda:0', grad_fn=<MseLossBackward0>)
tensor(188.0168, device='cuda:0', grad_fn=<MseLossBackward0>)
tensor(182.4354, device='cuda:0', grad_fn=<MseLossBackward0>)
tensor(180.3185, device='cuda:0', grad_fn=<MseLossBackward0>)
tensor(179.0019, device='cuda:0', grad_fn=<MseLossBackward0>)
tensor(183.1944, device='cuda:0', grad_fn=<MseLossBackward0>)
Epoch 261 | Loss: 254.093891
tensor(188.7200, device='cuda:0', grad_fn=<MseLossBackward0>)
tensor(175.9416, device='cuda:0', grad_fn=<MseLossBackward0>)
tensor(186.0495, device='cuda:0', grad_fn=<MseLossBackward0>)
tensor(180.6885, device='cuda:0', grad_fn=<MseLossBackward0>)
tensor(178.0011, device='cuda:0', grad_fn=<MseLossBackward0>)
tensor(181.2387, device='cuda:0', grad_fn=<MseLossBackward0>)
tensor(180.1205, device='cuda:0', grad_fn=<MseLossBackward0>)
tensor(181.0437, device='cuda:0', grad_fn=<MseLossBackward0>)
Epoch 262 | Loss: 254.063486
tensor(186.8376, device='cuda:0', grad_fn=<MseLossBackward0>)
tensor(176.9287, device='cuda:0', grad_fn=<MseLossBackward0>)
tensor(180.8991, device='cuda:0', grad_fn=<MseLossBackward0>)
tensor(183.9165, device='cuda:0', grad_fn=<MseLossBackward0>)
tensor(180.3214, device='cuda:0', grad_fn=<MseLossBackward0>)
tensor(179.5117, device='cuda:0', grad_fn=<MseLossBackward0>)
tensor(185.3581, device='cuda:0', grad_fn=<MseLossBackward0>)
tensor(176.1789, device='cuda:0', grad_fn=<MseLossBackward0>)
Epoch 263 | Loss: 255.771261
tensor(176.5965, device='cuda:0', grad_fn=<MseLossBackward0>)
tensor(178.6128, device='cuda:0', grad_fn=<MseLossBackward0>)
tensor(189.5872, device='cuda:0', grad_fn=<MseLossBackward0>)
tensor(177.5921, device='cuda:0', grad_fn=<MseLossBackward0>)
tensor(179.6456, device='cuda:0', grad_fn=<MseLossBackward0>)
tensor(177.2532, device='cuda:0', grad_fn=<MseLossBackward0>)
tensor(184.7200, device='cuda:0', grad_fn=<MseLossBackward0>)
tensor(186.5051, device='cuda:0', grad_fn=<MseLossBackward0>)
Epoch 264 | Loss: 253.481024
tensor(179.0100, device='cuda:0', grad_fn=<MseLossBackward0>)
tensor(183.1844, device='cuda:0', grad_fn=<MseLossBackward0>)
tensor(184.7095, device='cuda:0', grad_fn=<MseLossBackward0>)
tensor(178.7007, device='cuda:0', grad_fn=<MseLossBackward0>)
tensor(176.9323, device='cuda:0', grad_fn=<MseLossBackward0>)
tensor(188.7313, device='cuda:0', grad_fn=<MseLossBackward0>)
tensor(176.3407, device='cuda:0', grad_fn=<MseLossBackward0>)
tensor(180.5655, device='cuda:0', grad_fn=<MseLossBackward0>)
Epoch 265 | Loss: 252.856895
tensor(184.3132, device='cuda:0', grad_fn=<MseLossBackward0>)
tensor(185.7369, device='cuda:0', grad_fn=<MseLossBackward0>)
tensor(176.2145, device='cuda:0', grad_fn=<MseLossBackward0>)
tensor(181.7799, device='cuda:0', grad_fn=<MseLossBackward0>)
tensor(180.1492, device='cuda:0', grad_fn=<MseLossBackward0>)
tensor(178.0204, device='cuda:0', grad_fn=<MseLossBackward0>)
tensor(184.9783, device='cuda:0', grad_fn=<MseLossBackward0>)
tensor(174.7761, device='cuda:0', grad_fn=<MseLossBackward0>)
Epoch 266 | Loss: 256.299210
tensor(180.1573, device='cuda:0', grad_fn=<MseLossBackward0>)
tensor(189.3003, device='cuda:0', grad_fn=<MseLossBackward0>)
tensor(175.6068, device='cuda:0', grad_fn=<MseLossBackward0>)
tensor(174.7159, device='cuda:0', grad_fn=<MseLossBackward0>)
tensor(174.3675, device='cuda:0', grad_fn=<MseLossBackward0>)
tensor(192.2265, device='cuda:0', grad_fn=<MseLossBackward0>)
tensor(179.4716, device='cuda:0', grad_fn=<MseLossBackward0>)
tensor(180.2348, device='cuda:0', grad_fn=<MseLossBackward0>)
Epoch 267 | Loss: 255.414858
tensor(178.3519, device='cuda:0', grad_fn=<MseLossBackward0>)
tensor(177.6598, device='cuda:0', grad_fn=<MseLossBackward0>)
tensor(180.2150, device='cuda:0', grad_fn=<MseLossBackward0>)
tensor(184.4332, device='cuda:0', grad_fn=<MseLossBackward0>)
tensor(182.1938, device='cuda:0', grad_fn=<MseLossBackward0>)
tensor(177.5239, device='cuda:0', grad_fn=<MseLossBackward0>)
tensor(176.9110, device='cuda:0', grad_fn=<MseLossBackward0>)
tensor(189.3286, device='cuda:0', grad_fn=<MseLossBackward0>)
Epoch 268 | Loss: 257.501534
tensor(183.2682, device='cuda:0', grad_fn=<MseLossBackward0>)
tensor(182.4936, device='cuda:0', grad_fn=<MseLossBackward0>)
tensor(177.7095, device='cuda:0', grad_fn=<MseLossBackward0>)
tensor(182.3853, device='cuda:0', grad_fn=<MseLossBackward0>)
tensor(184.8091, device='cuda:0', grad_fn=<MseLossBackward0>)
tensor(179.4960, device='cuda:0', grad_fn=<MseLossBackward0>)
tensor(179.7686, device='cuda:0', grad_fn=<MseLossBackward0>)
tensor(172.4257, device='cuda:0', grad_fn=<MseLossBackward0>)
Epoch 269 | Loss: 260.242960
tensor(184.2097, device='cuda:0', grad_fn=<MseLossBackward0>)
tensor(180.0207, device='cuda:0', grad_fn=<MseLossBackward0>)
tensor(175.2641, device='cuda:0', grad_fn=<MseLossBackward0>)
tensor(179.6019, device='cuda:0', grad_fn=<MseLossBackward0>)
tensor(182.7511, device='cuda:0', grad_fn=<MseLossBackward0>)
tensor(175.2994, device='cuda:0', grad_fn=<MseLossBackward0>)
tensor(183.7478, device='cuda:0', grad_fn=<MseLossBackward0>)
tensor(182.4078, device='cuda:0', grad_fn=<MseLossBackward0>)
Epoch 270 | Loss: 256.389139
tensor(178.3741, device='cuda:0', grad_fn=<MseLossBackward0>)
tensor(188.2023, device='cuda:0', grad_fn=<MseLossBackward0>)
tensor(185.6640, device='cuda:0', grad_fn=<MseLossBackward0>)
tensor(176.2285, device='cuda:0', grad_fn=<MseLossBackward0>)
tensor(177.7778, device='cuda:0', grad_fn=<MseLossBackward0>)
tensor(178.0163, device='cuda:0', grad_fn=<MseLossBackward0>)
tensor(183.9890, device='cuda:0', grad_fn=<MseLossBackward0>)
tensor(171.8735, device='cuda:0', grad_fn=<MseLossBackward0>)
Epoch 271 | Loss: 253.114975
tensor(181.0895, device='cuda:0', grad_fn=<MseLossBackward0>)
tensor(181.4868, device='cuda:0', grad_fn=<MseLossBackward0>)
tensor(186.0913, device='cuda:0', grad_fn=<MseLossBackward0>)
tensor(177.1262, device='cuda:0', grad_fn=<MseLossBackward0>)
tensor(186.1179, device='cuda:0', grad_fn=<MseLossBackward0>)
tensor(177.1555, device='cuda:0', grad_fn=<MseLossBackward0>)
tensor(169.6269, device='cuda:0', grad_fn=<MseLossBackward0>)
tensor(181.8813, device='cuda:0', grad_fn=<MseLossBackward0>)
Epoch 272 | Loss: 253.472708
tensor(183.5588, device='cuda:0', grad_fn=<MseLossBackward0>)
tensor(173.3312, device='cuda:0', grad_fn=<MseLossBackward0>)
tensor(180.4776, device='cuda:0', grad_fn=<MseLossBackward0>)
tensor(180.1105, device='cuda:0', grad_fn=<MseLossBackward0>)
tensor(180.5438, device='cuda:0', grad_fn=<MseLossBackward0>)
tensor(183.0155, device='cuda:0', grad_fn=<MseLossBackward0>)
tensor(179.3443, device='cuda:0', grad_fn=<MseLossBackward0>)
tensor(178.9892, device='cuda:0', grad_fn=<MseLossBackward0>)
Epoch 273 | Loss: 252.380568
tensor(185.2898, device='cuda:0', grad_fn=<MseLossBackward0>)
tensor(180.3458, device='cuda:0', grad_fn=<MseLossBackward0>)
tensor(176.9332, device='cuda:0', grad_fn=<MseLossBackward0>)
tensor(183.9808, device='cuda:0', grad_fn=<MseLossBackward0>)
tensor(177.2254, device='cuda:0', grad_fn=<MseLossBackward0>)
tensor(179.8628, device='cuda:0', grad_fn=<MseLossBackward0>)
tensor(178.1390, device='cuda:0', grad_fn=<MseLossBackward0>)
tensor(176.0523, device='cuda:0', grad_fn=<MseLossBackward0>)
Epoch 274 | Loss: 251.187334
tensor(183.3017, device='cuda:0', grad_fn=<MseLossBackward0>)
tensor(174.6772, device='cuda:0', grad_fn=<MseLossBackward0>)
tensor(185.8682, device='cuda:0', grad_fn=<MseLossBackward0>)
tensor(172.4339, device='cuda:0', grad_fn=<MseLossBackward0>)
tensor(182.6435, device='cuda:0', grad_fn=<MseLossBackward0>)
tensor(180.0808, device='cuda:0', grad_fn=<MseLossBackward0>)
tensor(180.5825, device='cuda:0', grad_fn=<MseLossBackward0>)
tensor(177.2492, device='cuda:0', grad_fn=<MseLossBackward0>)
Epoch 275 | Loss: 253.667727
tensor(183.4107, device='cuda:0', grad_fn=<MseLossBackward0>)
tensor(183.7807, device='cuda:0', grad_fn=<MseLossBackward0>)
tensor(171.9212, device='cuda:0', grad_fn=<MseLossBackward0>)
tensor(172.4605, device='cuda:0', grad_fn=<MseLossBackward0>)
tensor(182.6056, device='cuda:0', grad_fn=<MseLossBackward0>)
tensor(175.0757, device='cuda:0', grad_fn=<MseLossBackward0>)
tensor(181.8366, device='cuda:0', grad_fn=<MseLossBackward0>)
tensor(186.1776, device='cuda:0', grad_fn=<MseLossBackward0>)
Epoch 276 | Loss: 250.194860
tensor(181.3064, device='cuda:0', grad_fn=<MseLossBackward0>)
tensor(185.1717, device='cuda:0', grad_fn=<MseLossBackward0>)
tensor(184.5015, device='cuda:0', grad_fn=<MseLossBackward0>)
tensor(182.4279, device='cuda:0', grad_fn=<MseLossBackward0>)
tensor(176.1326, device='cuda:0', grad_fn=<MseLossBackward0>)
tensor(177.4401, device='cuda:0', grad_fn=<MseLossBackward0>)
tensor(169.7102, device='cuda:0', grad_fn=<MseLossBackward0>)
tensor(178.2664, device='cuda:0', grad_fn=<MseLossBackward0>)
Epoch 277 | Loss: 249.068287
tensor(188.5621, device='cuda:0', grad_fn=<MseLossBackward0>)
tensor(178.3191, device='cuda:0', grad_fn=<MseLossBackward0>)
tensor(177.6038, device='cuda:0', grad_fn=<MseLossBackward0>)
tensor(181.9178, device='cuda:0', grad_fn=<MseLossBackward0>)
tensor(176.1156, device='cuda:0', grad_fn=<MseLossBackward0>)
tensor(178.9822, device='cuda:0', grad_fn=<MseLossBackward0>)
tensor(180.3828, device='cuda:0', grad_fn=<MseLossBackward0>)
tensor(170.0775, device='cuda:0', grad_fn=<MseLossBackward0>)
Epoch 278 | Loss: 248.619402
tensor(175.4954, device='cuda:0', grad_fn=<MseLossBackward0>)
tensor(180.2534, device='cuda:0', grad_fn=<MseLossBackward0>)
tensor(182.3368, device='cuda:0', grad_fn=<MseLossBackward0>)
tensor(177.8382, device='cuda:0', grad_fn=<MseLossBackward0>)
tensor(181.8645, device='cuda:0', grad_fn=<MseLossBackward0>)
tensor(176.0578, device='cuda:0', grad_fn=<MseLossBackward0>)
tensor(180.3595, device='cuda:0', grad_fn=<MseLossBackward0>)
tensor(177.5256, device='cuda:0', grad_fn=<MseLossBackward0>)
Epoch 279 | Loss: 248.085323
tensor(175.9401, device='cuda:0', grad_fn=<MseLossBackward0>)
tensor(178.9974, device='cuda:0', grad_fn=<MseLossBackward0>)
tensor(180.6940, device='cuda:0', grad_fn=<MseLossBackward0>)
tensor(179.2980, device='cuda:0', grad_fn=<MseLossBackward0>)
tensor(178.8815, device='cuda:0', grad_fn=<MseLossBackward0>)
tensor(178.0657, device='cuda:0', grad_fn=<MseLossBackward0>)
tensor(181.5892, device='cuda:0', grad_fn=<MseLossBackward0>)
tensor(177.3138, device='cuda:0', grad_fn=<MseLossBackward0>)
Epoch 280 | Loss: 249.412672
tensor(175.8327, device='cuda:0', grad_fn=<MseLossBackward0>)
tensor(176.2043, device='cuda:0', grad_fn=<MseLossBackward0>)
tensor(179.2118, device='cuda:0', grad_fn=<MseLossBackward0>)
tensor(180.7298, device='cuda:0', grad_fn=<MseLossBackward0>)
tensor(175.8769, device='cuda:0', grad_fn=<MseLossBackward0>)
tensor(189.0925, device='cuda:0', grad_fn=<MseLossBackward0>)
tensor(174.9206, device='cuda:0', grad_fn=<MseLossBackward0>)
tensor(177.6576, device='cuda:0', grad_fn=<MseLossBackward0>)
Epoch 281 | Loss: 248.684669
tensor(182.5264, device='cuda:0', grad_fn=<MseLossBackward0>)
tensor(177.0890, device='cuda:0', grad_fn=<MseLossBackward0>)
tensor(178.7310, device='cuda:0', grad_fn=<MseLossBackward0>)
tensor(178.0344, device='cuda:0', grad_fn=<MseLossBackward0>)
tensor(178.0082, device='cuda:0', grad_fn=<MseLossBackward0>)
tensor(175.1977, device='cuda:0', grad_fn=<MseLossBackward0>)
tensor(182.3618, device='cuda:0', grad_fn=<MseLossBackward0>)
tensor(176.2931, device='cuda:0', grad_fn=<MseLossBackward0>)
Epoch 282 | Loss: 249.617018
tensor(170.6580, device='cuda:0', grad_fn=<MseLossBackward0>)
tensor(180.8104, device='cuda:0', grad_fn=<MseLossBackward0>)
tensor(184.7619, device='cuda:0', grad_fn=<MseLossBackward0>)
tensor(172.4956, device='cuda:0', grad_fn=<MseLossBackward0>)
tensor(181.7390, device='cuda:0', grad_fn=<MseLossBackward0>)
tensor(172.1860, device='cuda:0', grad_fn=<MseLossBackward0>)
tensor(183.3660, device='cuda:0', grad_fn=<MseLossBackward0>)
tensor(182.2221, device='cuda:0', grad_fn=<MseLossBackward0>)
Epoch 283 | Loss: 249.681986
tensor(181.8545, device='cuda:0', grad_fn=<MseLossBackward0>)
tensor(188.0035, device='cuda:0', grad_fn=<MseLossBackward0>)
tensor(176.3031, device='cuda:0', grad_fn=<MseLossBackward0>)
tensor(180.3666, device='cuda:0', grad_fn=<MseLossBackward0>)
tensor(173.9918, device='cuda:0', grad_fn=<MseLossBackward0>)
tensor(173.4644, device='cuda:0', grad_fn=<MseLossBackward0>)
tensor(173.6391, device='cuda:0', grad_fn=<MseLossBackward0>)
tensor(178.2983, device='cuda:0', grad_fn=<MseLossBackward0>)
Epoch 284 | Loss: 250.959852
tensor(177.5285, device='cuda:0', grad_fn=<MseLossBackward0>)
tensor(176.6208, device='cuda:0', grad_fn=<MseLossBackward0>)
tensor(171.3049, device='cuda:0', grad_fn=<MseLossBackward0>)
tensor(181.8375, device='cuda:0', grad_fn=<MseLossBackward0>)
tensor(180.2742, device='cuda:0', grad_fn=<MseLossBackward0>)
tensor(180.3432, device='cuda:0', grad_fn=<MseLossBackward0>)
tensor(176.4897, device='cuda:0', grad_fn=<MseLossBackward0>)
tensor(181.3029, device='cuda:0', grad_fn=<MseLossBackward0>)
Epoch 285 | Loss: 248.505976
tensor(179.5035, device='cuda:0', grad_fn=<MseLossBackward0>)
tensor(178.5072, device='cuda:0', grad_fn=<MseLossBackward0>)
tensor(181.6445, device='cuda:0', grad_fn=<MseLossBackward0>)
tensor(179.8581, device='cuda:0', grad_fn=<MseLossBackward0>)
tensor(176.3323, device='cuda:0', grad_fn=<MseLossBackward0>)
tensor(170.7620, device='cuda:0', grad_fn=<MseLossBackward0>)
tensor(182.9871, device='cuda:0', grad_fn=<MseLossBackward0>)
tensor(173.6392, device='cuda:0', grad_fn=<MseLossBackward0>)
Epoch 286 | Loss: 251.370474
tensor(182.1593, device='cuda:0', grad_fn=<MseLossBackward0>)
tensor(177.8950, device='cuda:0', grad_fn=<MseLossBackward0>)
tensor(179.6478, device='cuda:0', grad_fn=<MseLossBackward0>)
tensor(175.4051, device='cuda:0', grad_fn=<MseLossBackward0>)
tensor(175.3941, device='cuda:0', grad_fn=<MseLossBackward0>)
tensor(178.0976, device='cuda:0', grad_fn=<MseLossBackward0>)
tensor(182.1218, device='cuda:0', grad_fn=<MseLossBackward0>)
tensor(170.2938, device='cuda:0', grad_fn=<MseLossBackward0>)
Epoch 287 | Loss: 246.287853
tensor(181.0328, device='cuda:0', grad_fn=<MseLossBackward0>)
tensor(174.8055, device='cuda:0', grad_fn=<MseLossBackward0>)
tensor(182.0829, device='cuda:0', grad_fn=<MseLossBackward0>)
tensor(178.1721, device='cuda:0', grad_fn=<MseLossBackward0>)
tensor(169.3420, device='cuda:0', grad_fn=<MseLossBackward0>)
tensor(181.1985, device='cuda:0', grad_fn=<MseLossBackward0>)
tensor(178.1756, device='cuda:0', grad_fn=<MseLossBackward0>)
tensor(176.4247, device='cuda:0', grad_fn=<MseLossBackward0>)
Epoch 288 | Loss: 246.842480
tensor(174.3534, device='cuda:0', grad_fn=<MseLossBackward0>)
tensor(175.7567, device='cuda:0', grad_fn=<MseLossBackward0>)
tensor(179.1565, device='cuda:0', grad_fn=<MseLossBackward0>)
tensor(172.8603, device='cuda:0', grad_fn=<MseLossBackward0>)
tensor(181.3239, device='cuda:0', grad_fn=<MseLossBackward0>)
tensor(179.4856, device='cuda:0', grad_fn=<MseLossBackward0>)
tensor(180.7280, device='cuda:0', grad_fn=<MseLossBackward0>)
tensor(175.9620, device='cuda:0', grad_fn=<MseLossBackward0>)
Epoch 289 | Loss: 246.165768
tensor(177.1306, device='cuda:0', grad_fn=<MseLossBackward0>)
tensor(185.0520, device='cuda:0', grad_fn=<MseLossBackward0>)
tensor(184.0120, device='cuda:0', grad_fn=<MseLossBackward0>)
tensor(177.4010, device='cuda:0', grad_fn=<MseLossBackward0>)
tensor(175.4121, device='cuda:0', grad_fn=<MseLossBackward0>)
tensor(173.7317, device='cuda:0', grad_fn=<MseLossBackward0>)
tensor(167.7175, device='cuda:0', grad_fn=<MseLossBackward0>)
tensor(178.5708, device='cuda:0', grad_fn=<MseLossBackward0>)
Epoch 290 | Loss: 246.297106
tensor(176.7107, device='cuda:0', grad_fn=<MseLossBackward0>)
tensor(183.1610, device='cuda:0', grad_fn=<MseLossBackward0>)
tensor(168.2625, device='cuda:0', grad_fn=<MseLossBackward0>)
tensor(174.1794, device='cuda:0', grad_fn=<MseLossBackward0>)
tensor(176.4804, device='cuda:0', grad_fn=<MseLossBackward0>)
tensor(185.0074, device='cuda:0', grad_fn=<MseLossBackward0>)
tensor(176.1642, device='cuda:0', grad_fn=<MseLossBackward0>)
tensor(177.9330, device='cuda:0', grad_fn=<MseLossBackward0>)
Epoch 291 | Loss: 244.925865
tensor(175.6402, device='cuda:0', grad_fn=<MseLossBackward0>)
tensor(184.2485, device='cuda:0', grad_fn=<MseLossBackward0>)
tensor(179.1171, device='cuda:0', grad_fn=<MseLossBackward0>)
tensor(172.8392, device='cuda:0', grad_fn=<MseLossBackward0>)
tensor(177.4531, device='cuda:0', grad_fn=<MseLossBackward0>)
tensor(172.4070, device='cuda:0', grad_fn=<MseLossBackward0>)
tensor(180.6702, device='cuda:0', grad_fn=<MseLossBackward0>)
tensor(173.5583, device='cuda:0', grad_fn=<MseLossBackward0>)
Epoch 292 | Loss: 246.050684
tensor(178.9512, device='cuda:0', grad_fn=<MseLossBackward0>)
tensor(167.0914, device='cuda:0', grad_fn=<MseLossBackward0>)
tensor(179.7197, device='cuda:0', grad_fn=<MseLossBackward0>)
tensor(177.7371, device='cuda:0', grad_fn=<MseLossBackward0>)
tensor(173.6911, device='cuda:0', grad_fn=<MseLossBackward0>)
tensor(177.6948, device='cuda:0', grad_fn=<MseLossBackward0>)
tensor(184.1824, device='cuda:0', grad_fn=<MseLossBackward0>)
tensor(176.5409, device='cuda:0', grad_fn=<MseLossBackward0>)
Epoch 293 | Loss: 246.415257
tensor(181.6184, device='cuda:0', grad_fn=<MseLossBackward0>)
tensor(175.9066, device='cuda:0', grad_fn=<MseLossBackward0>)
tensor(175.9009, device='cuda:0', grad_fn=<MseLossBackward0>)
tensor(174.9963, device='cuda:0', grad_fn=<MseLossBackward0>)
tensor(178.2622, device='cuda:0', grad_fn=<MseLossBackward0>)
tensor(179.3878, device='cuda:0', grad_fn=<MseLossBackward0>)
tensor(176.2252, device='cuda:0', grad_fn=<MseLossBackward0>)
tensor(170.9932, device='cuda:0', grad_fn=<MseLossBackward0>)
Epoch 294 | Loss: 243.982088
tensor(176.6870, device='cuda:0', grad_fn=<MseLossBackward0>)
tensor(177.2688, device='cuda:0', grad_fn=<MseLossBackward0>)
tensor(175.5772, device='cuda:0', grad_fn=<MseLossBackward0>)
tensor(180.3813, device='cuda:0', grad_fn=<MseLossBackward0>)
tensor(171.7284, device='cuda:0', grad_fn=<MseLossBackward0>)
tensor(179.3152, device='cuda:0', grad_fn=<MseLossBackward0>)
tensor(174.0614, device='cuda:0', grad_fn=<MseLossBackward0>)
tensor(178.2997, device='cuda:0', grad_fn=<MseLossBackward0>)
Epoch 295 | Loss: 244.000673
tensor(173.0374, device='cuda:0', grad_fn=<MseLossBackward0>)
tensor(176.6286, device='cuda:0', grad_fn=<MseLossBackward0>)
tensor(182.8802, device='cuda:0', grad_fn=<MseLossBackward0>)
tensor(176.3235, device='cuda:0', grad_fn=<MseLossBackward0>)
tensor(173.8159, device='cuda:0', grad_fn=<MseLossBackward0>)
tensor(177.5361, device='cuda:0', grad_fn=<MseLossBackward0>)
tensor(169.7247, device='cuda:0', grad_fn=<MseLossBackward0>)
tensor(182.9964, device='cuda:0', grad_fn=<MseLossBackward0>)
Epoch 296 | Loss: 243.902040
tensor(171.9150, device='cuda:0', grad_fn=<MseLossBackward0>)
tensor(176.4598, device='cuda:0', grad_fn=<MseLossBackward0>)
tensor(173.9072, device='cuda:0', grad_fn=<MseLossBackward0>)
tensor(173.3929, device='cuda:0', grad_fn=<MseLossBackward0>)
tensor(178.7142, device='cuda:0', grad_fn=<MseLossBackward0>)
tensor(179.0273, device='cuda:0', grad_fn=<MseLossBackward0>)
tensor(188.0372, device='cuda:0', grad_fn=<MseLossBackward0>)
tensor(167.7168, device='cuda:0', grad_fn=<MseLossBackward0>)
Epoch 297 | Loss: 245.205490
tensor(183.1961, device='cuda:0', grad_fn=<MseLossBackward0>)
tensor(174.5645, device='cuda:0', grad_fn=<MseLossBackward0>)
tensor(179.9349, device='cuda:0', grad_fn=<MseLossBackward0>)
tensor(175.8838, device='cuda:0', grad_fn=<MseLossBackward0>)
tensor(177.4014, device='cuda:0', grad_fn=<MseLossBackward0>)
tensor(173.1741, device='cuda:0', grad_fn=<MseLossBackward0>)
tensor(170.2509, device='cuda:0', grad_fn=<MseLossBackward0>)
tensor(175.3347, device='cuda:0', grad_fn=<MseLossBackward0>)
Epoch 298 | Loss: 244.647078
tensor(174.9892, device='cuda:0', grad_fn=<MseLossBackward0>)
tensor(180.1527, device='cuda:0', grad_fn=<MseLossBackward0>)
tensor(175.0123, device='cuda:0', grad_fn=<MseLossBackward0>)
tensor(171.1220, device='cuda:0', grad_fn=<MseLossBackward0>)
tensor(175.0323, device='cuda:0', grad_fn=<MseLossBackward0>)
tensor(176.4173, device='cuda:0', grad_fn=<MseLossBackward0>)
tensor(179.0587, device='cuda:0', grad_fn=<MseLossBackward0>)
tensor(176.9417, device='cuda:0', grad_fn=<MseLossBackward0>)
Epoch 299 | Loss: 246.982388
tensor(173.2513, device='cuda:0', grad_fn=<MseLossBackward0>)
tensor(178.0346, device='cuda:0', grad_fn=<MseLossBackward0>)
tensor(176.3942, device='cuda:0', grad_fn=<MseLossBackward0>)
tensor(166.0817, device='cuda:0', grad_fn=<MseLossBackward0>)
tensor(174.8453, device='cuda:0', grad_fn=<MseLossBackward0>)
tensor(176.4091, device='cuda:0', grad_fn=<MseLossBackward0>)
tensor(178.4332, device='cuda:0', grad_fn=<MseLossBackward0>)
tensor(185.8143, device='cuda:0', grad_fn=<MseLossBackward0>)
Epoch 300 | Loss: 246.727510
tensor(176.8101, device='cuda:0', grad_fn=<MseLossBackward0>)
tensor(169.5788, device='cuda:0', grad_fn=<MseLossBackward0>)
tensor(171.3140, device='cuda:0', grad_fn=<MseLossBackward0>)
tensor(180.5700, device='cuda:0', grad_fn=<MseLossBackward0>)
tensor(177.9034, device='cuda:0', grad_fn=<MseLossBackward0>)
tensor(185.8202, device='cuda:0', grad_fn=<MseLossBackward0>)
tensor(173.9414, device='cuda:0', grad_fn=<MseLossBackward0>)
tensor(169.5682, device='cuda:0', grad_fn=<MseLossBackward0>)
Epoch 301 | Loss: 249.079294
tensor(177.0481, device='cuda:0', grad_fn=<MseLossBackward0>)
tensor(175.5926, device='cuda:0', grad_fn=<MseLossBackward0>)
tensor(179.2324, device='cuda:0', grad_fn=<MseLossBackward0>)
tensor(173.5624, device='cuda:0', grad_fn=<MseLossBackward0>)
tensor(180.2834, device='cuda:0', grad_fn=<MseLossBackward0>)
tensor(175.6197, device='cuda:0', grad_fn=<MseLossBackward0>)
tensor(170.3869, device='cuda:0', grad_fn=<MseLossBackward0>)
tensor(173.2267, device='cuda:0', grad_fn=<MseLossBackward0>)
Epoch 302 | Loss: 246.382620
tensor(173.4913, device='cuda:0', grad_fn=<MseLossBackward0>)
tensor(181.8590, device='cuda:0', grad_fn=<MseLossBackward0>)
tensor(174.4776, device='cuda:0', grad_fn=<MseLossBackward0>)
tensor(175.1254, device='cuda:0', grad_fn=<MseLossBackward0>)
tensor(181.0045, device='cuda:0', grad_fn=<MseLossBackward0>)
tensor(172.8355, device='cuda:0', grad_fn=<MseLossBackward0>)
tensor(172.4462, device='cuda:0', grad_fn=<MseLossBackward0>)
tensor(172.4620, device='cuda:0', grad_fn=<MseLossBackward0>)
Epoch 303 | Loss: 244.741430
tensor(171.4261, device='cuda:0', grad_fn=<MseLossBackward0>)
tensor(171.9362, device='cuda:0', grad_fn=<MseLossBackward0>)
tensor(173.7088, device='cuda:0', grad_fn=<MseLossBackward0>)
tensor(179.4550, device='cuda:0', grad_fn=<MseLossBackward0>)
tensor(177.3297, device='cuda:0', grad_fn=<MseLossBackward0>)
tensor(173.7268, device='cuda:0', grad_fn=<MseLossBackward0>)
tensor(183.1897, device='cuda:0', grad_fn=<MseLossBackward0>)
tensor(170.9068, device='cuda:0', grad_fn=<MseLossBackward0>)
Epoch 304 | Loss: 241.599188
tensor(190.7753, device='cuda:0', grad_fn=<MseLossBackward0>)
tensor(175.0037, device='cuda:0', grad_fn=<MseLossBackward0>)
tensor(174.0910, device='cuda:0', grad_fn=<MseLossBackward0>)
tensor(169.2017, device='cuda:0', grad_fn=<MseLossBackward0>)
tensor(165.2887, device='cuda:0', grad_fn=<MseLossBackward0>)
tensor(176.7274, device='cuda:0', grad_fn=<MseLossBackward0>)
tensor(178.3857, device='cuda:0', grad_fn=<MseLossBackward0>)
tensor(171.0902, device='cuda:0', grad_fn=<MseLossBackward0>)
Epoch 305 | Loss: 242.676640
tensor(168.1357, device='cuda:0', grad_fn=<MseLossBackward0>)
tensor(180.2613, device='cuda:0', grad_fn=<MseLossBackward0>)
tensor(182.0464, device='cuda:0', grad_fn=<MseLossBackward0>)
tensor(178.7836, device='cuda:0', grad_fn=<MseLossBackward0>)
tensor(170.7444, device='cuda:0', grad_fn=<MseLossBackward0>)
tensor(177.0909, device='cuda:0', grad_fn=<MseLossBackward0>)
tensor(170.0439, device='cuda:0', grad_fn=<MseLossBackward0>)
tensor(173.1681, device='cuda:0', grad_fn=<MseLossBackward0>)
Epoch 306 | Loss: 244.026041
tensor(173.4484, device='cuda:0', grad_fn=<MseLossBackward0>)
tensor(175.7411, device='cuda:0', grad_fn=<MseLossBackward0>)
tensor(177.9229, device='cuda:0', grad_fn=<MseLossBackward0>)
tensor(174.5008, device='cuda:0', grad_fn=<MseLossBackward0>)
tensor(170.6900, device='cuda:0', grad_fn=<MseLossBackward0>)
tensor(174.2883, device='cuda:0', grad_fn=<MseLossBackward0>)
tensor(182.0307, device='cuda:0', grad_fn=<MseLossBackward0>)
tensor(169.7991, device='cuda:0', grad_fn=<MseLossBackward0>)
Epoch 307 | Loss: 241.758492
tensor(174.4368, device='cuda:0', grad_fn=<MseLossBackward0>)
tensor(175.8865, device='cuda:0', grad_fn=<MseLossBackward0>)
tensor(167.7320, device='cuda:0', grad_fn=<MseLossBackward0>)
tensor(178.8607, device='cuda:0', grad_fn=<MseLossBackward0>)
tensor(174.5722, device='cuda:0', grad_fn=<MseLossBackward0>)
tensor(173.1568, device='cuda:0', grad_fn=<MseLossBackward0>)
tensor(174.7926, device='cuda:0', grad_fn=<MseLossBackward0>)
tensor(179.3031, device='cuda:0', grad_fn=<MseLossBackward0>)
Epoch 308 | Loss: 241.081087
tensor(168.0321, device='cuda:0', grad_fn=<MseLossBackward0>)
tensor(175.2890, device='cuda:0', grad_fn=<MseLossBackward0>)
tensor(182.3608, device='cuda:0', grad_fn=<MseLossBackward0>)
tensor(173.3001, device='cuda:0', grad_fn=<MseLossBackward0>)
tensor(174.5769, device='cuda:0', grad_fn=<MseLossBackward0>)
tensor(173.1965, device='cuda:0', grad_fn=<MseLossBackward0>)
tensor(176.6645, device='cuda:0', grad_fn=<MseLossBackward0>)
tensor(172.6846, device='cuda:0', grad_fn=<MseLossBackward0>)
Epoch 309 | Loss: 240.443794
tensor(173.7674, device='cuda:0', grad_fn=<MseLossBackward0>)
tensor(170.6253, device='cuda:0', grad_fn=<MseLossBackward0>)
tensor(167.4176, device='cuda:0', grad_fn=<MseLossBackward0>)
tensor(175.8162, device='cuda:0', grad_fn=<MseLossBackward0>)
tensor(178.6523, device='cuda:0', grad_fn=<MseLossBackward0>)
tensor(177.3167, device='cuda:0', grad_fn=<MseLossBackward0>)
tensor(177.6668, device='cuda:0', grad_fn=<MseLossBackward0>)
tensor(174.2032, device='cuda:0', grad_fn=<MseLossBackward0>)
Epoch 310 | Loss: 239.587605
tensor(183.8314, device='cuda:0', grad_fn=<MseLossBackward0>)
tensor(168.5181, device='cuda:0', grad_fn=<MseLossBackward0>)
tensor(170.4393, device='cuda:0', grad_fn=<MseLossBackward0>)
tensor(174.6767, device='cuda:0', grad_fn=<MseLossBackward0>)
tensor(169.8788, device='cuda:0', grad_fn=<MseLossBackward0>)
tensor(177.7855, device='cuda:0', grad_fn=<MseLossBackward0>)
tensor(177.5023, device='cuda:0', grad_fn=<MseLossBackward0>)
tensor(171.1479, device='cuda:0', grad_fn=<MseLossBackward0>)
Epoch 311 | Loss: 241.185257
tensor(172.6276, device='cuda:0', grad_fn=<MseLossBackward0>)
tensor(171.7989, device='cuda:0', grad_fn=<MseLossBackward0>)
tensor(178.0379, device='cuda:0', grad_fn=<MseLossBackward0>)
tensor(178.0080, device='cuda:0', grad_fn=<MseLossBackward0>)
tensor(166.3991, device='cuda:0', grad_fn=<MseLossBackward0>)
tensor(174.2647, device='cuda:0', grad_fn=<MseLossBackward0>)
tensor(170.5512, device='cuda:0', grad_fn=<MseLossBackward0>)
tensor(183.0435, device='cuda:0', grad_fn=<MseLossBackward0>)
Epoch 312 | Loss: 249.465462
tensor(173.5235, device='cuda:0', grad_fn=<MseLossBackward0>)
tensor(174.5760, device='cuda:0', grad_fn=<MseLossBackward0>)
tensor(177.2947, device='cuda:0', grad_fn=<MseLossBackward0>)
tensor(172.2005, device='cuda:0', grad_fn=<MseLossBackward0>)
tensor(178.1529, device='cuda:0', grad_fn=<MseLossBackward0>)
tensor(177.7393, device='cuda:0', grad_fn=<MseLossBackward0>)
tensor(168.4202, device='cuda:0', grad_fn=<MseLossBackward0>)
tensor(169.6828, device='cuda:0', grad_fn=<MseLossBackward0>)
Epoch 313 | Loss: 250.546988
tensor(169.2772, device='cuda:0', grad_fn=<MseLossBackward0>)
tensor(168.2417, device='cuda:0', grad_fn=<MseLossBackward0>)
tensor(171.9245, device='cuda:0', grad_fn=<MseLossBackward0>)
tensor(172.2867, device='cuda:0', grad_fn=<MseLossBackward0>)
tensor(177.0868, device='cuda:0', grad_fn=<MseLossBackward0>)
tensor(176.9779, device='cuda:0', grad_fn=<MseLossBackward0>)
tensor(179.0264, device='cuda:0', grad_fn=<MseLossBackward0>)
tensor(177.4551, device='cuda:0', grad_fn=<MseLossBackward0>)
Epoch 314 | Loss: 245.804853
tensor(171.9066, device='cuda:0', grad_fn=<MseLossBackward0>)
tensor(174.7079, device='cuda:0', grad_fn=<MseLossBackward0>)
tensor(180.4892, device='cuda:0', grad_fn=<MseLossBackward0>)
tensor(172.3288, device='cuda:0', grad_fn=<MseLossBackward0>)
tensor(179.2063, device='cuda:0', grad_fn=<MseLossBackward0>)
tensor(172.0175, device='cuda:0', grad_fn=<MseLossBackward0>)
tensor(170.4750, device='cuda:0', grad_fn=<MseLossBackward0>)
tensor(168.4935, device='cuda:0', grad_fn=<MseLossBackward0>)
Epoch 315 | Loss: 251.728001
tensor(168.7792, device='cuda:0', grad_fn=<MseLossBackward0>)
tensor(169.3166, device='cuda:0', grad_fn=<MseLossBackward0>)
tensor(180.1933, device='cuda:0', grad_fn=<MseLossBackward0>)
tensor(170.1134, device='cuda:0', grad_fn=<MseLossBackward0>)
tensor(166.9745, device='cuda:0', grad_fn=<MseLossBackward0>)
tensor(182.9173, device='cuda:0', grad_fn=<MseLossBackward0>)
tensor(179.2702, device='cuda:0', grad_fn=<MseLossBackward0>)
tensor(171.4126, device='cuda:0', grad_fn=<MseLossBackward0>)
Epoch 316 | Loss: 241.582348
tensor(171.5196, device='cuda:0', grad_fn=<MseLossBackward0>)
tensor(180.0162, device='cuda:0', grad_fn=<MseLossBackward0>)
tensor(176.9374, device='cuda:0', grad_fn=<MseLossBackward0>)
tensor(173.2219, device='cuda:0', grad_fn=<MseLossBackward0>)
tensor(169.4827, device='cuda:0', grad_fn=<MseLossBackward0>)
tensor(172.2099, device='cuda:0', grad_fn=<MseLossBackward0>)
tensor(169.9064, device='cuda:0', grad_fn=<MseLossBackward0>)
tensor(175.2991, device='cuda:0', grad_fn=<MseLossBackward0>)
Epoch 317 | Loss: 242.113817
tensor(171.6551, device='cuda:0', grad_fn=<MseLossBackward0>)
tensor(177.7600, device='cuda:0', grad_fn=<MseLossBackward0>)
tensor(171.8233, device='cuda:0', grad_fn=<MseLossBackward0>)
tensor(171.4907, device='cuda:0', grad_fn=<MseLossBackward0>)
tensor(171.7603, device='cuda:0', grad_fn=<MseLossBackward0>)
tensor(174.1840, device='cuda:0', grad_fn=<MseLossBackward0>)
tensor(170.1103, device='cuda:0', grad_fn=<MseLossBackward0>)
tensor(178.9971, device='cuda:0', grad_fn=<MseLossBackward0>)
Epoch 318 | Loss: 240.624487
tensor(178.5617, device='cuda:0', grad_fn=<MseLossBackward0>)
tensor(163.4968, device='cuda:0', grad_fn=<MseLossBackward0>)
tensor(168.6780, device='cuda:0', grad_fn=<MseLossBackward0>)
tensor(175.6175, device='cuda:0', grad_fn=<MseLossBackward0>)
tensor(181.4300, device='cuda:0', grad_fn=<MseLossBackward0>)
tensor(170.7352, device='cuda:0', grad_fn=<MseLossBackward0>)
tensor(176.4173, device='cuda:0', grad_fn=<MseLossBackward0>)
tensor(169.8633, device='cuda:0', grad_fn=<MseLossBackward0>)
Epoch 319 | Loss: 238.012718
tensor(176.6151, device='cuda:0', grad_fn=<MseLossBackward0>)
tensor(171.4634, device='cuda:0', grad_fn=<MseLossBackward0>)
tensor(175.6922, device='cuda:0', grad_fn=<MseLossBackward0>)
tensor(173.4405, device='cuda:0', grad_fn=<MseLossBackward0>)
tensor(176.6538, device='cuda:0', grad_fn=<MseLossBackward0>)
tensor(168.8928, device='cuda:0', grad_fn=<MseLossBackward0>)
tensor(173.9904, device='cuda:0', grad_fn=<MseLossBackward0>)
tensor(166.9589, device='cuda:0', grad_fn=<MseLossBackward0>)
Epoch 320 | Loss: 238.219143
tensor(173.6065, device='cuda:0', grad_fn=<MseLossBackward0>)
tensor(173.9755, device='cuda:0', grad_fn=<MseLossBackward0>)
tensor(174.0089, device='cuda:0', grad_fn=<MseLossBackward0>)
tensor(176.3812, device='cuda:0', grad_fn=<MseLossBackward0>)
tensor(166.6725, device='cuda:0', grad_fn=<MseLossBackward0>)
tensor(176.4159, device='cuda:0', grad_fn=<MseLossBackward0>)
tensor(168.3267, device='cuda:0', grad_fn=<MseLossBackward0>)
tensor(174.3897, device='cuda:0', grad_fn=<MseLossBackward0>)
Epoch 321 | Loss: 239.888685
tensor(166.3423, device='cuda:0', grad_fn=<MseLossBackward0>)
tensor(176.7998, device='cuda:0', grad_fn=<MseLossBackward0>)
tensor(171.5811, device='cuda:0', grad_fn=<MseLossBackward0>)
tensor(173.2745, device='cuda:0', grad_fn=<MseLossBackward0>)
tensor(181.7800, device='cuda:0', grad_fn=<MseLossBackward0>)
tensor(165.0213, device='cuda:0', grad_fn=<MseLossBackward0>)
tensor(175.5046, device='cuda:0', grad_fn=<MseLossBackward0>)
tensor(172.0780, device='cuda:0', grad_fn=<MseLossBackward0>)
Epoch 322 | Loss: 237.447641
tensor(172.2131, device='cuda:0', grad_fn=<MseLossBackward0>)
tensor(173.3130, device='cuda:0', grad_fn=<MseLossBackward0>)
tensor(178.0307, device='cuda:0', grad_fn=<MseLossBackward0>)
tensor(174.2381, device='cuda:0', grad_fn=<MseLossBackward0>)
tensor(170.5957, device='cuda:0', grad_fn=<MseLossBackward0>)
tensor(171.7850, device='cuda:0', grad_fn=<MseLossBackward0>)
tensor(173.9996, device='cuda:0', grad_fn=<MseLossBackward0>)
tensor(166.0147, device='cuda:0', grad_fn=<MseLossBackward0>)
Epoch 323 | Loss: 236.872389
tensor(173.3208, device='cuda:0', grad_fn=<MseLossBackward0>)
tensor(175.0469, device='cuda:0', grad_fn=<MseLossBackward0>)
tensor(175.8116, device='cuda:0', grad_fn=<MseLossBackward0>)
tensor(175.0477, device='cuda:0', grad_fn=<MseLossBackward0>)
tensor(170.2743, device='cuda:0', grad_fn=<MseLossBackward0>)
tensor(168.2846, device='cuda:0', grad_fn=<MseLossBackward0>)
tensor(168.4103, device='cuda:0', grad_fn=<MseLossBackward0>)
tensor(174.4360, device='cuda:0', grad_fn=<MseLossBackward0>)
Epoch 324 | Loss: 236.244034
tensor(173.4424, device='cuda:0', grad_fn=<MseLossBackward0>)
tensor(167.3488, device='cuda:0', grad_fn=<MseLossBackward0>)
tensor(177.6510, device='cuda:0', grad_fn=<MseLossBackward0>)
tensor(169.5099, device='cuda:0', grad_fn=<MseLossBackward0>)
tensor(175.5347, device='cuda:0', grad_fn=<MseLossBackward0>)
tensor(173.7994, device='cuda:0', grad_fn=<MseLossBackward0>)
tensor(170.3232, device='cuda:0', grad_fn=<MseLossBackward0>)
tensor(171.5979, device='cuda:0', grad_fn=<MseLossBackward0>)
Epoch 325 | Loss: 236.546413
tensor(175.6820, device='cuda:0', grad_fn=<MseLossBackward0>)
tensor(169.4693, device='cuda:0', grad_fn=<MseLossBackward0>)
tensor(176.4300, device='cuda:0', grad_fn=<MseLossBackward0>)
tensor(166.5985, device='cuda:0', grad_fn=<MseLossBackward0>)
tensor(177.3400, device='cuda:0', grad_fn=<MseLossBackward0>)
tensor(167.5673, device='cuda:0', grad_fn=<MseLossBackward0>)
tensor(169.8244, device='cuda:0', grad_fn=<MseLossBackward0>)
tensor(176.0587, device='cuda:0', grad_fn=<MseLossBackward0>)
Epoch 326 | Loss: 238.617521
tensor(175.4011, device='cuda:0', grad_fn=<MseLossBackward0>)
tensor(168.6862, device='cuda:0', grad_fn=<MseLossBackward0>)
tensor(178.9608, device='cuda:0', grad_fn=<MseLossBackward0>)
tensor(168.7588, device='cuda:0', grad_fn=<MseLossBackward0>)
tensor(166.6680, device='cuda:0', grad_fn=<MseLossBackward0>)
tensor(175.5613, device='cuda:0', grad_fn=<MseLossBackward0>)
tensor(170.9931, device='cuda:0', grad_fn=<MseLossBackward0>)
tensor(172.1983, device='cuda:0', grad_fn=<MseLossBackward0>)
Epoch 327 | Loss: 235.383562
tensor(177.8151, device='cuda:0', grad_fn=<MseLossBackward0>)
tensor(173.1190, device='cuda:0', grad_fn=<MseLossBackward0>)
tensor(174.8517, device='cuda:0', grad_fn=<MseLossBackward0>)
tensor(166.2591, device='cuda:0', grad_fn=<MseLossBackward0>)
tensor(170.5169, device='cuda:0', grad_fn=<MseLossBackward0>)
tensor(178.1167, device='cuda:0', grad_fn=<MseLossBackward0>)
tensor(165.6486, device='cuda:0', grad_fn=<MseLossBackward0>)
tensor(169.0475, device='cuda:0', grad_fn=<MseLossBackward0>)
Epoch 328 | Loss: 235.674002
tensor(178.6318, device='cuda:0', grad_fn=<MseLossBackward0>)
tensor(161.9185, device='cuda:0', grad_fn=<MseLossBackward0>)
tensor(168.1373, device='cuda:0', grad_fn=<MseLossBackward0>)
tensor(169.5088, device='cuda:0', grad_fn=<MseLossBackward0>)
tensor(173.3197, device='cuda:0', grad_fn=<MseLossBackward0>)
tensor(178.5039, device='cuda:0', grad_fn=<MseLossBackward0>)
tensor(170.8282, device='cuda:0', grad_fn=<MseLossBackward0>)
tensor(174.3315, device='cuda:0', grad_fn=<MseLossBackward0>)
Epoch 329 | Loss: 235.861263
tensor(170.0834, device='cuda:0', grad_fn=<MseLossBackward0>)
tensor(175.4434, device='cuda:0', grad_fn=<MseLossBackward0>)
tensor(169.4633, device='cuda:0', grad_fn=<MseLossBackward0>)
tensor(173.5203, device='cuda:0', grad_fn=<MseLossBackward0>)
tensor(166.7063, device='cuda:0', grad_fn=<MseLossBackward0>)
tensor(169.5276, device='cuda:0', grad_fn=<MseLossBackward0>)
tensor(174.6662, device='cuda:0', grad_fn=<MseLossBackward0>)
tensor(174.7077, device='cuda:0', grad_fn=<MseLossBackward0>)
Epoch 330 | Loss: 235.196590
tensor(174.0267, device='cuda:0', grad_fn=<MseLossBackward0>)
tensor(169.9217, device='cuda:0', grad_fn=<MseLossBackward0>)
tensor(168.4367, device='cuda:0', grad_fn=<MseLossBackward0>)
tensor(176.9120, device='cuda:0', grad_fn=<MseLossBackward0>)
tensor(173.5114, device='cuda:0', grad_fn=<MseLossBackward0>)
tensor(171.2753, device='cuda:0', grad_fn=<MseLossBackward0>)
tensor(168.2410, device='cuda:0', grad_fn=<MseLossBackward0>)
tensor(169.5009, device='cuda:0', grad_fn=<MseLossBackward0>)
Epoch 331 | Loss: 234.648066
tensor(171.4897, device='cuda:0', grad_fn=<MseLossBackward0>)
tensor(164.3731, device='cuda:0', grad_fn=<MseLossBackward0>)
tensor(172.6044, device='cuda:0', grad_fn=<MseLossBackward0>)
tensor(175.2898, device='cuda:0', grad_fn=<MseLossBackward0>)
tensor(170.9366, device='cuda:0', grad_fn=<MseLossBackward0>)
tensor(172.7396, device='cuda:0', grad_fn=<MseLossBackward0>)
tensor(168.0705, device='cuda:0', grad_fn=<MseLossBackward0>)
tensor(176.4386, device='cuda:0', grad_fn=<MseLossBackward0>)
Epoch 332 | Loss: 235.121292
tensor(182.3151, device='cuda:0', grad_fn=<MseLossBackward0>)
tensor(166.9367, device='cuda:0', grad_fn=<MseLossBackward0>)
tensor(166.0652, device='cuda:0', grad_fn=<MseLossBackward0>)
tensor(170.5161, device='cuda:0', grad_fn=<MseLossBackward0>)
tensor(174.6983, device='cuda:0', grad_fn=<MseLossBackward0>)
tensor(172.4119, device='cuda:0', grad_fn=<MseLossBackward0>)
tensor(167.0385, device='cuda:0', grad_fn=<MseLossBackward0>)
tensor(169.6932, device='cuda:0', grad_fn=<MseLossBackward0>)
Epoch 333 | Loss: 237.304615
tensor(167.2403, device='cuda:0', grad_fn=<MseLossBackward0>)
tensor(182.5356, device='cuda:0', grad_fn=<MseLossBackward0>)
tensor(171.8074, device='cuda:0', grad_fn=<MseLossBackward0>)
tensor(167.0848, device='cuda:0', grad_fn=<MseLossBackward0>)
tensor(168.1566, device='cuda:0', grad_fn=<MseLossBackward0>)
tensor(169.7386, device='cuda:0', grad_fn=<MseLossBackward0>)
tensor(171.5537, device='cuda:0', grad_fn=<MseLossBackward0>)
tensor(171.0415, device='cuda:0', grad_fn=<MseLossBackward0>)
Epoch 334 | Loss: 235.682947
tensor(165.1202, device='cuda:0', grad_fn=<MseLossBackward0>)
tensor(172.9511, device='cuda:0', grad_fn=<MseLossBackward0>)
tensor(173.7128, device='cuda:0', grad_fn=<MseLossBackward0>)
tensor(170.3323, device='cuda:0', grad_fn=<MseLossBackward0>)
tensor(169.2076, device='cuda:0', grad_fn=<MseLossBackward0>)
tensor(169.1704, device='cuda:0', grad_fn=<MseLossBackward0>)
tensor(173.0327, device='cuda:0', grad_fn=<MseLossBackward0>)
tensor(175.0220, device='cuda:0', grad_fn=<MseLossBackward0>)
Epoch 335 | Loss: 235.206745
tensor(170.9769, device='cuda:0', grad_fn=<MseLossBackward0>)
tensor(171.7573, device='cuda:0', grad_fn=<MseLossBackward0>)
tensor(168.8821, device='cuda:0', grad_fn=<MseLossBackward0>)
tensor(173.7210, device='cuda:0', grad_fn=<MseLossBackward0>)
tensor(171.1445, device='cuda:0', grad_fn=<MseLossBackward0>)
tensor(171.8886, device='cuda:0', grad_fn=<MseLossBackward0>)
tensor(166.4721, device='cuda:0', grad_fn=<MseLossBackward0>)
tensor(171.7989, device='cuda:0', grad_fn=<MseLossBackward0>)
Epoch 336 | Loss: 233.461292
tensor(169.7375, device='cuda:0', grad_fn=<MseLossBackward0>)
tensor(174.3118, device='cuda:0', grad_fn=<MseLossBackward0>)
tensor(173.9117, device='cuda:0', grad_fn=<MseLossBackward0>)
tensor(175.6969, device='cuda:0', grad_fn=<MseLossBackward0>)
tensor(172.1216, device='cuda:0', grad_fn=<MseLossBackward0>)
tensor(161.9585, device='cuda:0', grad_fn=<MseLossBackward0>)
tensor(176.0998, device='cuda:0', grad_fn=<MseLossBackward0>)
tensor(160.0769, device='cuda:0', grad_fn=<MseLossBackward0>)
Epoch 337 | Loss: 233.310717
tensor(174.9271, device='cuda:0', grad_fn=<MseLossBackward0>)
tensor(172.2880, device='cuda:0', grad_fn=<MseLossBackward0>)
tensor(172.0383, device='cuda:0', grad_fn=<MseLossBackward0>)
tensor(168.6714, device='cuda:0', grad_fn=<MseLossBackward0>)
tensor(181.4803, device='cuda:0', grad_fn=<MseLossBackward0>)
tensor(164.4787, device='cuda:0', grad_fn=<MseLossBackward0>)
tensor(167.5240, device='cuda:0', grad_fn=<MseLossBackward0>)
tensor(161.7250, device='cuda:0', grad_fn=<MseLossBackward0>)
Epoch 338 | Loss: 234.132547
tensor(162.6546, device='cuda:0', grad_fn=<MseLossBackward0>)
tensor(170.9497, device='cuda:0', grad_fn=<MseLossBackward0>)
tensor(164.0997, device='cuda:0', grad_fn=<MseLossBackward0>)
tensor(172.5888, device='cuda:0', grad_fn=<MseLossBackward0>)
tensor(174.5155, device='cuda:0', grad_fn=<MseLossBackward0>)
tensor(168.5169, device='cuda:0', grad_fn=<MseLossBackward0>)
tensor(177.6262, device='cuda:0', grad_fn=<MseLossBackward0>)
tensor(172.6926, device='cuda:0', grad_fn=<MseLossBackward0>)
Epoch 339 | Loss: 235.333084
tensor(169.5505, device='cuda:0', grad_fn=<MseLossBackward0>)
tensor(163.7785, device='cuda:0', grad_fn=<MseLossBackward0>)
tensor(169.5402, device='cuda:0', grad_fn=<MseLossBackward0>)
tensor(164.9993, device='cuda:0', grad_fn=<MseLossBackward0>)
tensor(165.4810, device='cuda:0', grad_fn=<MseLossBackward0>)
tensor(173.2624, device='cuda:0', grad_fn=<MseLossBackward0>)
tensor(178.9716, device='cuda:0', grad_fn=<MseLossBackward0>)
tensor(177.7745, device='cuda:0', grad_fn=<MseLossBackward0>)
Epoch 340 | Loss: 234.511986
tensor(176.5012, device='cuda:0', grad_fn=<MseLossBackward0>)
tensor(165.3156, device='cuda:0', grad_fn=<MseLossBackward0>)
tensor(171.3630, device='cuda:0', grad_fn=<MseLossBackward0>)
tensor(162.7791, device='cuda:0', grad_fn=<MseLossBackward0>)
tensor(179.8878, device='cuda:0', grad_fn=<MseLossBackward0>)
tensor(165.0085, device='cuda:0', grad_fn=<MseLossBackward0>)
tensor(167.5657, device='cuda:0', grad_fn=<MseLossBackward0>)
tensor(173.1396, device='cuda:0', grad_fn=<MseLossBackward0>)
Epoch 341 | Loss: 233.573626
tensor(172.5068, device='cuda:0', grad_fn=<MseLossBackward0>)
tensor(164.3526, device='cuda:0', grad_fn=<MseLossBackward0>)
tensor(176.9512, device='cuda:0', grad_fn=<MseLossBackward0>)
tensor(170.5092, device='cuda:0', grad_fn=<MseLossBackward0>)
tensor(173.8865, device='cuda:0', grad_fn=<MseLossBackward0>)
tensor(166.8619, device='cuda:0', grad_fn=<MseLossBackward0>)
tensor(161.3136, device='cuda:0', grad_fn=<MseLossBackward0>)
tensor(173.7297, device='cuda:0', grad_fn=<MseLossBackward0>)
Epoch 342 | Loss: 234.792007
tensor(172.1777, device='cuda:0', grad_fn=<MseLossBackward0>)
tensor(158.3819, device='cuda:0', grad_fn=<MseLossBackward0>)
tensor(168.3404, device='cuda:0', grad_fn=<MseLossBackward0>)
tensor(172.6779, device='cuda:0', grad_fn=<MseLossBackward0>)
tensor(168.7398, device='cuda:0', grad_fn=<MseLossBackward0>)
tensor(174.5948, device='cuda:0', grad_fn=<MseLossBackward0>)
tensor(172.7897, device='cuda:0', grad_fn=<MseLossBackward0>)
tensor(171.0072, device='cuda:0', grad_fn=<MseLossBackward0>)
Epoch 343 | Loss: 233.810814
tensor(171.6009, device='cuda:0', grad_fn=<MseLossBackward0>)
tensor(164.8728, device='cuda:0', grad_fn=<MseLossBackward0>)
tensor(173.4601, device='cuda:0', grad_fn=<MseLossBackward0>)
tensor(169.8959, device='cuda:0', grad_fn=<MseLossBackward0>)
tensor(175.1286, device='cuda:0', grad_fn=<MseLossBackward0>)
tensor(161.7261, device='cuda:0', grad_fn=<MseLossBackward0>)
tensor(170.5073, device='cuda:0', grad_fn=<MseLossBackward0>)
tensor(169.5889, device='cuda:0', grad_fn=<MseLossBackward0>)
Epoch 344 | Loss: 232.593315
tensor(169.3581, device='cuda:0', grad_fn=<MseLossBackward0>)
tensor(172.0878, device='cuda:0', grad_fn=<MseLossBackward0>)
tensor(173.3825, device='cuda:0', grad_fn=<MseLossBackward0>)
tensor(165.0624, device='cuda:0', grad_fn=<MseLossBackward0>)
tensor(170.4964, device='cuda:0', grad_fn=<MseLossBackward0>)
tensor(170.4444, device='cuda:0', grad_fn=<MseLossBackward0>)
tensor(171.0961, device='cuda:0', grad_fn=<MseLossBackward0>)
tensor(162.7090, device='cuda:0', grad_fn=<MseLossBackward0>)
Epoch 345 | Loss: 234.149164
tensor(166.3410, device='cuda:0', grad_fn=<MseLossBackward0>)
tensor(171.5943, device='cuda:0', grad_fn=<MseLossBackward0>)
tensor(169.8877, device='cuda:0', grad_fn=<MseLossBackward0>)
tensor(169.8363, device='cuda:0', grad_fn=<MseLossBackward0>)
tensor(166.3889, device='cuda:0', grad_fn=<MseLossBackward0>)
tensor(174.7668, device='cuda:0', grad_fn=<MseLossBackward0>)
tensor(168.1197, device='cuda:0', grad_fn=<MseLossBackward0>)
tensor(168.2030, device='cuda:0', grad_fn=<MseLossBackward0>)
Epoch 346 | Loss: 232.654015
tensor(176.0609, device='cuda:0', grad_fn=<MseLossBackward0>)
tensor(170.6262, device='cuda:0', grad_fn=<MseLossBackward0>)
tensor(172.0605, device='cuda:0', grad_fn=<MseLossBackward0>)
tensor(169.8999, device='cuda:0', grad_fn=<MseLossBackward0>)
tensor(165.3958, device='cuda:0', grad_fn=<MseLossBackward0>)
tensor(165.7327, device='cuda:0', grad_fn=<MseLossBackward0>)
tensor(167.1991, device='cuda:0', grad_fn=<MseLossBackward0>)
tensor(167.0686, device='cuda:0', grad_fn=<MseLossBackward0>)
Epoch 347 | Loss: 234.928480
tensor(168.6905, device='cuda:0', grad_fn=<MseLossBackward0>)
tensor(166.3902, device='cuda:0', grad_fn=<MseLossBackward0>)
tensor(168.8588, device='cuda:0', grad_fn=<MseLossBackward0>)
tensor(170.7624, device='cuda:0', grad_fn=<MseLossBackward0>)
tensor(171.9213, device='cuda:0', grad_fn=<MseLossBackward0>)
tensor(168.4468, device='cuda:0', grad_fn=<MseLossBackward0>)
tensor(167.5906, device='cuda:0', grad_fn=<MseLossBackward0>)
tensor(170.3257, device='cuda:0', grad_fn=<MseLossBackward0>)
Epoch 348 | Loss: 230.639587
tensor(168.2956, device='cuda:0', grad_fn=<MseLossBackward0>)
tensor(158.1851, device='cuda:0', grad_fn=<MseLossBackward0>)
tensor(168.5652, device='cuda:0', grad_fn=<MseLossBackward0>)
tensor(164.8196, device='cuda:0', grad_fn=<MseLossBackward0>)
tensor(173.4807, device='cuda:0', grad_fn=<MseLossBackward0>)
tensor(179.7492, device='cuda:0', grad_fn=<MseLossBackward0>)
tensor(162.6542, device='cuda:0', grad_fn=<MseLossBackward0>)
tensor(177.2316, device='cuda:0', grad_fn=<MseLossBackward0>)
Epoch 349 | Loss: 230.460079
tensor(169.0320, device='cuda:0', grad_fn=<MseLossBackward0>)
tensor(175.9480, device='cuda:0', grad_fn=<MseLossBackward0>)
tensor(167.2198, device='cuda:0', grad_fn=<MseLossBackward0>)
tensor(167.2142, device='cuda:0', grad_fn=<MseLossBackward0>)
tensor(165.7587, device='cuda:0', grad_fn=<MseLossBackward0>)
tensor(165.1121, device='cuda:0', grad_fn=<MseLossBackward0>)
tensor(169.3161, device='cuda:0', grad_fn=<MseLossBackward0>)
tensor(171.0430, device='cuda:0', grad_fn=<MseLossBackward0>)
Epoch 350 | Loss: 233.373327
tensor(166.3351, device='cuda:0', grad_fn=<MseLossBackward0>)
tensor(172.7349, device='cuda:0', grad_fn=<MseLossBackward0>)
tensor(162.8135, device='cuda:0', grad_fn=<MseLossBackward0>)
tensor(175.4600, device='cuda:0', grad_fn=<MseLossBackward0>)
tensor(167.5526, device='cuda:0', grad_fn=<MseLossBackward0>)
tensor(162.1960, device='cuda:0', grad_fn=<MseLossBackward0>)
tensor(172.5248, device='cuda:0', grad_fn=<MseLossBackward0>)
tensor(169.6608, device='cuda:0', grad_fn=<MseLossBackward0>)
Epoch 351 | Loss: 232.406513
tensor(173.5083, device='cuda:0', grad_fn=<MseLossBackward0>)
tensor(167.7395, device='cuda:0', grad_fn=<MseLossBackward0>)
tensor(168.0907, device='cuda:0', grad_fn=<MseLossBackward0>)
tensor(173.7259, device='cuda:0', grad_fn=<MseLossBackward0>)
tensor(165.2491, device='cuda:0', grad_fn=<MseLossBackward0>)
tensor(167.1843, device='cuda:0', grad_fn=<MseLossBackward0>)
tensor(168.2618, device='cuda:0', grad_fn=<MseLossBackward0>)
tensor(163.7058, device='cuda:0', grad_fn=<MseLossBackward0>)
Epoch 352 | Loss: 229.682762
tensor(167.6372, device='cuda:0', grad_fn=<MseLossBackward0>)
tensor(170.1257, device='cuda:0', grad_fn=<MseLossBackward0>)
tensor(160.9392, device='cuda:0', grad_fn=<MseLossBackward0>)
tensor(170.2445, device='cuda:0', grad_fn=<MseLossBackward0>)
tensor(177.9182, device='cuda:0', grad_fn=<MseLossBackward0>)
tensor(165.2480, device='cuda:0', grad_fn=<MseLossBackward0>)
tensor(163.9731, device='cuda:0', grad_fn=<MseLossBackward0>)
tensor(171.5759, device='cuda:0', grad_fn=<MseLossBackward0>)
Epoch 353 | Loss: 229.370810
tensor(166.1807, device='cuda:0', grad_fn=<MseLossBackward0>)
tensor(173.9887, device='cuda:0', grad_fn=<MseLossBackward0>)
tensor(171.7599, device='cuda:0', grad_fn=<MseLossBackward0>)
tensor(163.8954, device='cuda:0', grad_fn=<MseLossBackward0>)
tensor(164.0362, device='cuda:0', grad_fn=<MseLossBackward0>)
tensor(170.3704, device='cuda:0', grad_fn=<MseLossBackward0>)
tensor(164.3036, device='cuda:0', grad_fn=<MseLossBackward0>)
tensor(171.8989, device='cuda:0', grad_fn=<MseLossBackward0>)
Epoch 354 | Loss: 229.340532
tensor(170.5406, device='cuda:0', grad_fn=<MseLossBackward0>)
tensor(164.5906, device='cuda:0', grad_fn=<MseLossBackward0>)
tensor(161.5232, device='cuda:0', grad_fn=<MseLossBackward0>)
tensor(164.3536, device='cuda:0', grad_fn=<MseLossBackward0>)
tensor(175.5149, device='cuda:0', grad_fn=<MseLossBackward0>)
tensor(172.4292, device='cuda:0', grad_fn=<MseLossBackward0>)
tensor(166.9155, device='cuda:0', grad_fn=<MseLossBackward0>)
tensor(168.9851, device='cuda:0', grad_fn=<MseLossBackward0>)
Epoch 355 | Loss: 229.533121
tensor(165.2456, device='cuda:0', grad_fn=<MseLossBackward0>)
tensor(173.3163, device='cuda:0', grad_fn=<MseLossBackward0>)
tensor(169.7772, device='cuda:0', grad_fn=<MseLossBackward0>)
tensor(170.3692, device='cuda:0', grad_fn=<MseLossBackward0>)
tensor(168.4913, device='cuda:0', grad_fn=<MseLossBackward0>)
tensor(167.8745, device='cuda:0', grad_fn=<MseLossBackward0>)
tensor(163.0571, device='cuda:0', grad_fn=<MseLossBackward0>)
tensor(165.0385, device='cuda:0', grad_fn=<MseLossBackward0>)
Epoch 356 | Loss: 230.090755
tensor(166.7422, device='cuda:0', grad_fn=<MseLossBackward0>)
tensor(165.8506, device='cuda:0', grad_fn=<MseLossBackward0>)
tensor(168.2195, device='cuda:0', grad_fn=<MseLossBackward0>)
tensor(162.4570, device='cuda:0', grad_fn=<MseLossBackward0>)
tensor(170.8201, device='cuda:0', grad_fn=<MseLossBackward0>)
tensor(166.3771, device='cuda:0', grad_fn=<MseLossBackward0>)
tensor(171.3571, device='cuda:0', grad_fn=<MseLossBackward0>)
tensor(171.8618, device='cuda:0', grad_fn=<MseLossBackward0>)
Epoch 357 | Loss: 233.265333
tensor(163.7441, device='cuda:0', grad_fn=<MseLossBackward0>)
tensor(173.0349, device='cuda:0', grad_fn=<MseLossBackward0>)
tensor(166.2252, device='cuda:0', grad_fn=<MseLossBackward0>)
tensor(172.0116, device='cuda:0', grad_fn=<MseLossBackward0>)
tensor(162.3120, device='cuda:0', grad_fn=<MseLossBackward0>)
tensor(163.3960, device='cuda:0', grad_fn=<MseLossBackward0>)
tensor(170.5110, device='cuda:0', grad_fn=<MseLossBackward0>)
tensor(170.6478, device='cuda:0', grad_fn=<MseLossBackward0>)
Epoch 358 | Loss: 231.277210
tensor(170.3268, device='cuda:0', grad_fn=<MseLossBackward0>)
tensor(167.5474, device='cuda:0', grad_fn=<MseLossBackward0>)
tensor(160.2512, device='cuda:0', grad_fn=<MseLossBackward0>)
tensor(169.4170, device='cuda:0', grad_fn=<MseLossBackward0>)
tensor(163.2049, device='cuda:0', grad_fn=<MseLossBackward0>)
tensor(169.1260, device='cuda:0', grad_fn=<MseLossBackward0>)
tensor(167.1128, device='cuda:0', grad_fn=<MseLossBackward0>)
tensor(173.8165, device='cuda:0', grad_fn=<MseLossBackward0>)
Epoch 359 | Loss: 231.237064
tensor(157.5047, device='cuda:0', grad_fn=<MseLossBackward0>)
tensor(168.7029, device='cuda:0', grad_fn=<MseLossBackward0>)
tensor(166.5600, device='cuda:0', grad_fn=<MseLossBackward0>)
tensor(169.4380, device='cuda:0', grad_fn=<MseLossBackward0>)
tensor(166.8418, device='cuda:0', grad_fn=<MseLossBackward0>)
tensor(164.4126, device='cuda:0', grad_fn=<MseLossBackward0>)
tensor(171.0740, device='cuda:0', grad_fn=<MseLossBackward0>)
tensor(175.2774, device='cuda:0', grad_fn=<MseLossBackward0>)
Epoch 360 | Loss: 229.348667
tensor(160.9991, device='cuda:0', grad_fn=<MseLossBackward0>)
tensor(167.4939, device='cuda:0', grad_fn=<MseLossBackward0>)
tensor(178.7424, device='cuda:0', grad_fn=<MseLossBackward0>)
tensor(169.5177, device='cuda:0', grad_fn=<MseLossBackward0>)
tensor(170.7240, device='cuda:0', grad_fn=<MseLossBackward0>)
tensor(166.6113, device='cuda:0', grad_fn=<MseLossBackward0>)
tensor(158.7267, device='cuda:0', grad_fn=<MseLossBackward0>)
tensor(164.3680, device='cuda:0', grad_fn=<MseLossBackward0>)
Epoch 361 | Loss: 226.864029
tensor(174.4551, device='cuda:0', grad_fn=<MseLossBackward0>)
tensor(165.4152, device='cuda:0', grad_fn=<MseLossBackward0>)
tensor(170.2916, device='cuda:0', grad_fn=<MseLossBackward0>)
tensor(163.1267, device='cuda:0', grad_fn=<MseLossBackward0>)
tensor(160.3051, device='cuda:0', grad_fn=<MseLossBackward0>)
tensor(164.4687, device='cuda:0', grad_fn=<MseLossBackward0>)
tensor(179.4493, device='cuda:0', grad_fn=<MseLossBackward0>)
tensor(157.5301, device='cuda:0', grad_fn=<MseLossBackward0>)
Epoch 362 | Loss: 226.671179
tensor(165.9997, device='cuda:0', grad_fn=<MseLossBackward0>)
tensor(165.7390, device='cuda:0', grad_fn=<MseLossBackward0>)
tensor(168.6301, device='cuda:0', grad_fn=<MseLossBackward0>)
tensor(168.9367, device='cuda:0', grad_fn=<MseLossBackward0>)
tensor(163.5567, device='cuda:0', grad_fn=<MseLossBackward0>)
tensor(168.8703, device='cuda:0', grad_fn=<MseLossBackward0>)
tensor(165.6959, device='cuda:0', grad_fn=<MseLossBackward0>)
tensor(168.4645, device='cuda:0', grad_fn=<MseLossBackward0>)
Epoch 363 | Loss: 227.417368
tensor(163.7847, device='cuda:0', grad_fn=<MseLossBackward0>)
tensor(167.5203, device='cuda:0', grad_fn=<MseLossBackward0>)
tensor(163.0312, device='cuda:0', grad_fn=<MseLossBackward0>)
tensor(162.6608, device='cuda:0', grad_fn=<MseLossBackward0>)
tensor(174.8177, device='cuda:0', grad_fn=<MseLossBackward0>)
tensor(165.8435, device='cuda:0', grad_fn=<MseLossBackward0>)
tensor(167.2079, device='cuda:0', grad_fn=<MseLossBackward0>)
tensor(169.8392, device='cuda:0', grad_fn=<MseLossBackward0>)
Epoch 364 | Loss: 228.806471
tensor(166.2692, device='cuda:0', grad_fn=<MseLossBackward0>)
tensor(163.7741, device='cuda:0', grad_fn=<MseLossBackward0>)
tensor(164.2375, device='cuda:0', grad_fn=<MseLossBackward0>)
tensor(168.1858, device='cuda:0', grad_fn=<MseLossBackward0>)
tensor(168.6828, device='cuda:0', grad_fn=<MseLossBackward0>)
tensor(162.1903, device='cuda:0', grad_fn=<MseLossBackward0>)
tensor(173.0114, device='cuda:0', grad_fn=<MseLossBackward0>)
tensor(166.7601, device='cuda:0', grad_fn=<MseLossBackward0>)
Epoch 365 | Loss: 227.657623
tensor(165.5736, device='cuda:0', grad_fn=<MseLossBackward0>)
tensor(162.9721, device='cuda:0', grad_fn=<MseLossBackward0>)
tensor(167.5837, device='cuda:0', grad_fn=<MseLossBackward0>)
tensor(174.0241, device='cuda:0', grad_fn=<MseLossBackward0>)
tensor(163.6107, device='cuda:0', grad_fn=<MseLossBackward0>)
tensor(169.8522, device='cuda:0', grad_fn=<MseLossBackward0>)
tensor(163.7014, device='cuda:0', grad_fn=<MseLossBackward0>)
tensor(164.5938, device='cuda:0', grad_fn=<MseLossBackward0>)
Epoch 366 | Loss: 226.393049
tensor(159.7879, device='cuda:0', grad_fn=<MseLossBackward0>)
tensor(162.6188, device='cuda:0', grad_fn=<MseLossBackward0>)
tensor(168.0420, device='cuda:0', grad_fn=<MseLossBackward0>)
tensor(171.1453, device='cuda:0', grad_fn=<MseLossBackward0>)
tensor(163.8410, device='cuda:0', grad_fn=<MseLossBackward0>)
tensor(169.2016, device='cuda:0', grad_fn=<MseLossBackward0>)
tensor(161.0008, device='cuda:0', grad_fn=<MseLossBackward0>)
tensor(177.2042, device='cuda:0', grad_fn=<MseLossBackward0>)
Epoch 367 | Loss: 226.329966
tensor(169.0844, device='cuda:0', grad_fn=<MseLossBackward0>)
tensor(164.8759, device='cuda:0', grad_fn=<MseLossBackward0>)
tensor(168.2973, device='cuda:0', grad_fn=<MseLossBackward0>)
tensor(164.1641, device='cuda:0', grad_fn=<MseLossBackward0>)
tensor(170.1228, device='cuda:0', grad_fn=<MseLossBackward0>)
tensor(164.2357, device='cuda:0', grad_fn=<MseLossBackward0>)
tensor(166.7257, device='cuda:0', grad_fn=<MseLossBackward0>)
tensor(161.1050, device='cuda:0', grad_fn=<MseLossBackward0>)
Epoch 368 | Loss: 225.873854
tensor(168.4682, device='cuda:0', grad_fn=<MseLossBackward0>)
tensor(163.3646, device='cuda:0', grad_fn=<MseLossBackward0>)
tensor(160.5844, device='cuda:0', grad_fn=<MseLossBackward0>)
tensor(167.1712, device='cuda:0', grad_fn=<MseLossBackward0>)
tensor(161.6672, device='cuda:0', grad_fn=<MseLossBackward0>)
tensor(164.9684, device='cuda:0', grad_fn=<MseLossBackward0>)
tensor(171.0588, device='cuda:0', grad_fn=<MseLossBackward0>)
tensor(172.8390, device='cuda:0', grad_fn=<MseLossBackward0>)
Epoch 369 | Loss: 227.204056
tensor(167.3660, device='cuda:0', grad_fn=<MseLossBackward0>)
tensor(170.7479, device='cuda:0', grad_fn=<MseLossBackward0>)
tensor(164.4673, device='cuda:0', grad_fn=<MseLossBackward0>)
tensor(172.1955, device='cuda:0', grad_fn=<MseLossBackward0>)
tensor(157.8508, device='cuda:0', grad_fn=<MseLossBackward0>)
tensor(165.4720, device='cuda:0', grad_fn=<MseLossBackward0>)
tensor(162.6790, device='cuda:0', grad_fn=<MseLossBackward0>)
tensor(167.5846, device='cuda:0', grad_fn=<MseLossBackward0>)
Epoch 370 | Loss: 226.691210
tensor(168.7814, device='cuda:0', grad_fn=<MseLossBackward0>)
tensor(161.3210, device='cuda:0', grad_fn=<MseLossBackward0>)
tensor(168.0820, device='cuda:0', grad_fn=<MseLossBackward0>)
tensor(167.3948, device='cuda:0', grad_fn=<MseLossBackward0>)
tensor(163.7901, device='cuda:0', grad_fn=<MseLossBackward0>)
tensor(163.1451, device='cuda:0', grad_fn=<MseLossBackward0>)
tensor(165.2386, device='cuda:0', grad_fn=<MseLossBackward0>)
tensor(169.6378, device='cuda:0', grad_fn=<MseLossBackward0>)
Epoch 371 | Loss: 224.795593
tensor(172.5910, device='cuda:0', grad_fn=<MseLossBackward0>)
tensor(162.6862, device='cuda:0', grad_fn=<MseLossBackward0>)
tensor(168.0012, device='cuda:0', grad_fn=<MseLossBackward0>)
tensor(162.1098, device='cuda:0', grad_fn=<MseLossBackward0>)
tensor(155.7769, device='cuda:0', grad_fn=<MseLossBackward0>)
tensor(169.7002, device='cuda:0', grad_fn=<MseLossBackward0>)
tensor(163.9273, device='cuda:0', grad_fn=<MseLossBackward0>)
tensor(171.4121, device='cuda:0', grad_fn=<MseLossBackward0>)
Epoch 372 | Loss: 225.000734
tensor(166.7421, device='cuda:0', grad_fn=<MseLossBackward0>)
tensor(165.3645, device='cuda:0', grad_fn=<MseLossBackward0>)
tensor(161.3715, device='cuda:0', grad_fn=<MseLossBackward0>)
tensor(162.7159, device='cuda:0', grad_fn=<MseLossBackward0>)
tensor(165.3600, device='cuda:0', grad_fn=<MseLossBackward0>)
tensor(159.3946, device='cuda:0', grad_fn=<MseLossBackward0>)
tensor(172.1382, device='cuda:0', grad_fn=<MseLossBackward0>)
tensor(172.2740, device='cuda:0', grad_fn=<MseLossBackward0>)
Epoch 373 | Loss: 225.772263
tensor(167.9500, device='cuda:0', grad_fn=<MseLossBackward0>)
tensor(160.2287, device='cuda:0', grad_fn=<MseLossBackward0>)
tensor(167.3550, device='cuda:0', grad_fn=<MseLossBackward0>)
tensor(166.5481, device='cuda:0', grad_fn=<MseLossBackward0>)
tensor(161.4360, device='cuda:0', grad_fn=<MseLossBackward0>)
tensor(172.8011, device='cuda:0', grad_fn=<MseLossBackward0>)
tensor(164.3519, device='cuda:0', grad_fn=<MseLossBackward0>)
tensor(161.3125, device='cuda:0', grad_fn=<MseLossBackward0>)
Epoch 374 | Loss: 230.445486
tensor(166.5325, device='cuda:0', grad_fn=<MseLossBackward0>)
tensor(164.7558, device='cuda:0', grad_fn=<MseLossBackward0>)
tensor(161.3933, device='cuda:0', grad_fn=<MseLossBackward0>)
tensor(164.5748, device='cuda:0', grad_fn=<MseLossBackward0>)
tensor(165.8442, device='cuda:0', grad_fn=<MseLossBackward0>)
tensor(168.8123, device='cuda:0', grad_fn=<MseLossBackward0>)
tensor(164.6568, device='cuda:0', grad_fn=<MseLossBackward0>)
tensor(165.0621, device='cuda:0', grad_fn=<MseLossBackward0>)
Epoch 375 | Loss: 237.192131
tensor(160.9735, device='cuda:0', grad_fn=<MseLossBackward0>)
tensor(163.5216, device='cuda:0', grad_fn=<MseLossBackward0>)
tensor(161.6115, device='cuda:0', grad_fn=<MseLossBackward0>)
tensor(170.8136, device='cuda:0', grad_fn=<MseLossBackward0>)
tensor(158.0427, device='cuda:0', grad_fn=<MseLossBackward0>)
tensor(170.1030, device='cuda:0', grad_fn=<MseLossBackward0>)
tensor(167.4131, device='cuda:0', grad_fn=<MseLossBackward0>)
tensor(169.6018, device='cuda:0', grad_fn=<MseLossBackward0>)
Epoch 376 | Loss: 235.115292
tensor(161.7300, device='cuda:0', grad_fn=<MseLossBackward0>)
tensor(175.1398, device='cuda:0', grad_fn=<MseLossBackward0>)
tensor(165.3030, device='cuda:0', grad_fn=<MseLossBackward0>)
tensor(164.3214, device='cuda:0', grad_fn=<MseLossBackward0>)
tensor(167.9431, device='cuda:0', grad_fn=<MseLossBackward0>)
tensor(162.5017, device='cuda:0', grad_fn=<MseLossBackward0>)
tensor(158.0727, device='cuda:0', grad_fn=<MseLossBackward0>)
tensor(164.7357, device='cuda:0', grad_fn=<MseLossBackward0>)
Epoch 377 | Loss: 224.669374
tensor(174.2096, device='cuda:0', grad_fn=<MseLossBackward0>)
tensor(167.9101, device='cuda:0', grad_fn=<MseLossBackward0>)
tensor(152.9379, device='cuda:0', grad_fn=<MseLossBackward0>)
tensor(164.3228, device='cuda:0', grad_fn=<MseLossBackward0>)
tensor(161.1747, device='cuda:0', grad_fn=<MseLossBackward0>)
tensor(166.9943, device='cuda:0', grad_fn=<MseLossBackward0>)
tensor(168.8131, device='cuda:0', grad_fn=<MseLossBackward0>)
tensor(161.2723, device='cuda:0', grad_fn=<MseLossBackward0>)
Epoch 378 | Loss: 223.168158
tensor(165.6082, device='cuda:0', grad_fn=<MseLossBackward0>)
tensor(166.0675, device='cuda:0', grad_fn=<MseLossBackward0>)
tensor(170.1678, device='cuda:0', grad_fn=<MseLossBackward0>)
tensor(160.7066, device='cuda:0', grad_fn=<MseLossBackward0>)
tensor(169.8380, device='cuda:0', grad_fn=<MseLossBackward0>)
tensor(157.4939, device='cuda:0', grad_fn=<MseLossBackward0>)
tensor(166.1765, device='cuda:0', grad_fn=<MseLossBackward0>)
tensor(160.7802, device='cuda:0', grad_fn=<MseLossBackward0>)
Epoch 379 | Loss: 223.054768
tensor(169.3856, device='cuda:0', grad_fn=<MseLossBackward0>)
tensor(161.9976, device='cuda:0', grad_fn=<MseLossBackward0>)
tensor(161.9619, device='cuda:0', grad_fn=<MseLossBackward0>)
tensor(162.6810, device='cuda:0', grad_fn=<MseLossBackward0>)
tensor(162.7010, device='cuda:0', grad_fn=<MseLossBackward0>)
tensor(161.6802, device='cuda:0', grad_fn=<MseLossBackward0>)
tensor(171.2132, device='cuda:0', grad_fn=<MseLossBackward0>)
tensor(165.2458, device='cuda:0', grad_fn=<MseLossBackward0>)
Epoch 380 | Loss: 222.457365
tensor(166.5723, device='cuda:0', grad_fn=<MseLossBackward0>)
tensor(164.7317, device='cuda:0', grad_fn=<MseLossBackward0>)
tensor(160.9288, device='cuda:0', grad_fn=<MseLossBackward0>)
tensor(166.5679, device='cuda:0', grad_fn=<MseLossBackward0>)
tensor(164.7196, device='cuda:0', grad_fn=<MseLossBackward0>)
tensor(161.0124, device='cuda:0', grad_fn=<MseLossBackward0>)
tensor(162.2834, device='cuda:0', grad_fn=<MseLossBackward0>)
tensor(169.3664, device='cuda:0', grad_fn=<MseLossBackward0>)
Epoch 381 | Loss: 222.643490
tensor(162.9207, device='cuda:0', grad_fn=<MseLossBackward0>)
tensor(159.1105, device='cuda:0', grad_fn=<MseLossBackward0>)
tensor(168.7855, device='cuda:0', grad_fn=<MseLossBackward0>)
tensor(166.0337, device='cuda:0', grad_fn=<MseLossBackward0>)
tensor(160.2291, device='cuda:0', grad_fn=<MseLossBackward0>)
tensor(162.4005, device='cuda:0', grad_fn=<MseLossBackward0>)
tensor(164.8493, device='cuda:0', grad_fn=<MseLossBackward0>)
tensor(171.1010, device='cuda:0', grad_fn=<MseLossBackward0>)
Epoch 382 | Loss: 221.989389
tensor(161.6035, device='cuda:0', grad_fn=<MseLossBackward0>)
tensor(161.8425, device='cuda:0', grad_fn=<MseLossBackward0>)
tensor(160.6521, device='cuda:0', grad_fn=<MseLossBackward0>)
tensor(170.2806, device='cuda:0', grad_fn=<MseLossBackward0>)
tensor(169.0697, device='cuda:0', grad_fn=<MseLossBackward0>)
tensor(161.0175, device='cuda:0', grad_fn=<MseLossBackward0>)
tensor(165.1349, device='cuda:0', grad_fn=<MseLossBackward0>)
tensor(163.8233, device='cuda:0', grad_fn=<MseLossBackward0>)
Epoch 383 | Loss: 222.042061
tensor(166.3077, device='cuda:0', grad_fn=<MseLossBackward0>)
tensor(163.7935, device='cuda:0', grad_fn=<MseLossBackward0>)
tensor(164.7812, device='cuda:0', grad_fn=<MseLossBackward0>)
tensor(164.5983, device='cuda:0', grad_fn=<MseLossBackward0>)
tensor(159.8797, device='cuda:0', grad_fn=<MseLossBackward0>)
tensor(166.6146, device='cuda:0', grad_fn=<MseLossBackward0>)
tensor(164.9590, device='cuda:0', grad_fn=<MseLossBackward0>)
tensor(160.9012, device='cuda:0', grad_fn=<MseLossBackward0>)
Epoch 384 | Loss: 222.184570
tensor(163.0280, device='cuda:0', grad_fn=<MseLossBackward0>)
tensor(165.4253, device='cuda:0', grad_fn=<MseLossBackward0>)
tensor(164.6644, device='cuda:0', grad_fn=<MseLossBackward0>)
tensor(152.0411, device='cuda:0', grad_fn=<MseLossBackward0>)
tensor(173.3305, device='cuda:0', grad_fn=<MseLossBackward0>)
tensor(160.6957, device='cuda:0', grad_fn=<MseLossBackward0>)
tensor(164.5074, device='cuda:0', grad_fn=<MseLossBackward0>)
tensor(167.9092, device='cuda:0', grad_fn=<MseLossBackward0>)
Epoch 385 | Loss: 221.739447
tensor(165.3764, device='cuda:0', grad_fn=<MseLossBackward0>)
tensor(161.8813, device='cuda:0', grad_fn=<MseLossBackward0>)
tensor(159.4693, device='cuda:0', grad_fn=<MseLossBackward0>)
tensor(165.7237, device='cuda:0', grad_fn=<MseLossBackward0>)
tensor(167.6037, device='cuda:0', grad_fn=<MseLossBackward0>)
tensor(163.2613, device='cuda:0', grad_fn=<MseLossBackward0>)
tensor(166.0053, device='cuda:0', grad_fn=<MseLossBackward0>)
tensor(159.6973, device='cuda:0', grad_fn=<MseLossBackward0>)
Epoch 386 | Loss: 222.302067
tensor(167.9959, device='cuda:0', grad_fn=<MseLossBackward0>)
tensor(152.6141, device='cuda:0', grad_fn=<MseLossBackward0>)
tensor(170.0300, device='cuda:0', grad_fn=<MseLossBackward0>)
tensor(161.4992, device='cuda:0', grad_fn=<MseLossBackward0>)
tensor(166.2653, device='cuda:0', grad_fn=<MseLossBackward0>)
tensor(161.8344, device='cuda:0', grad_fn=<MseLossBackward0>)
tensor(162.6687, device='cuda:0', grad_fn=<MseLossBackward0>)
tensor(166.4633, device='cuda:0', grad_fn=<MseLossBackward0>)
Epoch 387 | Loss: 221.926657
tensor(162.8269, device='cuda:0', grad_fn=<MseLossBackward0>)
tensor(167.6033, device='cuda:0', grad_fn=<MseLossBackward0>)
tensor(169.6902, device='cuda:0', grad_fn=<MseLossBackward0>)
tensor(164.1275, device='cuda:0', grad_fn=<MseLossBackward0>)
tensor(163.4493, device='cuda:0', grad_fn=<MseLossBackward0>)
tensor(157.5775, device='cuda:0', grad_fn=<MseLossBackward0>)
tensor(163.7121, device='cuda:0', grad_fn=<MseLossBackward0>)
tensor(157.7174, device='cuda:0', grad_fn=<MseLossBackward0>)
Epoch 388 | Loss: 221.622013
tensor(164.6027, device='cuda:0', grad_fn=<MseLossBackward0>)
tensor(166.7337, device='cuda:0', grad_fn=<MseLossBackward0>)
tensor(163.4263, device='cuda:0', grad_fn=<MseLossBackward0>)
tensor(162.8567, device='cuda:0', grad_fn=<MseLossBackward0>)
tensor(163.4093, device='cuda:0', grad_fn=<MseLossBackward0>)
tensor(161.8656, device='cuda:0', grad_fn=<MseLossBackward0>)
tensor(163.1900, device='cuda:0', grad_fn=<MseLossBackward0>)
tensor(159.8431, device='cuda:0', grad_fn=<MseLossBackward0>)
Epoch 389 | Loss: 221.056393
tensor(163.8109, device='cuda:0', grad_fn=<MseLossBackward0>)
tensor(158.6761, device='cuda:0', grad_fn=<MseLossBackward0>)
tensor(168.6239, device='cuda:0', grad_fn=<MseLossBackward0>)
tensor(154.4854, device='cuda:0', grad_fn=<MseLossBackward0>)
tensor(158.0368, device='cuda:0', grad_fn=<MseLossBackward0>)
tensor(167.7393, device='cuda:0', grad_fn=<MseLossBackward0>)
tensor(165.2756, device='cuda:0', grad_fn=<MseLossBackward0>)
tensor(170.1871, device='cuda:0', grad_fn=<MseLossBackward0>)
Epoch 390 | Loss: 221.513313
tensor(166.3384, device='cuda:0', grad_fn=<MseLossBackward0>)
tensor(166.8229, device='cuda:0', grad_fn=<MseLossBackward0>)
tensor(156.9204, device='cuda:0', grad_fn=<MseLossBackward0>)
tensor(151.2891, device='cuda:0', grad_fn=<MseLossBackward0>)
tensor(167.8420, device='cuda:0', grad_fn=<MseLossBackward0>)
tensor(156.6457, device='cuda:0', grad_fn=<MseLossBackward0>)
tensor(167.8709, device='cuda:0', grad_fn=<MseLossBackward0>)
tensor(172.8204, device='cuda:0', grad_fn=<MseLossBackward0>)
Epoch 391 | Loss: 220.184807
tensor(165.3136, device='cuda:0', grad_fn=<MseLossBackward0>)
tensor(163.1508, device='cuda:0', grad_fn=<MseLossBackward0>)
tensor(154.9892, device='cuda:0', grad_fn=<MseLossBackward0>)
tensor(164.5197, device='cuda:0', grad_fn=<MseLossBackward0>)
tensor(166.7245, device='cuda:0', grad_fn=<MseLossBackward0>)
tensor(161.9351, device='cuda:0', grad_fn=<MseLossBackward0>)
tensor(163.7696, device='cuda:0', grad_fn=<MseLossBackward0>)
tensor(162.8194, device='cuda:0', grad_fn=<MseLossBackward0>)
Epoch 392 | Loss: 219.588451
tensor(159.5765, device='cuda:0', grad_fn=<MseLossBackward0>)
tensor(162.4335, device='cuda:0', grad_fn=<MseLossBackward0>)
tensor(158.1497, device='cuda:0', grad_fn=<MseLossBackward0>)
tensor(161.5239, device='cuda:0', grad_fn=<MseLossBackward0>)
tensor(171.8769, device='cuda:0', grad_fn=<MseLossBackward0>)
tensor(165.5429, device='cuda:0', grad_fn=<MseLossBackward0>)
tensor(161.5125, device='cuda:0', grad_fn=<MseLossBackward0>)
tensor(161.0612, device='cuda:0', grad_fn=<MseLossBackward0>)
Epoch 393 | Loss: 220.771709
tensor(165.7800, device='cuda:0', grad_fn=<MseLossBackward0>)
tensor(158.3688, device='cuda:0', grad_fn=<MseLossBackward0>)
tensor(170.8844, device='cuda:0', grad_fn=<MseLossBackward0>)
tensor(166.4143, device='cuda:0', grad_fn=<MseLossBackward0>)
tensor(164.1161, device='cuda:0', grad_fn=<MseLossBackward0>)
tensor(157.6812, device='cuda:0', grad_fn=<MseLossBackward0>)
tensor(154.8898, device='cuda:0', grad_fn=<MseLossBackward0>)
tensor(162.9131, device='cuda:0', grad_fn=<MseLossBackward0>)
Epoch 394 | Loss: 220.829689
tensor(167.5437, device='cuda:0', grad_fn=<MseLossBackward0>)
tensor(157.2784, device='cuda:0', grad_fn=<MseLossBackward0>)
tensor(164.4536, device='cuda:0', grad_fn=<MseLossBackward0>)
tensor(158.6420, device='cuda:0', grad_fn=<MseLossBackward0>)
tensor(165.5325, device='cuda:0', grad_fn=<MseLossBackward0>)
tensor(162.8513, device='cuda:0', grad_fn=<MseLossBackward0>)
tensor(162.7564, device='cuda:0', grad_fn=<MseLossBackward0>)
tensor(160.4005, device='cuda:0', grad_fn=<MseLossBackward0>)
Epoch 395 | Loss: 221.967762
tensor(155.7007, device='cuda:0', grad_fn=<MseLossBackward0>)
tensor(160.4390, device='cuda:0', grad_fn=<MseLossBackward0>)
tensor(160.9029, device='cuda:0', grad_fn=<MseLossBackward0>)
tensor(166.5314, device='cuda:0', grad_fn=<MseLossBackward0>)
tensor(163.6185, device='cuda:0', grad_fn=<MseLossBackward0>)
tensor(164.3254, device='cuda:0', grad_fn=<MseLossBackward0>)
tensor(165.1825, device='cuda:0', grad_fn=<MseLossBackward0>)
tensor(161.9574, device='cuda:0', grad_fn=<MseLossBackward0>)
Epoch 396 | Loss: 220.113676
tensor(162.2193, device='cuda:0', grad_fn=<MseLossBackward0>)
tensor(168.1841, device='cuda:0', grad_fn=<MseLossBackward0>)
tensor(160.6371, device='cuda:0', grad_fn=<MseLossBackward0>)
tensor(162.9048, device='cuda:0', grad_fn=<MseLossBackward0>)
tensor(159.2283, device='cuda:0', grad_fn=<MseLossBackward0>)
tensor(161.9619, device='cuda:0', grad_fn=<MseLossBackward0>)
tensor(162.2827, device='cuda:0', grad_fn=<MseLossBackward0>)
tensor(159.4527, device='cuda:0', grad_fn=<MseLossBackward0>)
Epoch 397 | Loss: 218.536180
tensor(170.6376, device='cuda:0', grad_fn=<MseLossBackward0>)
tensor(163.3664, device='cuda:0', grad_fn=<MseLossBackward0>)
tensor(156.3632, device='cuda:0', grad_fn=<MseLossBackward0>)
tensor(161.5241, device='cuda:0', grad_fn=<MseLossBackward0>)
tensor(157.4592, device='cuda:0', grad_fn=<MseLossBackward0>)
tensor(162.6838, device='cuda:0', grad_fn=<MseLossBackward0>)
tensor(163.7386, device='cuda:0', grad_fn=<MseLossBackward0>)
tensor(160.1644, device='cuda:0', grad_fn=<MseLossBackward0>)
Epoch 398 | Loss: 219.511997
tensor(163.8400, device='cuda:0', grad_fn=<MseLossBackward0>)
tensor(164.0257, device='cuda:0', grad_fn=<MseLossBackward0>)
tensor(158.6439, device='cuda:0', grad_fn=<MseLossBackward0>)
tensor(162.0765, device='cuda:0', grad_fn=<MseLossBackward0>)
tensor(161.1303, device='cuda:0', grad_fn=<MseLossBackward0>)
tensor(160.8874, device='cuda:0', grad_fn=<MseLossBackward0>)
tensor(163.0556, device='cuda:0', grad_fn=<MseLossBackward0>)
tensor(161.4284, device='cuda:0', grad_fn=<MseLossBackward0>)
Epoch 399 | Loss: 219.145834
tensor(164.9169, device='cuda:0', grad_fn=<MseLossBackward0>)
tensor(158.7354, device='cuda:0', grad_fn=<MseLossBackward0>)
tensor(157.4851, device='cuda:0', grad_fn=<MseLossBackward0>)
tensor(162.1013, device='cuda:0', grad_fn=<MseLossBackward0>)
tensor(160.7120, device='cuda:0', grad_fn=<MseLossBackward0>)
tensor(160.0816, device='cuda:0', grad_fn=<MseLossBackward0>)
tensor(167.1978, device='cuda:0', grad_fn=<MseLossBackward0>)
tensor(162.8633, device='cuda:0', grad_fn=<MseLossBackward0>)
Epoch 400 | Loss: 219.407051
tensor(160.2715, device='cuda:0', grad_fn=<MseLossBackward0>)
tensor(163.1494, device='cuda:0', grad_fn=<MseLossBackward0>)
tensor(163.6349, device='cuda:0', grad_fn=<MseLossBackward0>)
tensor(157.3281, device='cuda:0', grad_fn=<MseLossBackward0>)
tensor(162.9096, device='cuda:0', grad_fn=<MseLossBackward0>)
tensor(157.9923, device='cuda:0', grad_fn=<MseLossBackward0>)
tensor(165.5045, device='cuda:0', grad_fn=<MseLossBackward0>)
tensor(162.1923, device='cuda:0', grad_fn=<MseLossBackward0>)
Epoch 401 | Loss: 218.127918
tensor(159.0999, device='cuda:0', grad_fn=<MseLossBackward0>)
tensor(160.0807, device='cuda:0', grad_fn=<MseLossBackward0>)
tensor(163.2511, device='cuda:0', grad_fn=<MseLossBackward0>)
tensor(161.8553, device='cuda:0', grad_fn=<MseLossBackward0>)
tensor(166.1627, device='cuda:0', grad_fn=<MseLossBackward0>)
tensor(158.0050, device='cuda:0', grad_fn=<MseLossBackward0>)
tensor(158.4787, device='cuda:0', grad_fn=<MseLossBackward0>)
tensor(165.7489, device='cuda:0', grad_fn=<MseLossBackward0>)
Epoch 402 | Loss: 219.886686
tensor(161.6777, device='cuda:0', grad_fn=<MseLossBackward0>)
tensor(159.5974, device='cuda:0', grad_fn=<MseLossBackward0>)
tensor(165.5031, device='cuda:0', grad_fn=<MseLossBackward0>)
tensor(163.7241, device='cuda:0', grad_fn=<MseLossBackward0>)
tensor(161.7541, device='cuda:0', grad_fn=<MseLossBackward0>)
tensor(151.7133, device='cuda:0', grad_fn=<MseLossBackward0>)
tensor(165.7679, device='cuda:0', grad_fn=<MseLossBackward0>)
tensor(160.6921, device='cuda:0', grad_fn=<MseLossBackward0>)
Epoch 403 | Loss: 217.263353
tensor(160.5282, device='cuda:0', grad_fn=<MseLossBackward0>)
tensor(158.4685, device='cuda:0', grad_fn=<MseLossBackward0>)
tensor(165.1969, device='cuda:0', grad_fn=<MseLossBackward0>)
tensor(161.0445, device='cuda:0', grad_fn=<MseLossBackward0>)
tensor(164.5981, device='cuda:0', grad_fn=<MseLossBackward0>)
tensor(159.1921, device='cuda:0', grad_fn=<MseLossBackward0>)
tensor(160.9196, device='cuda:0', grad_fn=<MseLossBackward0>)
tensor(159.3472, device='cuda:0', grad_fn=<MseLossBackward0>)
Epoch 404 | Loss: 216.915648
tensor(161.9475, device='cuda:0', grad_fn=<MseLossBackward0>)
tensor(156.2007, device='cuda:0', grad_fn=<MseLossBackward0>)
tensor(162.2034, device='cuda:0', grad_fn=<MseLossBackward0>)
tensor(167.9836, device='cuda:0', grad_fn=<MseLossBackward0>)
tensor(155.6377, device='cuda:0', grad_fn=<MseLossBackward0>)
tensor(165.8743, device='cuda:0', grad_fn=<MseLossBackward0>)
tensor(157.9405, device='cuda:0', grad_fn=<MseLossBackward0>)
tensor(160.9078, device='cuda:0', grad_fn=<MseLossBackward0>)
Epoch 405 | Loss: 217.547115
tensor(161.2446, device='cuda:0', grad_fn=<MseLossBackward0>)
tensor(157.4531, device='cuda:0', grad_fn=<MseLossBackward0>)
tensor(163.4572, device='cuda:0', grad_fn=<MseLossBackward0>)
tensor(156.5643, device='cuda:0', grad_fn=<MseLossBackward0>)
tensor(164.5362, device='cuda:0', grad_fn=<MseLossBackward0>)
tensor(163.2066, device='cuda:0', grad_fn=<MseLossBackward0>)
tensor(160.0704, device='cuda:0', grad_fn=<MseLossBackward0>)
tensor(161.1117, device='cuda:0', grad_fn=<MseLossBackward0>)
Epoch 406 | Loss: 217.847927
tensor(158.8615, device='cuda:0', grad_fn=<MseLossBackward0>)
tensor(160.7665, device='cuda:0', grad_fn=<MseLossBackward0>)
tensor(161.2312, device='cuda:0', grad_fn=<MseLossBackward0>)
tensor(164.5243, device='cuda:0', grad_fn=<MseLossBackward0>)
tensor(155.5360, device='cuda:0', grad_fn=<MseLossBackward0>)
tensor(158.4213, device='cuda:0', grad_fn=<MseLossBackward0>)
tensor(163.9408, device='cuda:0', grad_fn=<MseLossBackward0>)
tensor(163.8187, device='cuda:0', grad_fn=<MseLossBackward0>)
Epoch 407 | Loss: 216.373356
tensor(161.5155, device='cuda:0', grad_fn=<MseLossBackward0>)
tensor(157.5058, device='cuda:0', grad_fn=<MseLossBackward0>)
tensor(162.2802, device='cuda:0', grad_fn=<MseLossBackward0>)
tensor(157.7520, device='cuda:0', grad_fn=<MseLossBackward0>)
tensor(165.8469, device='cuda:0', grad_fn=<MseLossBackward0>)
tensor(163.1607, device='cuda:0', grad_fn=<MseLossBackward0>)
tensor(159.2254, device='cuda:0', grad_fn=<MseLossBackward0>)
tensor(158.0977, device='cuda:0', grad_fn=<MseLossBackward0>)
Epoch 408 | Loss: 216.246305
tensor(162.0973, device='cuda:0', grad_fn=<MseLossBackward0>)
tensor(162.8059, device='cuda:0', grad_fn=<MseLossBackward0>)
tensor(158.6474, device='cuda:0', grad_fn=<MseLossBackward0>)
tensor(161.6643, device='cuda:0', grad_fn=<MseLossBackward0>)
tensor(160.4290, device='cuda:0', grad_fn=<MseLossBackward0>)
tensor(160.5811, device='cuda:0', grad_fn=<MseLossBackward0>)
tensor(162.0257, device='cuda:0', grad_fn=<MseLossBackward0>)
tensor(155.2697, device='cuda:0', grad_fn=<MseLossBackward0>)
Epoch 409 | Loss: 217.635708
tensor(158.3340, device='cuda:0', grad_fn=<MseLossBackward0>)
tensor(156.9529, device='cuda:0', grad_fn=<MseLossBackward0>)
tensor(158.4476, device='cuda:0', grad_fn=<MseLossBackward0>)
tensor(162.5492, device='cuda:0', grad_fn=<MseLossBackward0>)
tensor(158.5021, device='cuda:0', grad_fn=<MseLossBackward0>)
tensor(166.1324, device='cuda:0', grad_fn=<MseLossBackward0>)
tensor(157.9454, device='cuda:0', grad_fn=<MseLossBackward0>)
tensor(164.7565, device='cuda:0', grad_fn=<MseLossBackward0>)
Epoch 410 | Loss: 216.649408
tensor(161.5696, device='cuda:0', grad_fn=<MseLossBackward0>)
tensor(166.8534, device='cuda:0', grad_fn=<MseLossBackward0>)
tensor(162.8253, device='cuda:0', grad_fn=<MseLossBackward0>)
tensor(161.2364, device='cuda:0', grad_fn=<MseLossBackward0>)
tensor(157.2047, device='cuda:0', grad_fn=<MseLossBackward0>)
tensor(153.4321, device='cuda:0', grad_fn=<MseLossBackward0>)
tensor(160.9940, device='cuda:0', grad_fn=<MseLossBackward0>)
tensor(157.2810, device='cuda:0', grad_fn=<MseLossBackward0>)
Epoch 411 | Loss: 215.514109
tensor(160.6580, device='cuda:0', grad_fn=<MseLossBackward0>)
tensor(166.9427, device='cuda:0', grad_fn=<MseLossBackward0>)
tensor(158.6073, device='cuda:0', grad_fn=<MseLossBackward0>)
tensor(157.5331, device='cuda:0', grad_fn=<MseLossBackward0>)
tensor(165.1178, device='cuda:0', grad_fn=<MseLossBackward0>)
tensor(161.4751, device='cuda:0', grad_fn=<MseLossBackward0>)
tensor(157.2314, device='cuda:0', grad_fn=<MseLossBackward0>)
tensor(151.8891, device='cuda:0', grad_fn=<MseLossBackward0>)
Epoch 412 | Loss: 215.543200
tensor(156.0490, device='cuda:0', grad_fn=<MseLossBackward0>)
tensor(157.6602, device='cuda:0', grad_fn=<MseLossBackward0>)
tensor(163.1634, device='cuda:0', grad_fn=<MseLossBackward0>)
tensor(160.8199, device='cuda:0', grad_fn=<MseLossBackward0>)
tensor(158.4416, device='cuda:0', grad_fn=<MseLossBackward0>)
tensor(162.8138, device='cuda:0', grad_fn=<MseLossBackward0>)
tensor(157.2979, device='cuda:0', grad_fn=<MseLossBackward0>)
tensor(164.6414, device='cuda:0', grad_fn=<MseLossBackward0>)
Epoch 413 | Loss: 215.684631
tensor(156.3059, device='cuda:0', grad_fn=<MseLossBackward0>)
tensor(162.1435, device='cuda:0', grad_fn=<MseLossBackward0>)
tensor(165.2543, device='cuda:0', grad_fn=<MseLossBackward0>)
tensor(152.3165, device='cuda:0', grad_fn=<MseLossBackward0>)
tensor(157.7003, device='cuda:0', grad_fn=<MseLossBackward0>)
tensor(157.9015, device='cuda:0', grad_fn=<MseLossBackward0>)
tensor(163.4627, device='cuda:0', grad_fn=<MseLossBackward0>)
tensor(164.8099, device='cuda:0', grad_fn=<MseLossBackward0>)
Epoch 414 | Loss: 216.248764
tensor(160.5562, device='cuda:0', grad_fn=<MseLossBackward0>)
tensor(156.7290, device='cuda:0', grad_fn=<MseLossBackward0>)
tensor(161.6406, device='cuda:0', grad_fn=<MseLossBackward0>)
tensor(161.6340, device='cuda:0', grad_fn=<MseLossBackward0>)
tensor(159.4700, device='cuda:0', grad_fn=<MseLossBackward0>)
tensor(153.1620, device='cuda:0', grad_fn=<MseLossBackward0>)
tensor(165.1675, device='cuda:0', grad_fn=<MseLossBackward0>)
tensor(159.5935, device='cuda:0', grad_fn=<MseLossBackward0>)
Epoch 415 | Loss: 216.447968
tensor(158.8115, device='cuda:0', grad_fn=<MseLossBackward0>)
tensor(151.7972, device='cuda:0', grad_fn=<MseLossBackward0>)
tensor(161.5664, device='cuda:0', grad_fn=<MseLossBackward0>)
tensor(159.3469, device='cuda:0', grad_fn=<MseLossBackward0>)
tensor(164.2820, device='cuda:0', grad_fn=<MseLossBackward0>)
tensor(163.9370, device='cuda:0', grad_fn=<MseLossBackward0>)
tensor(161.0896, device='cuda:0', grad_fn=<MseLossBackward0>)
tensor(155.1913, device='cuda:0', grad_fn=<MseLossBackward0>)
Epoch 416 | Loss: 217.203434
tensor(157.8524, device='cuda:0', grad_fn=<MseLossBackward0>)
tensor(157.8190, device='cuda:0', grad_fn=<MseLossBackward0>)
tensor(159.3780, device='cuda:0', grad_fn=<MseLossBackward0>)
tensor(163.4135, device='cuda:0', grad_fn=<MseLossBackward0>)
tensor(157.3144, device='cuda:0', grad_fn=<MseLossBackward0>)
tensor(154.3353, device='cuda:0', grad_fn=<MseLossBackward0>)
tensor(165.9331, device='cuda:0', grad_fn=<MseLossBackward0>)
tensor(159.9691, device='cuda:0', grad_fn=<MseLossBackward0>)
Epoch 417 | Loss: 217.446857
tensor(158.1515, device='cuda:0', grad_fn=<MseLossBackward0>)
tensor(159.2822, device='cuda:0', grad_fn=<MseLossBackward0>)
tensor(155.3383, device='cuda:0', grad_fn=<MseLossBackward0>)
tensor(158.4689, device='cuda:0', grad_fn=<MseLossBackward0>)
tensor(159.0702, device='cuda:0', grad_fn=<MseLossBackward0>)
tensor(162.9597, device='cuda:0', grad_fn=<MseLossBackward0>)
tensor(158.0687, device='cuda:0', grad_fn=<MseLossBackward0>)
tensor(164.9332, device='cuda:0', grad_fn=<MseLossBackward0>)
Epoch 418 | Loss: 217.906473
tensor(148.5964, device='cuda:0', grad_fn=<MseLossBackward0>)
tensor(158.5976, device='cuda:0', grad_fn=<MseLossBackward0>)
tensor(155.0668, device='cuda:0', grad_fn=<MseLossBackward0>)
tensor(164.2785, device='cuda:0', grad_fn=<MseLossBackward0>)
tensor(165.5329, device='cuda:0', grad_fn=<MseLossBackward0>)
tensor(162.1748, device='cuda:0', grad_fn=<MseLossBackward0>)
tensor(162.6941, device='cuda:0', grad_fn=<MseLossBackward0>)
tensor(156.6353, device='cuda:0', grad_fn=<MseLossBackward0>)
Epoch 419 | Loss: 226.017969
tensor(155.2620, device='cuda:0', grad_fn=<MseLossBackward0>)
tensor(160.5058, device='cuda:0', grad_fn=<MseLossBackward0>)
tensor(153.7567, device='cuda:0', grad_fn=<MseLossBackward0>)
tensor(161.6787, device='cuda:0', grad_fn=<MseLossBackward0>)
tensor(161.0018, device='cuda:0', grad_fn=<MseLossBackward0>)
tensor(157.0842, device='cuda:0', grad_fn=<MseLossBackward0>)
tensor(165.6333, device='cuda:0', grad_fn=<MseLossBackward0>)
tensor(157.2012, device='cuda:0', grad_fn=<MseLossBackward0>)
Epoch 420 | Loss: 222.295002
tensor(154.8360, device='cuda:0', grad_fn=<MseLossBackward0>)
tensor(164.1814, device='cuda:0', grad_fn=<MseLossBackward0>)
tensor(157.0668, device='cuda:0', grad_fn=<MseLossBackward0>)
tensor(165.2001, device='cuda:0', grad_fn=<MseLossBackward0>)
tensor(157.9510, device='cuda:0', grad_fn=<MseLossBackward0>)
tensor(159.1543, device='cuda:0', grad_fn=<MseLossBackward0>)
tensor(155.3126, device='cuda:0', grad_fn=<MseLossBackward0>)
tensor(157.8528, device='cuda:0', grad_fn=<MseLossBackward0>)
Epoch 421 | Loss: 216.781942
tensor(157.7464, device='cuda:0', grad_fn=<MseLossBackward0>)
tensor(154.9326, device='cuda:0', grad_fn=<MseLossBackward0>)
tensor(160.5533, device='cuda:0', grad_fn=<MseLossBackward0>)
tensor(158.6698, device='cuda:0', grad_fn=<MseLossBackward0>)
tensor(160.7837, device='cuda:0', grad_fn=<MseLossBackward0>)
tensor(157.4962, device='cuda:0', grad_fn=<MseLossBackward0>)
tensor(160.3656, device='cuda:0', grad_fn=<MseLossBackward0>)
tensor(160.7588, device='cuda:0', grad_fn=<MseLossBackward0>)
Epoch 422 | Loss: 215.150116
tensor(155.5391, device='cuda:0', grad_fn=<MseLossBackward0>)
tensor(155.0624, device='cuda:0', grad_fn=<MseLossBackward0>)
tensor(156.9577, device='cuda:0', grad_fn=<MseLossBackward0>)
tensor(163.8676, device='cuda:0', grad_fn=<MseLossBackward0>)
tensor(157.1036, device='cuda:0', grad_fn=<MseLossBackward0>)
tensor(159.0245, device='cuda:0', grad_fn=<MseLossBackward0>)
tensor(159.1586, device='cuda:0', grad_fn=<MseLossBackward0>)
tensor(164.3129, device='cuda:0', grad_fn=<MseLossBackward0>)
Epoch 423 | Loss: 213.414036
tensor(159.8061, device='cuda:0', grad_fn=<MseLossBackward0>)
tensor(157.8231, device='cuda:0', grad_fn=<MseLossBackward0>)
tensor(156.8138, device='cuda:0', grad_fn=<MseLossBackward0>)
tensor(159.0694, device='cuda:0', grad_fn=<MseLossBackward0>)
tensor(149.0671, device='cuda:0', grad_fn=<MseLossBackward0>)
tensor(156.1156, device='cuda:0', grad_fn=<MseLossBackward0>)
tensor(169.0257, device='cuda:0', grad_fn=<MseLossBackward0>)
tensor(161.4573, device='cuda:0', grad_fn=<MseLossBackward0>)
Epoch 424 | Loss: 212.931671
tensor(158.2115, device='cuda:0', grad_fn=<MseLossBackward0>)
tensor(159.5109, device='cuda:0', grad_fn=<MseLossBackward0>)
tensor(158.8570, device='cuda:0', grad_fn=<MseLossBackward0>)
tensor(157.4649, device='cuda:0', grad_fn=<MseLossBackward0>)
tensor(162.9516, device='cuda:0', grad_fn=<MseLossBackward0>)
tensor(157.3365, device='cuda:0', grad_fn=<MseLossBackward0>)
tensor(160.8350, device='cuda:0', grad_fn=<MseLossBackward0>)
tensor(151.1960, device='cuda:0', grad_fn=<MseLossBackward0>)
Epoch 425 | Loss: 212.282045
tensor(152.9611, device='cuda:0', grad_fn=<MseLossBackward0>)
tensor(157.5340, device='cuda:0', grad_fn=<MseLossBackward0>)
tensor(158.7525, device='cuda:0', grad_fn=<MseLossBackward0>)
tensor(154.6255, device='cuda:0', grad_fn=<MseLossBackward0>)
tensor(153.4355, device='cuda:0', grad_fn=<MseLossBackward0>)
tensor(167.1784, device='cuda:0', grad_fn=<MseLossBackward0>)
tensor(157.5753, device='cuda:0', grad_fn=<MseLossBackward0>)
tensor(166.6637, device='cuda:0', grad_fn=<MseLossBackward0>)
Epoch 426 | Loss: 212.679813
tensor(158.4608, device='cuda:0', grad_fn=<MseLossBackward0>)
tensor(161.3199, device='cuda:0', grad_fn=<MseLossBackward0>)
tensor(156.1154, device='cuda:0', grad_fn=<MseLossBackward0>)
tensor(166.1334, device='cuda:0', grad_fn=<MseLossBackward0>)
tensor(153.5387, device='cuda:0', grad_fn=<MseLossBackward0>)
tensor(159.3823, device='cuda:0', grad_fn=<MseLossBackward0>)
tensor(157.9809, device='cuda:0', grad_fn=<MseLossBackward0>)
tensor(152.1161, device='cuda:0', grad_fn=<MseLossBackward0>)
Epoch 427 | Loss: 213.690451
tensor(163.2099, device='cuda:0', grad_fn=<MseLossBackward0>)
tensor(158.0998, device='cuda:0', grad_fn=<MseLossBackward0>)
tensor(158.4928, device='cuda:0', grad_fn=<MseLossBackward0>)
tensor(155.7153, device='cuda:0', grad_fn=<MseLossBackward0>)
tensor(156.9507, device='cuda:0', grad_fn=<MseLossBackward0>)
tensor(158.9687, device='cuda:0', grad_fn=<MseLossBackward0>)
tensor(156.3998, device='cuda:0', grad_fn=<MseLossBackward0>)
tensor(156.6437, device='cuda:0', grad_fn=<MseLossBackward0>)
Epoch 428 | Loss: 213.119011
tensor(151.3476, device='cuda:0', grad_fn=<MseLossBackward0>)
tensor(163.0786, device='cuda:0', grad_fn=<MseLossBackward0>)
tensor(152.5727, device='cuda:0', grad_fn=<MseLossBackward0>)
tensor(157.8683, device='cuda:0', grad_fn=<MseLossBackward0>)
tensor(166.2812, device='cuda:0', grad_fn=<MseLossBackward0>)
tensor(154.7287, device='cuda:0', grad_fn=<MseLossBackward0>)
tensor(158.8023, device='cuda:0', grad_fn=<MseLossBackward0>)
tensor(159.1316, device='cuda:0', grad_fn=<MseLossBackward0>)
Epoch 429 | Loss: 213.077791
tensor(155.2595, device='cuda:0', grad_fn=<MseLossBackward0>)
tensor(157.6587, device='cuda:0', grad_fn=<MseLossBackward0>)
tensor(158.5142, device='cuda:0', grad_fn=<MseLossBackward0>)
tensor(158.8597, device='cuda:0', grad_fn=<MseLossBackward0>)
tensor(159.3656, device='cuda:0', grad_fn=<MseLossBackward0>)
tensor(156.8317, device='cuda:0', grad_fn=<MseLossBackward0>)
tensor(163.6938, device='cuda:0', grad_fn=<MseLossBackward0>)
tensor(151.2841, device='cuda:0', grad_fn=<MseLossBackward0>)
Epoch 430 | Loss: 211.172649
tensor(155.2928, device='cuda:0', grad_fn=<MseLossBackward0>)
tensor(156.8269, device='cuda:0', grad_fn=<MseLossBackward0>)
tensor(160.7112, device='cuda:0', grad_fn=<MseLossBackward0>)
tensor(157.5650, device='cuda:0', grad_fn=<MseLossBackward0>)
tensor(151.8152, device='cuda:0', grad_fn=<MseLossBackward0>)
tensor(162.8437, device='cuda:0', grad_fn=<MseLossBackward0>)
tensor(156.8524, device='cuda:0', grad_fn=<MseLossBackward0>)
tensor(160.2979, device='cuda:0', grad_fn=<MseLossBackward0>)
Epoch 431 | Loss: 211.282005
tensor(162.2512, device='cuda:0', grad_fn=<MseLossBackward0>)
tensor(159.3400, device='cuda:0', grad_fn=<MseLossBackward0>)
tensor(155.9370, device='cuda:0', grad_fn=<MseLossBackward0>)
tensor(149.1430, device='cuda:0', grad_fn=<MseLossBackward0>)
tensor(160.6329, device='cuda:0', grad_fn=<MseLossBackward0>)
tensor(154.6655, device='cuda:0', grad_fn=<MseLossBackward0>)
tensor(161.3851, device='cuda:0', grad_fn=<MseLossBackward0>)
tensor(157.0188, device='cuda:0', grad_fn=<MseLossBackward0>)
Epoch 432 | Loss: 211.370733
tensor(154.6885, device='cuda:0', grad_fn=<MseLossBackward0>)
tensor(152.0376, device='cuda:0', grad_fn=<MseLossBackward0>)
tensor(164.7756, device='cuda:0', grad_fn=<MseLossBackward0>)
tensor(157.0392, device='cuda:0', grad_fn=<MseLossBackward0>)
tensor(153.4631, device='cuda:0', grad_fn=<MseLossBackward0>)
tensor(162.0011, device='cuda:0', grad_fn=<MseLossBackward0>)
tensor(154.3592, device='cuda:0', grad_fn=<MseLossBackward0>)
tensor(162.1749, device='cuda:0', grad_fn=<MseLossBackward0>)
Epoch 433 | Loss: 211.872452
tensor(159.9097, device='cuda:0', grad_fn=<MseLossBackward0>)
tensor(152.1174, device='cuda:0', grad_fn=<MseLossBackward0>)
tensor(157.7073, device='cuda:0', grad_fn=<MseLossBackward0>)
tensor(155.9633, device='cuda:0', grad_fn=<MseLossBackward0>)
tensor(159.8595, device='cuda:0', grad_fn=<MseLossBackward0>)
tensor(156.6168, device='cuda:0', grad_fn=<MseLossBackward0>)
tensor(163.4791, device='cuda:0', grad_fn=<MseLossBackward0>)
tensor(151.9714, device='cuda:0', grad_fn=<MseLossBackward0>)
Epoch 434 | Loss: 211.154823
tensor(159.8074, device='cuda:0', grad_fn=<MseLossBackward0>)
tensor(156.4185, device='cuda:0', grad_fn=<MseLossBackward0>)
tensor(154.4998, device='cuda:0', grad_fn=<MseLossBackward0>)
tensor(154.6866, device='cuda:0', grad_fn=<MseLossBackward0>)
tensor(158.9738, device='cuda:0', grad_fn=<MseLossBackward0>)
tensor(161.8074, device='cuda:0', grad_fn=<MseLossBackward0>)
tensor(153.3246, device='cuda:0', grad_fn=<MseLossBackward0>)
tensor(158.4940, device='cuda:0', grad_fn=<MseLossBackward0>)
Epoch 435 | Loss: 212.287155
tensor(157.9616, device='cuda:0', grad_fn=<MseLossBackward0>)
tensor(153.7836, device='cuda:0', grad_fn=<MseLossBackward0>)
tensor(158.8230, device='cuda:0', grad_fn=<MseLossBackward0>)
tensor(159.5305, device='cuda:0', grad_fn=<MseLossBackward0>)
tensor(154.1195, device='cuda:0', grad_fn=<MseLossBackward0>)
tensor(159.4946, device='cuda:0', grad_fn=<MseLossBackward0>)
tensor(157.0332, device='cuda:0', grad_fn=<MseLossBackward0>)
tensor(155.4001, device='cuda:0', grad_fn=<MseLossBackward0>)
Epoch 436 | Loss: 212.616495
tensor(154.8158, device='cuda:0', grad_fn=<MseLossBackward0>)
tensor(161.3208, device='cuda:0', grad_fn=<MseLossBackward0>)
tensor(153.1664, device='cuda:0', grad_fn=<MseLossBackward0>)
tensor(151.1648, device='cuda:0', grad_fn=<MseLossBackward0>)
tensor(150.8897, device='cuda:0', grad_fn=<MseLossBackward0>)
tensor(164.9691, device='cuda:0', grad_fn=<MseLossBackward0>)
tensor(159.5153, device='cuda:0', grad_fn=<MseLossBackward0>)
tensor(160.2389, device='cuda:0', grad_fn=<MseLossBackward0>)
Epoch 437 | Loss: 211.741014
tensor(160.3274, device='cuda:0', grad_fn=<MseLossBackward0>)
tensor(152.0682, device='cuda:0', grad_fn=<MseLossBackward0>)
tensor(159.7366, device='cuda:0', grad_fn=<MseLossBackward0>)
tensor(156.4208, device='cuda:0', grad_fn=<MseLossBackward0>)
tensor(155.3946, device='cuda:0', grad_fn=<MseLossBackward0>)
tensor(154.5341, device='cuda:0', grad_fn=<MseLossBackward0>)
tensor(159.2895, device='cuda:0', grad_fn=<MseLossBackward0>)
tensor(156.6911, device='cuda:0', grad_fn=<MseLossBackward0>)
Epoch 438 | Loss: 210.157265
tensor(160.2415, device='cuda:0', grad_fn=<MseLossBackward0>)
tensor(155.3519, device='cuda:0', grad_fn=<MseLossBackward0>)
tensor(150.7268, device='cuda:0', grad_fn=<MseLossBackward0>)
tensor(155.5643, device='cuda:0', grad_fn=<MseLossBackward0>)
tensor(164.0168, device='cuda:0', grad_fn=<MseLossBackward0>)
tensor(155.4008, device='cuda:0', grad_fn=<MseLossBackward0>)
tensor(158.3313, device='cuda:0', grad_fn=<MseLossBackward0>)
tensor(153.3390, device='cuda:0', grad_fn=<MseLossBackward0>)
Epoch 439 | Loss: 210.046825
tensor(156.4741, device='cuda:0', grad_fn=<MseLossBackward0>)
tensor(154.8030, device='cuda:0', grad_fn=<MseLossBackward0>)
tensor(151.9591, device='cuda:0', grad_fn=<MseLossBackward0>)
tensor(159.2996, device='cuda:0', grad_fn=<MseLossBackward0>)
tensor(158.6665, device='cuda:0', grad_fn=<MseLossBackward0>)
tensor(160.6924, device='cuda:0', grad_fn=<MseLossBackward0>)
tensor(152.7159, device='cuda:0', grad_fn=<MseLossBackward0>)
tensor(158.2216, device='cuda:0', grad_fn=<MseLossBackward0>)
Epoch 440 | Loss: 209.316778
tensor(157.8868, device='cuda:0', grad_fn=<MseLossBackward0>)
tensor(156.8145, device='cuda:0', grad_fn=<MseLossBackward0>)
tensor(152.6076, device='cuda:0', grad_fn=<MseLossBackward0>)
tensor(149.0966, device='cuda:0', grad_fn=<MseLossBackward0>)
tensor(165.2171, device='cuda:0', grad_fn=<MseLossBackward0>)
tensor(157.1796, device='cuda:0', grad_fn=<MseLossBackward0>)
tensor(152.8018, device='cuda:0', grad_fn=<MseLossBackward0>)
tensor(160.6279, device='cuda:0', grad_fn=<MseLossBackward0>)
Epoch 441 | Loss: 211.246801
tensor(161.5653, device='cuda:0', grad_fn=<MseLossBackward0>)
tensor(155.8069, device='cuda:0', grad_fn=<MseLossBackward0>)
tensor(156.5462, device='cuda:0', grad_fn=<MseLossBackward0>)
tensor(154.0770, device='cuda:0', grad_fn=<MseLossBackward0>)
tensor(152.8540, device='cuda:0', grad_fn=<MseLossBackward0>)
tensor(159.8781, device='cuda:0', grad_fn=<MseLossBackward0>)
tensor(155.3747, device='cuda:0', grad_fn=<MseLossBackward0>)
tensor(154.1913, device='cuda:0', grad_fn=<MseLossBackward0>)
Epoch 442 | Loss: 210.017977
tensor(165.0848, device='cuda:0', grad_fn=<MseLossBackward0>)
tensor(156.0381, device='cuda:0', grad_fn=<MseLossBackward0>)
tensor(155.3582, device='cuda:0', grad_fn=<MseLossBackward0>)
tensor(153.9532, device='cuda:0', grad_fn=<MseLossBackward0>)
tensor(154.2893, device='cuda:0', grad_fn=<MseLossBackward0>)
tensor(149.0861, device='cuda:0', grad_fn=<MseLossBackward0>)
tensor(159.1450, device='cuda:0', grad_fn=<MseLossBackward0>)
tensor(156.5228, device='cuda:0', grad_fn=<MseLossBackward0>)
Epoch 443 | Loss: 211.391815
tensor(158.0968, device='cuda:0', grad_fn=<MseLossBackward0>)
tensor(152.0355, device='cuda:0', grad_fn=<MseLossBackward0>)
tensor(158.4684, device='cuda:0', grad_fn=<MseLossBackward0>)
tensor(156.7660, device='cuda:0', grad_fn=<MseLossBackward0>)
tensor(157.3633, device='cuda:0', grad_fn=<MseLossBackward0>)
tensor(160.0372, device='cuda:0', grad_fn=<MseLossBackward0>)
tensor(148.8808, device='cuda:0', grad_fn=<MseLossBackward0>)
tensor(156.9504, device='cuda:0', grad_fn=<MseLossBackward0>)
Epoch 444 | Loss: 209.644684
tensor(150.6644, device='cuda:0', grad_fn=<MseLossBackward0>)
tensor(147.8785, device='cuda:0', grad_fn=<MseLossBackward0>)
tensor(154.6602, device='cuda:0', grad_fn=<MseLossBackward0>)
tensor(163.8896, device='cuda:0', grad_fn=<MseLossBackward0>)
tensor(157.5922, device='cuda:0', grad_fn=<MseLossBackward0>)
tensor(157.5856, device='cuda:0', grad_fn=<MseLossBackward0>)
tensor(153.3974, device='cuda:0', grad_fn=<MseLossBackward0>)
tensor(163.2569, device='cuda:0', grad_fn=<MseLossBackward0>)
Epoch 445 | Loss: 209.435823
tensor(162.0924, device='cuda:0', grad_fn=<MseLossBackward0>)
tensor(153.8921, device='cuda:0', grad_fn=<MseLossBackward0>)
tensor(158.3518, device='cuda:0', grad_fn=<MseLossBackward0>)
tensor(155.4665, device='cuda:0', grad_fn=<MseLossBackward0>)
tensor(158.9209, device='cuda:0', grad_fn=<MseLossBackward0>)
tensor(148.8910, device='cuda:0', grad_fn=<MseLossBackward0>)
tensor(157.1213, device='cuda:0', grad_fn=<MseLossBackward0>)
tensor(151.2343, device='cuda:0', grad_fn=<MseLossBackward0>)
Epoch 446 | Loss: 210.415071
tensor(152.8568, device='cuda:0', grad_fn=<MseLossBackward0>)
tensor(150.1124, device='cuda:0', grad_fn=<MseLossBackward0>)
tensor(152.4798, device='cuda:0', grad_fn=<MseLossBackward0>)
tensor(166.7838, device='cuda:0', grad_fn=<MseLossBackward0>)
tensor(157.0239, device='cuda:0', grad_fn=<MseLossBackward0>)
tensor(153.6206, device='cuda:0', grad_fn=<MseLossBackward0>)
tensor(156.9658, device='cuda:0', grad_fn=<MseLossBackward0>)
tensor(155.9536, device='cuda:0', grad_fn=<MseLossBackward0>)
Epoch 447 | Loss: 208.680674
tensor(149.9805, device='cuda:0', grad_fn=<MseLossBackward0>)
tensor(157.4887, device='cuda:0', grad_fn=<MseLossBackward0>)
tensor(160.8008, device='cuda:0', grad_fn=<MseLossBackward0>)
tensor(149.7717, device='cuda:0', grad_fn=<MseLossBackward0>)
tensor(147.2725, device='cuda:0', grad_fn=<MseLossBackward0>)
tensor(154.1101, device='cuda:0', grad_fn=<MseLossBackward0>)
tensor(164.4131, device='cuda:0', grad_fn=<MseLossBackward0>)
tensor(161.6173, device='cuda:0', grad_fn=<MseLossBackward0>)
Epoch 448 | Loss: 211.089487
tensor(153.6961, device='cuda:0', grad_fn=<MseLossBackward0>)
tensor(163.1317, device='cuda:0', grad_fn=<MseLossBackward0>)
tensor(155.6914, device='cuda:0', grad_fn=<MseLossBackward0>)
tensor(157.5264, device='cuda:0', grad_fn=<MseLossBackward0>)
tensor(156.3931, device='cuda:0', grad_fn=<MseLossBackward0>)
tensor(152.8680, device='cuda:0', grad_fn=<MseLossBackward0>)
tensor(152.4350, device='cuda:0', grad_fn=<MseLossBackward0>)
tensor(151.1247, device='cuda:0', grad_fn=<MseLossBackward0>)
Epoch 449 | Loss: 212.121893
tensor(154.3299, device='cuda:0', grad_fn=<MseLossBackward0>)
tensor(158.7446, device='cuda:0', grad_fn=<MseLossBackward0>)
tensor(156.1292, device='cuda:0', grad_fn=<MseLossBackward0>)
tensor(157.7851, device='cuda:0', grad_fn=<MseLossBackward0>)
tensor(154.4767, device='cuda:0', grad_fn=<MseLossBackward0>)
tensor(148.7773, device='cuda:0', grad_fn=<MseLossBackward0>)
tensor(154.3833, device='cuda:0', grad_fn=<MseLossBackward0>)
tensor(158.7995, device='cuda:0', grad_fn=<MseLossBackward0>)
Epoch 450 | Loss: 210.142408
tensor(156.5655, device='cuda:0', grad_fn=<MseLossBackward0>)
tensor(156.3734, device='cuda:0', grad_fn=<MseLossBackward0>)
tensor(156.1379, device='cuda:0', grad_fn=<MseLossBackward0>)
tensor(157.2140, device='cuda:0', grad_fn=<MseLossBackward0>)
tensor(155.0124, device='cuda:0', grad_fn=<MseLossBackward0>)
tensor(148.5771, device='cuda:0', grad_fn=<MseLossBackward0>)
tensor(155.7290, device='cuda:0', grad_fn=<MseLossBackward0>)
tensor(156.3204, device='cuda:0', grad_fn=<MseLossBackward0>)
Epoch 451 | Loss: 207.939680
tensor(157.6651, device='cuda:0', grad_fn=<MseLossBackward0>)
tensor(152.7611, device='cuda:0', grad_fn=<MseLossBackward0>)
tensor(156.6641, device='cuda:0', grad_fn=<MseLossBackward0>)
tensor(156.5254, device='cuda:0', grad_fn=<MseLossBackward0>)
tensor(149.9309, device='cuda:0', grad_fn=<MseLossBackward0>)
tensor(157.4353, device='cuda:0', grad_fn=<MseLossBackward0>)
tensor(157.9178, device='cuda:0', grad_fn=<MseLossBackward0>)
tensor(150.7735, device='cuda:0', grad_fn=<MseLossBackward0>)
Epoch 452 | Loss: 209.358889
tensor(159.5843, device='cuda:0', grad_fn=<MseLossBackward0>)
tensor(150.4904, device='cuda:0', grad_fn=<MseLossBackward0>)
tensor(151.3057, device='cuda:0', grad_fn=<MseLossBackward0>)
tensor(148.4131, device='cuda:0', grad_fn=<MseLossBackward0>)
tensor(150.1427, device='cuda:0', grad_fn=<MseLossBackward0>)
tensor(162.3135, device='cuda:0', grad_fn=<MseLossBackward0>)
tensor(158.8768, device='cuda:0', grad_fn=<MseLossBackward0>)
tensor(159.3390, device='cuda:0', grad_fn=<MseLossBackward0>)
Epoch 453 | Loss: 210.302107
tensor(152.0520, device='cuda:0', grad_fn=<MseLossBackward0>)
tensor(154.3978, device='cuda:0', grad_fn=<MseLossBackward0>)
tensor(156.6767, device='cuda:0', grad_fn=<MseLossBackward0>)
tensor(159.4516, device='cuda:0', grad_fn=<MseLossBackward0>)
tensor(154.7257, device='cuda:0', grad_fn=<MseLossBackward0>)
tensor(149.1022, device='cuda:0', grad_fn=<MseLossBackward0>)
tensor(158.8216, device='cuda:0', grad_fn=<MseLossBackward0>)
tensor(153.8184, device='cuda:0', grad_fn=<MseLossBackward0>)
Epoch 454 | Loss: 211.678535
tensor(151.9783, device='cuda:0', grad_fn=<MseLossBackward0>)
tensor(154.2690, device='cuda:0', grad_fn=<MseLossBackward0>)
tensor(156.8649, device='cuda:0', grad_fn=<MseLossBackward0>)
tensor(157.6676, device='cuda:0', grad_fn=<MseLossBackward0>)
tensor(144.1711, device='cuda:0', grad_fn=<MseLossBackward0>)
tensor(159.5919, device='cuda:0', grad_fn=<MseLossBackward0>)
tensor(159.6156, device='cuda:0', grad_fn=<MseLossBackward0>)
tensor(153.4062, device='cuda:0', grad_fn=<MseLossBackward0>)
Epoch 455 | Loss: 209.672276
tensor(167.4849, device='cuda:0', grad_fn=<MseLossBackward0>)
tensor(152.7177, device='cuda:0', grad_fn=<MseLossBackward0>)
tensor(151.4694, device='cuda:0', grad_fn=<MseLossBackward0>)
tensor(161.5387, device='cuda:0', grad_fn=<MseLossBackward0>)
tensor(154.1743, device='cuda:0', grad_fn=<MseLossBackward0>)
tensor(149.0043, device='cuda:0', grad_fn=<MseLossBackward0>)
tensor(145.4168, device='cuda:0', grad_fn=<MseLossBackward0>)
tensor(154.6009, device='cuda:0', grad_fn=<MseLossBackward0>)
Epoch 456 | Loss: 208.230993
tensor(154.4223, device='cuda:0', grad_fn=<MseLossBackward0>)
tensor(154.0582, device='cuda:0', grad_fn=<MseLossBackward0>)
tensor(155.5723, device='cuda:0', grad_fn=<MseLossBackward0>)
tensor(153.9162, device='cuda:0', grad_fn=<MseLossBackward0>)
tensor(152.2566, device='cuda:0', grad_fn=<MseLossBackward0>)
tensor(154.4124, device='cuda:0', grad_fn=<MseLossBackward0>)
tensor(150.8212, device='cuda:0', grad_fn=<MseLossBackward0>)
tensor(161.5271, device='cuda:0', grad_fn=<MseLossBackward0>)
Epoch 457 | Loss: 208.356503
tensor(156.7019, device='cuda:0', grad_fn=<MseLossBackward0>)
tensor(145.6297, device='cuda:0', grad_fn=<MseLossBackward0>)
tensor(156.6973, device='cuda:0', grad_fn=<MseLossBackward0>)
tensor(153.6826, device='cuda:0', grad_fn=<MseLossBackward0>)
tensor(148.9254, device='cuda:0', grad_fn=<MseLossBackward0>)
tensor(155.3595, device='cuda:0', grad_fn=<MseLossBackward0>)
tensor(161.1779, device='cuda:0', grad_fn=<MseLossBackward0>)
tensor(157.9738, device='cuda:0', grad_fn=<MseLossBackward0>)
Epoch 458 | Loss: 210.974590
tensor(157.5425, device='cuda:0', grad_fn=<MseLossBackward0>)
tensor(152.3963, device='cuda:0', grad_fn=<MseLossBackward0>)
tensor(155.4048, device='cuda:0', grad_fn=<MseLossBackward0>)
tensor(161.0701, device='cuda:0', grad_fn=<MseLossBackward0>)
tensor(151.2354, device='cuda:0', grad_fn=<MseLossBackward0>)
tensor(156.4602, device='cuda:0', grad_fn=<MseLossBackward0>)
tensor(150.0833, device='cuda:0', grad_fn=<MseLossBackward0>)
tensor(149.5197, device='cuda:0', grad_fn=<MseLossBackward0>)
Epoch 459 | Loss: 219.576204
tensor(155.5980, device='cuda:0', grad_fn=<MseLossBackward0>)
tensor(153.2596, device='cuda:0', grad_fn=<MseLossBackward0>)
tensor(157.2511, device='cuda:0', grad_fn=<MseLossBackward0>)
tensor(154.6309, device='cuda:0', grad_fn=<MseLossBackward0>)
tensor(149.6730, device='cuda:0', grad_fn=<MseLossBackward0>)
tensor(160.3057, device='cuda:0', grad_fn=<MseLossBackward0>)
tensor(150.9884, device='cuda:0', grad_fn=<MseLossBackward0>)
tensor(151.6524, device='cuda:0', grad_fn=<MseLossBackward0>)
Epoch 460 | Loss: 210.515902
tensor(158.1797, device='cuda:0', grad_fn=<MseLossBackward0>)
tensor(158.7461, device='cuda:0', grad_fn=<MseLossBackward0>)
tensor(155.7464, device='cuda:0', grad_fn=<MseLossBackward0>)
tensor(154.0771, device='cuda:0', grad_fn=<MseLossBackward0>)
tensor(154.1696, device='cuda:0', grad_fn=<MseLossBackward0>)
tensor(150.1328, device='cuda:0', grad_fn=<MseLossBackward0>)
tensor(155.0891, device='cuda:0', grad_fn=<MseLossBackward0>)
tensor(144.5001, device='cuda:0', grad_fn=<MseLossBackward0>)
Epoch 461 | Loss: 207.660707
tensor(150.1995, device='cuda:0', grad_fn=<MseLossBackward0>)
tensor(159.0068, device='cuda:0', grad_fn=<MseLossBackward0>)
tensor(150.1342, device='cuda:0', grad_fn=<MseLossBackward0>)
tensor(152.8648, device='cuda:0', grad_fn=<MseLossBackward0>)
tensor(147.0191, device='cuda:0', grad_fn=<MseLossBackward0>)
tensor(157.2910, device='cuda:0', grad_fn=<MseLossBackward0>)
tensor(163.7371, device='cuda:0', grad_fn=<MseLossBackward0>)
tensor(150.6383, device='cuda:0', grad_fn=<MseLossBackward0>)
Epoch 462 | Loss: 205.584347
tensor(154.0798, device='cuda:0', grad_fn=<MseLossBackward0>)
tensor(152.4713, device='cuda:0', grad_fn=<MseLossBackward0>)
tensor(154.2638, device='cuda:0', grad_fn=<MseLossBackward0>)
tensor(152.6650, device='cuda:0', grad_fn=<MseLossBackward0>)
tensor(156.8952, device='cuda:0', grad_fn=<MseLossBackward0>)
tensor(150.7009, device='cuda:0', grad_fn=<MseLossBackward0>)
tensor(157.6199, device='cuda:0', grad_fn=<MseLossBackward0>)
tensor(152.1556, device='cuda:0', grad_fn=<MseLossBackward0>)
Epoch 463 | Loss: 207.251348
tensor(153.6927, device='cuda:0', grad_fn=<MseLossBackward0>)
tensor(155.0782, device='cuda:0', grad_fn=<MseLossBackward0>)
tensor(153.9866, device='cuda:0', grad_fn=<MseLossBackward0>)
tensor(156.2320, device='cuda:0', grad_fn=<MseLossBackward0>)
tensor(151.5106, device='cuda:0', grad_fn=<MseLossBackward0>)
tensor(155.7214, device='cuda:0', grad_fn=<MseLossBackward0>)
tensor(153.6527, device='cuda:0', grad_fn=<MseLossBackward0>)
tensor(149.9405, device='cuda:0', grad_fn=<MseLossBackward0>)
Epoch 464 | Loss: 209.926929
tensor(153.9644, device='cuda:0', grad_fn=<MseLossBackward0>)
tensor(150.5634, device='cuda:0', grad_fn=<MseLossBackward0>)
tensor(151.0006, device='cuda:0', grad_fn=<MseLossBackward0>)
tensor(160.4690, device='cuda:0', grad_fn=<MseLossBackward0>)
tensor(152.1720, device='cuda:0', grad_fn=<MseLossBackward0>)
tensor(158.5610, device='cuda:0', grad_fn=<MseLossBackward0>)
tensor(148.1904, device='cuda:0', grad_fn=<MseLossBackward0>)
tensor(154.2836, device='cuda:0', grad_fn=<MseLossBackward0>)
Epoch 465 | Loss: 212.182550
tensor(153.1178, device='cuda:0', grad_fn=<MseLossBackward0>)
tensor(150.4505, device='cuda:0', grad_fn=<MseLossBackward0>)
tensor(152.2756, device='cuda:0', grad_fn=<MseLossBackward0>)
tensor(152.3344, device='cuda:0', grad_fn=<MseLossBackward0>)
tensor(154.9418, device='cuda:0', grad_fn=<MseLossBackward0>)
tensor(154.1937, device='cuda:0', grad_fn=<MseLossBackward0>)
tensor(155.2273, device='cuda:0', grad_fn=<MseLossBackward0>)
tensor(155.7197, device='cuda:0', grad_fn=<MseLossBackward0>)
Epoch 466 | Loss: 208.424397
tensor(155.3691, device='cuda:0', grad_fn=<MseLossBackward0>)
tensor(161.2892, device='cuda:0', grad_fn=<MseLossBackward0>)
tensor(156.3944, device='cuda:0', grad_fn=<MseLossBackward0>)
tensor(148.9303, device='cuda:0', grad_fn=<MseLossBackward0>)
tensor(149.2002, device='cuda:0', grad_fn=<MseLossBackward0>)
tensor(150.8215, device='cuda:0', grad_fn=<MseLossBackward0>)
tensor(153.8969, device='cuda:0', grad_fn=<MseLossBackward0>)
tensor(150.9177, device='cuda:0', grad_fn=<MseLossBackward0>)
Epoch 467 | Loss: 206.814062
tensor(150.1069, device='cuda:0', grad_fn=<MseLossBackward0>)
tensor(150.3746, device='cuda:0', grad_fn=<MseLossBackward0>)
tensor(159.3706, device='cuda:0', grad_fn=<MseLossBackward0>)
tensor(152.8449, device='cuda:0', grad_fn=<MseLossBackward0>)
tensor(155.3933, device='cuda:0', grad_fn=<MseLossBackward0>)
tensor(151.3603, device='cuda:0', grad_fn=<MseLossBackward0>)
tensor(151.6939, device='cuda:0', grad_fn=<MseLossBackward0>)
tensor(156.2487, device='cuda:0', grad_fn=<MseLossBackward0>)
Epoch 468 | Loss: 208.274704
tensor(150.1323, device='cuda:0', grad_fn=<MseLossBackward0>)
tensor(151.6394, device='cuda:0', grad_fn=<MseLossBackward0>)
tensor(156.2427, device='cuda:0', grad_fn=<MseLossBackward0>)
tensor(158.5635, device='cuda:0', grad_fn=<MseLossBackward0>)
tensor(153.4815, device='cuda:0', grad_fn=<MseLossBackward0>)
tensor(149.2885, device='cuda:0', grad_fn=<MseLossBackward0>)
tensor(149.6660, device='cuda:0', grad_fn=<MseLossBackward0>)
tensor(157.5525, device='cuda:0', grad_fn=<MseLossBackward0>)
Epoch 469 | Loss: 206.756205
tensor(156.9417, device='cuda:0', grad_fn=<MseLossBackward0>)
tensor(151.1935, device='cuda:0', grad_fn=<MseLossBackward0>)
tensor(149.2713, device='cuda:0', grad_fn=<MseLossBackward0>)
tensor(159.5235, device='cuda:0', grad_fn=<MseLossBackward0>)
tensor(152.0401, device='cuda:0', grad_fn=<MseLossBackward0>)
tensor(151.7170, device='cuda:0', grad_fn=<MseLossBackward0>)
tensor(153.3378, device='cuda:0', grad_fn=<MseLossBackward0>)
tensor(150.0017, device='cuda:0', grad_fn=<MseLossBackward0>)
Epoch 470 | Loss: 204.705936
tensor(150.0693, device='cuda:0', grad_fn=<MseLossBackward0>)
tensor(146.7467, device='cuda:0', grad_fn=<MseLossBackward0>)
tensor(149.9694, device='cuda:0', grad_fn=<MseLossBackward0>)
tensor(153.8183, device='cuda:0', grad_fn=<MseLossBackward0>)
tensor(155.1942, device='cuda:0', grad_fn=<MseLossBackward0>)
tensor(155.1883, device='cuda:0', grad_fn=<MseLossBackward0>)
tensor(160.8661, device='cuda:0', grad_fn=<MseLossBackward0>)
tensor(151.4812, device='cuda:0', grad_fn=<MseLossBackward0>)
Epoch 471 | Loss: 204.444170
tensor(156.2002, device='cuda:0', grad_fn=<MseLossBackward0>)
tensor(152.5424, device='cuda:0', grad_fn=<MseLossBackward0>)
tensor(153.5157, device='cuda:0', grad_fn=<MseLossBackward0>)
tensor(150.9898, device='cuda:0', grad_fn=<MseLossBackward0>)
tensor(155.3664, device='cuda:0', grad_fn=<MseLossBackward0>)
tensor(152.1366, device='cuda:0', grad_fn=<MseLossBackward0>)
tensor(152.0847, device='cuda:0', grad_fn=<MseLossBackward0>)
tensor(149.3680, device='cuda:0', grad_fn=<MseLossBackward0>)
Epoch 472 | Loss: 204.111258
tensor(152.1216, device='cuda:0', grad_fn=<MseLossBackward0>)
tensor(153.4853, device='cuda:0', grad_fn=<MseLossBackward0>)
tensor(150.8762, device='cuda:0', grad_fn=<MseLossBackward0>)
tensor(161.2881, device='cuda:0', grad_fn=<MseLossBackward0>)
tensor(151.5438, device='cuda:0', grad_fn=<MseLossBackward0>)
tensor(150.0170, device='cuda:0', grad_fn=<MseLossBackward0>)
tensor(150.8745, device='cuda:0', grad_fn=<MseLossBackward0>)
tensor(151.5246, device='cuda:0', grad_fn=<MseLossBackward0>)
Epoch 473 | Loss: 203.620506
tensor(150.5773, device='cuda:0', grad_fn=<MseLossBackward0>)
tensor(146.0567, device='cuda:0', grad_fn=<MseLossBackward0>)
tensor(151.1058, device='cuda:0', grad_fn=<MseLossBackward0>)
tensor(152.5828, device='cuda:0', grad_fn=<MseLossBackward0>)
tensor(156.0780, device='cuda:0', grad_fn=<MseLossBackward0>)
tensor(158.1213, device='cuda:0', grad_fn=<MseLossBackward0>)
tensor(154.0007, device='cuda:0', grad_fn=<MseLossBackward0>)
tensor(152.4452, device='cuda:0', grad_fn=<MseLossBackward0>)
Epoch 474 | Loss: 204.152391
tensor(147.7898, device='cuda:0', grad_fn=<MseLossBackward0>)
tensor(154.4537, device='cuda:0', grad_fn=<MseLossBackward0>)
tensor(154.5168, device='cuda:0', grad_fn=<MseLossBackward0>)
tensor(155.1555, device='cuda:0', grad_fn=<MseLossBackward0>)
tensor(147.4018, device='cuda:0', grad_fn=<MseLossBackward0>)
tensor(152.9559, device='cuda:0', grad_fn=<MseLossBackward0>)
tensor(152.0769, device='cuda:0', grad_fn=<MseLossBackward0>)
tensor(156.6818, device='cuda:0', grad_fn=<MseLossBackward0>)
Epoch 475 | Loss: 203.992636
tensor(155.2529, device='cuda:0', grad_fn=<MseLossBackward0>)
tensor(146.9177, device='cuda:0', grad_fn=<MseLossBackward0>)
tensor(148.7487, device='cuda:0', grad_fn=<MseLossBackward0>)
tensor(153.5452, device='cuda:0', grad_fn=<MseLossBackward0>)
tensor(154.3521, device='cuda:0', grad_fn=<MseLossBackward0>)
tensor(151.0584, device='cuda:0', grad_fn=<MseLossBackward0>)
tensor(160.2559, device='cuda:0', grad_fn=<MseLossBackward0>)
tensor(148.3135, device='cuda:0', grad_fn=<MseLossBackward0>)
Epoch 476 | Loss: 206.069881
tensor(152.9766, device='cuda:0', grad_fn=<MseLossBackward0>)
tensor(148.9235, device='cuda:0', grad_fn=<MseLossBackward0>)
tensor(153.9353, device='cuda:0', grad_fn=<MseLossBackward0>)
tensor(149.2101, device='cuda:0', grad_fn=<MseLossBackward0>)
tensor(148.5674, device='cuda:0', grad_fn=<MseLossBackward0>)
tensor(157.3545, device='cuda:0', grad_fn=<MseLossBackward0>)
tensor(152.8791, device='cuda:0', grad_fn=<MseLossBackward0>)
tensor(154.8762, device='cuda:0', grad_fn=<MseLossBackward0>)
Epoch 477 | Loss: 204.456814
tensor(153.8058, device='cuda:0', grad_fn=<MseLossBackward0>)
tensor(150.1799, device='cuda:0', grad_fn=<MseLossBackward0>)
tensor(154.7070, device='cuda:0', grad_fn=<MseLossBackward0>)
tensor(149.1389, device='cuda:0', grad_fn=<MseLossBackward0>)
tensor(149.1172, device='cuda:0', grad_fn=<MseLossBackward0>)
tensor(149.3369, device='cuda:0', grad_fn=<MseLossBackward0>)
tensor(154.7064, device='cuda:0', grad_fn=<MseLossBackward0>)
tensor(157.6668, device='cuda:0', grad_fn=<MseLossBackward0>)
Epoch 478 | Loss: 203.465330
tensor(156.6584, device='cuda:0', grad_fn=<MseLossBackward0>)
tensor(148.2723, device='cuda:0', grad_fn=<MseLossBackward0>)
tensor(156.5598, device='cuda:0', grad_fn=<MseLossBackward0>)
tensor(152.1864, device='cuda:0', grad_fn=<MseLossBackward0>)
tensor(151.8918, device='cuda:0', grad_fn=<MseLossBackward0>)
tensor(149.0780, device='cuda:0', grad_fn=<MseLossBackward0>)
tensor(151.6863, device='cuda:0', grad_fn=<MseLossBackward0>)
tensor(149.9677, device='cuda:0', grad_fn=<MseLossBackward0>)
Epoch 479 | Loss: 204.158068
tensor(154.2033, device='cuda:0', grad_fn=<MseLossBackward0>)
tensor(149.9293, device='cuda:0', grad_fn=<MseLossBackward0>)
tensor(142.7125, device='cuda:0', grad_fn=<MseLossBackward0>)
tensor(154.8964, device='cuda:0', grad_fn=<MseLossBackward0>)
tensor(151.6672, device='cuda:0', grad_fn=<MseLossBackward0>)
tensor(151.2087, device='cuda:0', grad_fn=<MseLossBackward0>)
tensor(161.4007, device='cuda:0', grad_fn=<MseLossBackward0>)
tensor(149.3587, device='cuda:0', grad_fn=<MseLossBackward0>)
Epoch 480 | Loss: 204.467402
tensor(156.8932, device='cuda:0', grad_fn=<MseLossBackward0>)
tensor(150.1070, device='cuda:0', grad_fn=<MseLossBackward0>)
tensor(148.4689, device='cuda:0', grad_fn=<MseLossBackward0>)
tensor(153.7740, device='cuda:0', grad_fn=<MseLossBackward0>)
tensor(150.7752, device='cuda:0', grad_fn=<MseLossBackward0>)
tensor(150.8515, device='cuda:0', grad_fn=<MseLossBackward0>)
tensor(151.1519, device='cuda:0', grad_fn=<MseLossBackward0>)
tensor(153.1315, device='cuda:0', grad_fn=<MseLossBackward0>)
Epoch 481 | Loss: 202.904869
tensor(150.2361, device='cuda:0', grad_fn=<MseLossBackward0>)
tensor(144.7241, device='cuda:0', grad_fn=<MseLossBackward0>)
tensor(150.8391, device='cuda:0', grad_fn=<MseLossBackward0>)
tensor(155.8518, device='cuda:0', grad_fn=<MseLossBackward0>)
tensor(158.4025, device='cuda:0', grad_fn=<MseLossBackward0>)
tensor(154.6259, device='cuda:0', grad_fn=<MseLossBackward0>)
tensor(149.2545, device='cuda:0', grad_fn=<MseLossBackward0>)
tensor(149.5492, device='cuda:0', grad_fn=<MseLossBackward0>)
Epoch 482 | Loss: 201.697325
tensor(145.3838, device='cuda:0', grad_fn=<MseLossBackward0>)
tensor(150.9428, device='cuda:0', grad_fn=<MseLossBackward0>)
tensor(154.5046, device='cuda:0', grad_fn=<MseLossBackward0>)
tensor(148.9420, device='cuda:0', grad_fn=<MseLossBackward0>)
tensor(157.0961, device='cuda:0', grad_fn=<MseLossBackward0>)
tensor(160.0396, device='cuda:0', grad_fn=<MseLossBackward0>)
tensor(145.5432, device='cuda:0', grad_fn=<MseLossBackward0>)
tensor(150.3211, device='cuda:0', grad_fn=<MseLossBackward0>)
Epoch 483 | Loss: 201.843260
tensor(152.4896, device='cuda:0', grad_fn=<MseLossBackward0>)
tensor(157.1602, device='cuda:0', grad_fn=<MseLossBackward0>)
tensor(151.6454, device='cuda:0', grad_fn=<MseLossBackward0>)
tensor(150.5628, device='cuda:0', grad_fn=<MseLossBackward0>)
tensor(151.7709, device='cuda:0', grad_fn=<MseLossBackward0>)
tensor(148.2668, device='cuda:0', grad_fn=<MseLossBackward0>)
tensor(150.2387, device='cuda:0', grad_fn=<MseLossBackward0>)
tensor(149.9472, device='cuda:0', grad_fn=<MseLossBackward0>)
Epoch 484 | Loss: 202.235153
tensor(157.6320, device='cuda:0', grad_fn=<MseLossBackward0>)
tensor(150.1355, device='cuda:0', grad_fn=<MseLossBackward0>)
tensor(153.8604, device='cuda:0', grad_fn=<MseLossBackward0>)
tensor(147.2901, device='cuda:0', grad_fn=<MseLossBackward0>)
tensor(157.0607, device='cuda:0', grad_fn=<MseLossBackward0>)
tensor(144.7992, device='cuda:0', grad_fn=<MseLossBackward0>)
tensor(151.4665, device='cuda:0', grad_fn=<MseLossBackward0>)
tensor(149.1747, device='cuda:0', grad_fn=<MseLossBackward0>)
Epoch 485 | Loss: 201.778324
tensor(158.1043, device='cuda:0', grad_fn=<MseLossBackward0>)
tensor(149.8486, device='cuda:0', grad_fn=<MseLossBackward0>)
tensor(153.6209, device='cuda:0', grad_fn=<MseLossBackward0>)
tensor(150.5427, device='cuda:0', grad_fn=<MseLossBackward0>)
tensor(149.8299, device='cuda:0', grad_fn=<MseLossBackward0>)
tensor(149.6131, device='cuda:0', grad_fn=<MseLossBackward0>)
tensor(148.9289, device='cuda:0', grad_fn=<MseLossBackward0>)
tensor(150.1813, device='cuda:0', grad_fn=<MseLossBackward0>)
Epoch 486 | Loss: 202.587416
tensor(147.8217, device='cuda:0', grad_fn=<MseLossBackward0>)
tensor(153.1263, device='cuda:0', grad_fn=<MseLossBackward0>)
tensor(153.6106, device='cuda:0', grad_fn=<MseLossBackward0>)
tensor(153.3296, device='cuda:0', grad_fn=<MseLossBackward0>)
tensor(144.0407, device='cuda:0', grad_fn=<MseLossBackward0>)
tensor(157.9726, device='cuda:0', grad_fn=<MseLossBackward0>)
tensor(155.5281, device='cuda:0', grad_fn=<MseLossBackward0>)
tensor(142.8461, device='cuda:0', grad_fn=<MseLossBackward0>)
Epoch 487 | Loss: 202.615385
tensor(150.2216, device='cuda:0', grad_fn=<MseLossBackward0>)
tensor(148.6486, device='cuda:0', grad_fn=<MseLossBackward0>)
tensor(145.9376, device='cuda:0', grad_fn=<MseLossBackward0>)
tensor(152.2503, device='cuda:0', grad_fn=<MseLossBackward0>)
tensor(150.9719, device='cuda:0', grad_fn=<MseLossBackward0>)
tensor(153.6276, device='cuda:0', grad_fn=<MseLossBackward0>)
tensor(150.2825, device='cuda:0', grad_fn=<MseLossBackward0>)
tensor(158.1184, device='cuda:0', grad_fn=<MseLossBackward0>)
Epoch 488 | Loss: 204.039700
tensor(156.6085, device='cuda:0', grad_fn=<MseLossBackward0>)
tensor(150.9816, device='cuda:0', grad_fn=<MseLossBackward0>)
tensor(142.4917, device='cuda:0', grad_fn=<MseLossBackward0>)
tensor(156.4520, device='cuda:0', grad_fn=<MseLossBackward0>)
tensor(151.7403, device='cuda:0', grad_fn=<MseLossBackward0>)
tensor(146.4507, device='cuda:0', grad_fn=<MseLossBackward0>)
tensor(150.9554, device='cuda:0', grad_fn=<MseLossBackward0>)
tensor(152.7076, device='cuda:0', grad_fn=<MseLossBackward0>)
Epoch 489 | Loss: 203.107561
tensor(149.6462, device='cuda:0', grad_fn=<MseLossBackward0>)
tensor(150.6799, device='cuda:0', grad_fn=<MseLossBackward0>)
tensor(150.6500, device='cuda:0', grad_fn=<MseLossBackward0>)
tensor(157.3306, device='cuda:0', grad_fn=<MseLossBackward0>)
tensor(155.1145, device='cuda:0', grad_fn=<MseLossBackward0>)
tensor(150.7168, device='cuda:0', grad_fn=<MseLossBackward0>)
tensor(147.7907, device='cuda:0', grad_fn=<MseLossBackward0>)
tensor(143.8225, device='cuda:0', grad_fn=<MseLossBackward0>)
Epoch 490 | Loss: 201.103264
tensor(155.6311, device='cuda:0', grad_fn=<MseLossBackward0>)
tensor(149.5521, device='cuda:0', grad_fn=<MseLossBackward0>)
tensor(144.3596, device='cuda:0', grad_fn=<MseLossBackward0>)
tensor(149.4748, device='cuda:0', grad_fn=<MseLossBackward0>)
tensor(155.5603, device='cuda:0', grad_fn=<MseLossBackward0>)
tensor(148.4975, device='cuda:0', grad_fn=<MseLossBackward0>)
tensor(157.4881, device='cuda:0', grad_fn=<MseLossBackward0>)
tensor(144.5001, device='cuda:0', grad_fn=<MseLossBackward0>)
Epoch 491 | Loss: 200.997604
tensor(144.1880, device='cuda:0', grad_fn=<MseLossBackward0>)
tensor(155.4480, device='cuda:0', grad_fn=<MseLossBackward0>)
tensor(149.8155, device='cuda:0', grad_fn=<MseLossBackward0>)
tensor(150.1647, device='cuda:0', grad_fn=<MseLossBackward0>)
tensor(151.4698, device='cuda:0', grad_fn=<MseLossBackward0>)
tensor(158.0444, device='cuda:0', grad_fn=<MseLossBackward0>)
tensor(151.2016, device='cuda:0', grad_fn=<MseLossBackward0>)
tensor(143.8527, device='cuda:0', grad_fn=<MseLossBackward0>)
Epoch 492 | Loss: 200.492432
tensor(148.0371, device='cuda:0', grad_fn=<MseLossBackward0>)
tensor(153.1078, device='cuda:0', grad_fn=<MseLossBackward0>)
tensor(158.4210, device='cuda:0', grad_fn=<MseLossBackward0>)
tensor(147.0278, device='cuda:0', grad_fn=<MseLossBackward0>)
tensor(148.5688, device='cuda:0', grad_fn=<MseLossBackward0>)
tensor(147.1467, device='cuda:0', grad_fn=<MseLossBackward0>)
tensor(148.4254, device='cuda:0', grad_fn=<MseLossBackward0>)
tensor(154.4822, device='cuda:0', grad_fn=<MseLossBackward0>)
Epoch 493 | Loss: 200.979956
tensor(152.5055, device='cuda:0', grad_fn=<MseLossBackward0>)
tensor(152.9285, device='cuda:0', grad_fn=<MseLossBackward0>)
tensor(151.0977, device='cuda:0', grad_fn=<MseLossBackward0>)
tensor(148.8674, device='cuda:0', grad_fn=<MseLossBackward0>)
tensor(147.8335, device='cuda:0', grad_fn=<MseLossBackward0>)
tensor(149.4601, device='cuda:0', grad_fn=<MseLossBackward0>)
tensor(152.3513, device='cuda:0', grad_fn=<MseLossBackward0>)
tensor(148.2991, device='cuda:0', grad_fn=<MseLossBackward0>)
Epoch 494 | Loss: 200.457376
tensor(147.6930, device='cuda:0', grad_fn=<MseLossBackward0>)
tensor(154.8874, device='cuda:0', grad_fn=<MseLossBackward0>)
tensor(147.7998, device='cuda:0', grad_fn=<MseLossBackward0>)
tensor(156.5655, device='cuda:0', grad_fn=<MseLossBackward0>)
tensor(149.5379, device='cuda:0', grad_fn=<MseLossBackward0>)
tensor(147.8883, device='cuda:0', grad_fn=<MseLossBackward0>)
tensor(154.5605, device='cuda:0', grad_fn=<MseLossBackward0>)
tensor(142.5727, device='cuda:0', grad_fn=<MseLossBackward0>)
Epoch 495 | Loss: 199.725706
tensor(156.6202, device='cuda:0', grad_fn=<MseLossBackward0>)
tensor(151.5680, device='cuda:0', grad_fn=<MseLossBackward0>)
tensor(150.5179, device='cuda:0', grad_fn=<MseLossBackward0>)
tensor(152.0237, device='cuda:0', grad_fn=<MseLossBackward0>)
tensor(154.3419, device='cuda:0', grad_fn=<MseLossBackward0>)
tensor(144.0228, device='cuda:0', grad_fn=<MseLossBackward0>)
tensor(148.5515, device='cuda:0', grad_fn=<MseLossBackward0>)
tensor(142.8868, device='cuda:0', grad_fn=<MseLossBackward0>)
Epoch 496 | Loss: 199.666555
tensor(153.5023, device='cuda:0', grad_fn=<MseLossBackward0>)
tensor(153.7148, device='cuda:0', grad_fn=<MseLossBackward0>)
tensor(150.2617, device='cuda:0', grad_fn=<MseLossBackward0>)
tensor(146.2099, device='cuda:0', grad_fn=<MseLossBackward0>)
tensor(146.1494, device='cuda:0', grad_fn=<MseLossBackward0>)
tensor(147.8981, device='cuda:0', grad_fn=<MseLossBackward0>)
tensor(151.9890, device='cuda:0', grad_fn=<MseLossBackward0>)
tensor(151.4852, device='cuda:0', grad_fn=<MseLossBackward0>)
Epoch 497 | Loss: 199.683487
tensor(151.9515, device='cuda:0', grad_fn=<MseLossBackward0>)
tensor(147.0428, device='cuda:0', grad_fn=<MseLossBackward0>)
tensor(149.8698, device='cuda:0', grad_fn=<MseLossBackward0>)
tensor(155.3742, device='cuda:0', grad_fn=<MseLossBackward0>)
tensor(150.7477, device='cuda:0', grad_fn=<MseLossBackward0>)
tensor(144.6743, device='cuda:0', grad_fn=<MseLossBackward0>)
tensor(155.1146, device='cuda:0', grad_fn=<MseLossBackward0>)
tensor(144.2640, device='cuda:0', grad_fn=<MseLossBackward0>)
Epoch 498 | Loss: 199.579340
tensor(152.4024, device='cuda:0', grad_fn=<MseLossBackward0>)
tensor(150.4496, device='cuda:0', grad_fn=<MseLossBackward0>)
tensor(155.1560, device='cuda:0', grad_fn=<MseLossBackward0>)
tensor(142.8564, device='cuda:0', grad_fn=<MseLossBackward0>)
tensor(149.0267, device='cuda:0', grad_fn=<MseLossBackward0>)
tensor(147.4321, device='cuda:0', grad_fn=<MseLossBackward0>)
tensor(149.5346, device='cuda:0', grad_fn=<MseLossBackward0>)
tensor(153.1653, device='cuda:0', grad_fn=<MseLossBackward0>)
Epoch 499 | Loss: 199.470381
tensor(145.9599, device='cuda:0', grad_fn=<MseLossBackward0>)
tensor(149.6386, device='cuda:0', grad_fn=<MseLossBackward0>)
tensor(148.7593, device='cuda:0', grad_fn=<MseLossBackward0>)
tensor(151.3263, device='cuda:0', grad_fn=<MseLossBackward0>)
tensor(150.1486, device='cuda:0', grad_fn=<MseLossBackward0>)
tensor(153.3558, device='cuda:0', grad_fn=<MseLossBackward0>)
tensor(152.3546, device='cuda:0', grad_fn=<MseLossBackward0>)
tensor(146.8666, device='cuda:0', grad_fn=<MseLossBackward0>)
Epoch 500 | Loss: 200.103603
tensor(148.5285, device='cuda:0', grad_fn=<MseLossBackward0>)
tensor(152.0378, device='cuda:0', grad_fn=<MseLossBackward0>)
tensor(154.0540, device='cuda:0', grad_fn=<MseLossBackward0>)
tensor(146.1673, device='cuda:0', grad_fn=<MseLossBackward0>)
tensor(145.0634, device='cuda:0', grad_fn=<MseLossBackward0>)
tensor(148.3606, device='cuda:0', grad_fn=<MseLossBackward0>)
tensor(152.9970, device='cuda:0', grad_fn=<MseLossBackward0>)
tensor(151.1148, device='cuda:0', grad_fn=<MseLossBackward0>)
Epoch 501 | Loss: 199.301134
tensor(156.5174, device='cuda:0', grad_fn=<MseLossBackward0>)
tensor(141.9979, device='cuda:0', grad_fn=<MseLossBackward0>)
tensor(152.2757, device='cuda:0', grad_fn=<MseLossBackward0>)
tensor(153.2279, device='cuda:0', grad_fn=<MseLossBackward0>)
tensor(146.0653, device='cuda:0', grad_fn=<MseLossBackward0>)
tensor(146.2906, device='cuda:0', grad_fn=<MseLossBackward0>)
tensor(147.2720, device='cuda:0', grad_fn=<MseLossBackward0>)
tensor(154.3006, device='cuda:0', grad_fn=<MseLossBackward0>)
Epoch 502 | Loss: 198.476574
tensor(146.0656, device='cuda:0', grad_fn=<MseLossBackward0>)
tensor(151.8319, device='cuda:0', grad_fn=<MseLossBackward0>)
tensor(152.0532, device='cuda:0', grad_fn=<MseLossBackward0>)
tensor(147.2844, device='cuda:0', grad_fn=<MseLossBackward0>)
tensor(149.0438, device='cuda:0', grad_fn=<MseLossBackward0>)
tensor(147.5418, device='cuda:0', grad_fn=<MseLossBackward0>)
tensor(147.4581, device='cuda:0', grad_fn=<MseLossBackward0>)
tensor(156.3273, device='cuda:0', grad_fn=<MseLossBackward0>)
Epoch 503 | Loss: 198.556717
tensor(143.4102, device='cuda:0', grad_fn=<MseLossBackward0>)
tensor(153.4310, device='cuda:0', grad_fn=<MseLossBackward0>)
tensor(152.4381, device='cuda:0', grad_fn=<MseLossBackward0>)
tensor(148.4560, device='cuda:0', grad_fn=<MseLossBackward0>)
tensor(147.4840, device='cuda:0', grad_fn=<MseLossBackward0>)
tensor(154.7370, device='cuda:0', grad_fn=<MseLossBackward0>)
tensor(146.7904, device='cuda:0', grad_fn=<MseLossBackward0>)
tensor(148.6328, device='cuda:0', grad_fn=<MseLossBackward0>)
Epoch 504 | Loss: 198.956697
tensor(152.5729, device='cuda:0', grad_fn=<MseLossBackward0>)
tensor(147.4740, device='cuda:0', grad_fn=<MseLossBackward0>)
tensor(151.1691, device='cuda:0', grad_fn=<MseLossBackward0>)
tensor(150.3132, device='cuda:0', grad_fn=<MseLossBackward0>)
tensor(152.6311, device='cuda:0', grad_fn=<MseLossBackward0>)
tensor(144.8441, device='cuda:0', grad_fn=<MseLossBackward0>)
tensor(152.8594, device='cuda:0', grad_fn=<MseLossBackward0>)
tensor(141.3654, device='cuda:0', grad_fn=<MseLossBackward0>)
Epoch 505 | Loss: 197.665659
tensor(148.4710, device='cuda:0', grad_fn=<MseLossBackward0>)
tensor(149.8995, device='cuda:0', grad_fn=<MseLossBackward0>)
tensor(147.9121, device='cuda:0', grad_fn=<MseLossBackward0>)
tensor(145.4913, device='cuda:0', grad_fn=<MseLossBackward0>)
tensor(149.2722, device='cuda:0', grad_fn=<MseLossBackward0>)
tensor(150.5102, device='cuda:0', grad_fn=<MseLossBackward0>)
tensor(150.1285, device='cuda:0', grad_fn=<MseLossBackward0>)
tensor(152.7137, device='cuda:0', grad_fn=<MseLossBackward0>)
Epoch 506 | Loss: 199.488068
tensor(150.3024, device='cuda:0', grad_fn=<MseLossBackward0>)
tensor(147.6689, device='cuda:0', grad_fn=<MseLossBackward0>)
tensor(145.4759, device='cuda:0', grad_fn=<MseLossBackward0>)
tensor(147.9499, device='cuda:0', grad_fn=<MseLossBackward0>)
tensor(152.1456, device='cuda:0', grad_fn=<MseLossBackward0>)
tensor(150.1143, device='cuda:0', grad_fn=<MseLossBackward0>)
tensor(146.4940, device='cuda:0', grad_fn=<MseLossBackward0>)
tensor(153.6975, device='cuda:0', grad_fn=<MseLossBackward0>)
Epoch 507 | Loss: 198.203415
tensor(142.4593, device='cuda:0', grad_fn=<MseLossBackward0>)
tensor(147.7453, device='cuda:0', grad_fn=<MseLossBackward0>)
tensor(154.1823, device='cuda:0', grad_fn=<MseLossBackward0>)
tensor(147.0111, device='cuda:0', grad_fn=<MseLossBackward0>)
tensor(153.4257, device='cuda:0', grad_fn=<MseLossBackward0>)
tensor(153.5695, device='cuda:0', grad_fn=<MseLossBackward0>)
tensor(147.3491, device='cuda:0', grad_fn=<MseLossBackward0>)
tensor(145.7498, device='cuda:0', grad_fn=<MseLossBackward0>)
Epoch 508 | Loss: 198.040539
tensor(151.7838, device='cuda:0', grad_fn=<MseLossBackward0>)
tensor(144.1283, device='cuda:0', grad_fn=<MseLossBackward0>)
tensor(150.0264, device='cuda:0', grad_fn=<MseLossBackward0>)
tensor(147.4835, device='cuda:0', grad_fn=<MseLossBackward0>)
tensor(144.0407, device='cuda:0', grad_fn=<MseLossBackward0>)
tensor(152.3608, device='cuda:0', grad_fn=<MseLossBackward0>)
tensor(146.5340, device='cuda:0', grad_fn=<MseLossBackward0>)
tensor(156.1304, device='cuda:0', grad_fn=<MseLossBackward0>)
Epoch 509 | Loss: 197.491339
tensor(146.7492, device='cuda:0', grad_fn=<MseLossBackward0>)
tensor(150.1373, device='cuda:0', grad_fn=<MseLossBackward0>)
tensor(147.6553, device='cuda:0', grad_fn=<MseLossBackward0>)
tensor(150.7376, device='cuda:0', grad_fn=<MseLossBackward0>)
tensor(149.4601, device='cuda:0', grad_fn=<MseLossBackward0>)
tensor(150.0199, device='cuda:0', grad_fn=<MseLossBackward0>)
tensor(151.7020, device='cuda:0', grad_fn=<MseLossBackward0>)
tensor(143.0021, device='cuda:0', grad_fn=<MseLossBackward0>)
Epoch 510 | Loss: 197.117464
tensor(144.6086, device='cuda:0', grad_fn=<MseLossBackward0>)
tensor(149.7745, device='cuda:0', grad_fn=<MseLossBackward0>)
tensor(147.5960, device='cuda:0', grad_fn=<MseLossBackward0>)
tensor(140.8036, device='cuda:0', grad_fn=<MseLossBackward0>)
tensor(152.1933, device='cuda:0', grad_fn=<MseLossBackward0>)
tensor(154.7740, device='cuda:0', grad_fn=<MseLossBackward0>)
tensor(152.5623, device='cuda:0', grad_fn=<MseLossBackward0>)
tensor(147.1487, device='cuda:0', grad_fn=<MseLossBackward0>)
Epoch 511 | Loss: 197.170753
tensor(151.6811, device='cuda:0', grad_fn=<MseLossBackward0>)
tensor(148.3374, device='cuda:0', grad_fn=<MseLossBackward0>)
tensor(149.8534, device='cuda:0', grad_fn=<MseLossBackward0>)
tensor(147.7094, device='cuda:0', grad_fn=<MseLossBackward0>)
tensor(146.5650, device='cuda:0', grad_fn=<MseLossBackward0>)
tensor(145.2505, device='cuda:0', grad_fn=<MseLossBackward0>)
tensor(152.3511, device='cuda:0', grad_fn=<MseLossBackward0>)
tensor(146.5740, device='cuda:0', grad_fn=<MseLossBackward0>)
Epoch 512 | Loss: 197.088942
tensor(145.9755, device='cuda:0', grad_fn=<MseLossBackward0>)
tensor(148.4663, device='cuda:0', grad_fn=<MseLossBackward0>)
tensor(146.2515, device='cuda:0', grad_fn=<MseLossBackward0>)
tensor(153.8551, device='cuda:0', grad_fn=<MseLossBackward0>)
tensor(150.0407, device='cuda:0', grad_fn=<MseLossBackward0>)
tensor(149.0361, device='cuda:0', grad_fn=<MseLossBackward0>)
tensor(150.3219, device='cuda:0', grad_fn=<MseLossBackward0>)
tensor(142.6486, device='cuda:0', grad_fn=<MseLossBackward0>)
Epoch 513 | Loss: 197.055048
tensor(148.8382, device='cuda:0', grad_fn=<MseLossBackward0>)
tensor(151.9037, device='cuda:0', grad_fn=<MseLossBackward0>)
tensor(144.9015, device='cuda:0', grad_fn=<MseLossBackward0>)
tensor(150.3009, device='cuda:0', grad_fn=<MseLossBackward0>)
tensor(149.3178, device='cuda:0', grad_fn=<MseLossBackward0>)
tensor(145.1470, device='cuda:0', grad_fn=<MseLossBackward0>)
tensor(144.6002, device='cuda:0', grad_fn=<MseLossBackward0>)
tensor(152.9199, device='cuda:0', grad_fn=<MseLossBackward0>)
Epoch 514 | Loss: 197.286310
tensor(147.5795, device='cuda:0', grad_fn=<MseLossBackward0>)
tensor(153.9234, device='cuda:0', grad_fn=<MseLossBackward0>)
tensor(147.2546, device='cuda:0', grad_fn=<MseLossBackward0>)
tensor(146.8755, device='cuda:0', grad_fn=<MseLossBackward0>)
tensor(151.3778, device='cuda:0', grad_fn=<MseLossBackward0>)
tensor(142.5695, device='cuda:0', grad_fn=<MseLossBackward0>)
tensor(148.2282, device='cuda:0', grad_fn=<MseLossBackward0>)
tensor(148.3419, device='cuda:0', grad_fn=<MseLossBackward0>)
Epoch 515 | Loss: 196.894062
tensor(150.1077, device='cuda:0', grad_fn=<MseLossBackward0>)
tensor(152.8935, device='cuda:0', grad_fn=<MseLossBackward0>)
tensor(148.8479, device='cuda:0', grad_fn=<MseLossBackward0>)
tensor(144.2537, device='cuda:0', grad_fn=<MseLossBackward0>)
tensor(146.7411, device='cuda:0', grad_fn=<MseLossBackward0>)
tensor(148.2577, device='cuda:0', grad_fn=<MseLossBackward0>)
tensor(142.2239, device='cuda:0', grad_fn=<MseLossBackward0>)
tensor(152.6225, device='cuda:0', grad_fn=<MseLossBackward0>)
Epoch 516 | Loss: 196.487488
tensor(147.1966, device='cuda:0', grad_fn=<MseLossBackward0>)
tensor(150.5138, device='cuda:0', grad_fn=<MseLossBackward0>)
tensor(147.4661, device='cuda:0', grad_fn=<MseLossBackward0>)
tensor(147.6660, device='cuda:0', grad_fn=<MseLossBackward0>)
tensor(148.4617, device='cuda:0', grad_fn=<MseLossBackward0>)
tensor(144.1499, device='cuda:0', grad_fn=<MseLossBackward0>)
tensor(150.4802, device='cuda:0', grad_fn=<MseLossBackward0>)
tensor(148.3530, device='cuda:0', grad_fn=<MseLossBackward0>)
Epoch 517 | Loss: 196.327448
tensor(138.7434, device='cuda:0', grad_fn=<MseLossBackward0>)
tensor(154.3028, device='cuda:0', grad_fn=<MseLossBackward0>)
tensor(144.2645, device='cuda:0', grad_fn=<MseLossBackward0>)
tensor(151.9361, device='cuda:0', grad_fn=<MseLossBackward0>)
tensor(143.5028, device='cuda:0', grad_fn=<MseLossBackward0>)
tensor(146.6097, device='cuda:0', grad_fn=<MseLossBackward0>)
tensor(151.0024, device='cuda:0', grad_fn=<MseLossBackward0>)
tensor(154.4106, device='cuda:0', grad_fn=<MseLossBackward0>)
Epoch 518 | Loss: 196.821384
tensor(145.4909, device='cuda:0', grad_fn=<MseLossBackward0>)
tensor(150.7545, device='cuda:0', grad_fn=<MseLossBackward0>)
tensor(144.9941, device='cuda:0', grad_fn=<MseLossBackward0>)
tensor(143.9486, device='cuda:0', grad_fn=<MseLossBackward0>)
tensor(151.5307, device='cuda:0', grad_fn=<MseLossBackward0>)
tensor(149.5074, device='cuda:0', grad_fn=<MseLossBackward0>)
tensor(148.4204, device='cuda:0', grad_fn=<MseLossBackward0>)
tensor(148.2522, device='cuda:0', grad_fn=<MseLossBackward0>)
Epoch 519 | Loss: 196.162567
tensor(141.2348, device='cuda:0', grad_fn=<MseLossBackward0>)
tensor(147.0919, device='cuda:0', grad_fn=<MseLossBackward0>)
tensor(146.4326, device='cuda:0', grad_fn=<MseLossBackward0>)
tensor(147.4865, device='cuda:0', grad_fn=<MseLossBackward0>)
tensor(149.0760, device='cuda:0', grad_fn=<MseLossBackward0>)
tensor(146.1695, device='cuda:0', grad_fn=<MseLossBackward0>)
tensor(155.6668, device='cuda:0', grad_fn=<MseLossBackward0>)
tensor(149.2338, device='cuda:0', grad_fn=<MseLossBackward0>)
Epoch 520 | Loss: 199.457331
tensor(142.9731, device='cuda:0', grad_fn=<MseLossBackward0>)
tensor(147.0604, device='cuda:0', grad_fn=<MseLossBackward0>)
tensor(145.8554, device='cuda:0', grad_fn=<MseLossBackward0>)
tensor(149.0238, device='cuda:0', grad_fn=<MseLossBackward0>)
tensor(144.4032, device='cuda:0', grad_fn=<MseLossBackward0>)
tensor(148.3057, device='cuda:0', grad_fn=<MseLossBackward0>)
tensor(154.6059, device='cuda:0', grad_fn=<MseLossBackward0>)
tensor(148.9366, device='cuda:0', grad_fn=<MseLossBackward0>)
Epoch 521 | Loss: 200.785643
tensor(148.9148, device='cuda:0', grad_fn=<MseLossBackward0>)
tensor(149.0880, device='cuda:0', grad_fn=<MseLossBackward0>)
tensor(150.1133, device='cuda:0', grad_fn=<MseLossBackward0>)
tensor(139.9552, device='cuda:0', grad_fn=<MseLossBackward0>)
tensor(153.6099, device='cuda:0', grad_fn=<MseLossBackward0>)
tensor(148.1644, device='cuda:0', grad_fn=<MseLossBackward0>)
tensor(147.3093, device='cuda:0', grad_fn=<MseLossBackward0>)
tensor(141.8293, device='cuda:0', grad_fn=<MseLossBackward0>)
Epoch 522 | Loss: 199.564863
tensor(152.7898, device='cuda:0', grad_fn=<MseLossBackward0>)
tensor(144.6829, device='cuda:0', grad_fn=<MseLossBackward0>)
tensor(146.8595, device='cuda:0', grad_fn=<MseLossBackward0>)
tensor(149.7226, device='cuda:0', grad_fn=<MseLossBackward0>)
tensor(143.2588, device='cuda:0', grad_fn=<MseLossBackward0>)
tensor(145.9996, device='cuda:0', grad_fn=<MseLossBackward0>)
tensor(150.2837, device='cuda:0', grad_fn=<MseLossBackward0>)
tensor(145.2786, device='cuda:0', grad_fn=<MseLossBackward0>)
Epoch 523 | Loss: 196.493534
tensor(148.0825, device='cuda:0', grad_fn=<MseLossBackward0>)
tensor(140.9125, device='cuda:0', grad_fn=<MseLossBackward0>)
tensor(148.7268, device='cuda:0', grad_fn=<MseLossBackward0>)
tensor(141.7315, device='cuda:0', grad_fn=<MseLossBackward0>)
tensor(147.4660, device='cuda:0', grad_fn=<MseLossBackward0>)
tensor(155.7925, device='cuda:0', grad_fn=<MseLossBackward0>)
tensor(145.2820, device='cuda:0', grad_fn=<MseLossBackward0>)
tensor(151.6800, device='cuda:0', grad_fn=<MseLossBackward0>)
Epoch 524 | Loss: 196.152735
tensor(148.5697, device='cuda:0', grad_fn=<MseLossBackward0>)
tensor(152.9015, device='cuda:0', grad_fn=<MseLossBackward0>)
tensor(148.7789, device='cuda:0', grad_fn=<MseLossBackward0>)
tensor(141.7905, device='cuda:0', grad_fn=<MseLossBackward0>)
tensor(146.5226, device='cuda:0', grad_fn=<MseLossBackward0>)
tensor(148.5194, device='cuda:0', grad_fn=<MseLossBackward0>)
tensor(148.0677, device='cuda:0', grad_fn=<MseLossBackward0>)
tensor(141.9464, device='cuda:0', grad_fn=<MseLossBackward0>)
Epoch 525 | Loss: 197.130156
tensor(145.1843, device='cuda:0', grad_fn=<MseLossBackward0>)
tensor(145.5410, device='cuda:0', grad_fn=<MseLossBackward0>)
tensor(148.0990, device='cuda:0', grad_fn=<MseLossBackward0>)
tensor(148.2680, device='cuda:0', grad_fn=<MseLossBackward0>)
tensor(150.5782, device='cuda:0', grad_fn=<MseLossBackward0>)
tensor(151.3707, device='cuda:0', grad_fn=<MseLossBackward0>)
tensor(144.2874, device='cuda:0', grad_fn=<MseLossBackward0>)
tensor(143.0953, device='cuda:0', grad_fn=<MseLossBackward0>)
Epoch 526 | Loss: 194.895969
tensor(149.6643, device='cuda:0', grad_fn=<MseLossBackward0>)
tensor(152.8973, device='cuda:0', grad_fn=<MseLossBackward0>)
tensor(139.7696, device='cuda:0', grad_fn=<MseLossBackward0>)
tensor(144.9975, device='cuda:0', grad_fn=<MseLossBackward0>)
tensor(147.4041, device='cuda:0', grad_fn=<MseLossBackward0>)
tensor(140.8233, device='cuda:0', grad_fn=<MseLossBackward0>)
tensor(148.6730, device='cuda:0', grad_fn=<MseLossBackward0>)
tensor(153.2379, device='cuda:0', grad_fn=<MseLossBackward0>)
Epoch 527 | Loss: 195.600481
tensor(151.6150, device='cuda:0', grad_fn=<MseLossBackward0>)
tensor(144.6215, device='cuda:0', grad_fn=<MseLossBackward0>)
tensor(148.7571, device='cuda:0', grad_fn=<MseLossBackward0>)
tensor(145.9573, device='cuda:0', grad_fn=<MseLossBackward0>)
tensor(144.4466, device='cuda:0', grad_fn=<MseLossBackward0>)
tensor(146.6555, device='cuda:0', grad_fn=<MseLossBackward0>)
tensor(151.4559, device='cuda:0', grad_fn=<MseLossBackward0>)
tensor(140.9781, device='cuda:0', grad_fn=<MseLossBackward0>)
Epoch 528 | Loss: 195.008995
tensor(149.8275, device='cuda:0', grad_fn=<MseLossBackward0>)
tensor(143.3732, device='cuda:0', grad_fn=<MseLossBackward0>)
tensor(143.2710, device='cuda:0', grad_fn=<MseLossBackward0>)
tensor(151.7659, device='cuda:0', grad_fn=<MseLossBackward0>)
tensor(144.3158, device='cuda:0', grad_fn=<MseLossBackward0>)
tensor(147.0965, device='cuda:0', grad_fn=<MseLossBackward0>)
tensor(152.1607, device='cuda:0', grad_fn=<MseLossBackward0>)
tensor(141.7668, device='cuda:0', grad_fn=<MseLossBackward0>)
Epoch 529 | Loss: 194.363493
tensor(144.4485, device='cuda:0', grad_fn=<MseLossBackward0>)
tensor(143.1158, device='cuda:0', grad_fn=<MseLossBackward0>)
tensor(152.0118, device='cuda:0', grad_fn=<MseLossBackward0>)
tensor(146.4885, device='cuda:0', grad_fn=<MseLossBackward0>)
tensor(146.8866, device='cuda:0', grad_fn=<MseLossBackward0>)
tensor(146.3487, device='cuda:0', grad_fn=<MseLossBackward0>)
tensor(146.7701, device='cuda:0', grad_fn=<MseLossBackward0>)
tensor(148.0136, device='cuda:0', grad_fn=<MseLossBackward0>)
Epoch 530 | Loss: 194.110632
tensor(138.5431, device='cuda:0', grad_fn=<MseLossBackward0>)
tensor(147.8238, device='cuda:0', grad_fn=<MseLossBackward0>)
tensor(149.0640, device='cuda:0', grad_fn=<MseLossBackward0>)
tensor(143.4197, device='cuda:0', grad_fn=<MseLossBackward0>)
tensor(150.7787, device='cuda:0', grad_fn=<MseLossBackward0>)
tensor(146.9166, device='cuda:0', grad_fn=<MseLossBackward0>)
tensor(151.3939, device='cuda:0', grad_fn=<MseLossBackward0>)
tensor(144.9223, device='cuda:0', grad_fn=<MseLossBackward0>)
Epoch 531 | Loss: 194.371500
tensor(144.2682, device='cuda:0', grad_fn=<MseLossBackward0>)
tensor(145.6726, device='cuda:0', grad_fn=<MseLossBackward0>)
tensor(152.4049, device='cuda:0', grad_fn=<MseLossBackward0>)
tensor(136.4531, device='cuda:0', grad_fn=<MseLossBackward0>)
tensor(153.0085, device='cuda:0', grad_fn=<MseLossBackward0>)
tensor(149.8695, device='cuda:0', grad_fn=<MseLossBackward0>)
tensor(147.8396, device='cuda:0', grad_fn=<MseLossBackward0>)
tensor(141.9043, device='cuda:0', grad_fn=<MseLossBackward0>)
Epoch 532 | Loss: 195.076273
tensor(144.2325, device='cuda:0', grad_fn=<MseLossBackward0>)
tensor(143.1231, device='cuda:0', grad_fn=<MseLossBackward0>)
tensor(145.9648, device='cuda:0', grad_fn=<MseLossBackward0>)
tensor(146.9506, device='cuda:0', grad_fn=<MseLossBackward0>)
tensor(155.3525, device='cuda:0', grad_fn=<MseLossBackward0>)
tensor(149.5234, device='cuda:0', grad_fn=<MseLossBackward0>)
tensor(142.7715, device='cuda:0', grad_fn=<MseLossBackward0>)
tensor(142.7370, device='cuda:0', grad_fn=<MseLossBackward0>)
Epoch 533 | Loss: 195.152472
tensor(141.0874, device='cuda:0', grad_fn=<MseLossBackward0>)
tensor(147.3843, device='cuda:0', grad_fn=<MseLossBackward0>)
tensor(141.5501, device='cuda:0', grad_fn=<MseLossBackward0>)
tensor(146.5176, device='cuda:0', grad_fn=<MseLossBackward0>)
tensor(149.1299, device='cuda:0', grad_fn=<MseLossBackward0>)
tensor(149.4741, device='cuda:0', grad_fn=<MseLossBackward0>)
tensor(146.7147, device='cuda:0', grad_fn=<MseLossBackward0>)
tensor(149.1707, device='cuda:0', grad_fn=<MseLossBackward0>)
Epoch 534 | Loss: 194.054247
tensor(153.2748, device='cuda:0', grad_fn=<MseLossBackward0>)
tensor(141.5568, device='cuda:0', grad_fn=<MseLossBackward0>)
tensor(142.5692, device='cuda:0', grad_fn=<MseLossBackward0>)
tensor(140.8270, device='cuda:0', grad_fn=<MseLossBackward0>)
tensor(143.3263, device='cuda:0', grad_fn=<MseLossBackward0>)
tensor(147.4808, device='cuda:0', grad_fn=<MseLossBackward0>)
tensor(151.9121, device='cuda:0', grad_fn=<MseLossBackward0>)
tensor(149.2148, device='cuda:0', grad_fn=<MseLossBackward0>)
Epoch 535 | Loss: 195.391018
tensor(143.6384, device='cuda:0', grad_fn=<MseLossBackward0>)
tensor(149.0087, device='cuda:0', grad_fn=<MseLossBackward0>)
tensor(143.2329, device='cuda:0', grad_fn=<MseLossBackward0>)
tensor(147.4302, device='cuda:0', grad_fn=<MseLossBackward0>)
tensor(149.3089, device='cuda:0', grad_fn=<MseLossBackward0>)
tensor(148.9249, device='cuda:0', grad_fn=<MseLossBackward0>)
tensor(146.9564, device='cuda:0', grad_fn=<MseLossBackward0>)
tensor(139.3976, device='cuda:0', grad_fn=<MseLossBackward0>)
Epoch 536 | Loss: 195.718199
tensor(142.9926, device='cuda:0', grad_fn=<MseLossBackward0>)
tensor(143.6642, device='cuda:0', grad_fn=<MseLossBackward0>)
tensor(147.3279, device='cuda:0', grad_fn=<MseLossBackward0>)
tensor(153.4265, device='cuda:0', grad_fn=<MseLossBackward0>)
tensor(153.3457, device='cuda:0', grad_fn=<MseLossBackward0>)
tensor(147.7572, device='cuda:0', grad_fn=<MseLossBackward0>)
tensor(141.3324, device='cuda:0', grad_fn=<MseLossBackward0>)
tensor(137.2029, device='cuda:0', grad_fn=<MseLossBackward0>)
Epoch 537 | Loss: 195.050926
tensor(142.5936, device='cuda:0', grad_fn=<MseLossBackward0>)
tensor(149.8836, device='cuda:0', grad_fn=<MseLossBackward0>)
tensor(146.4433, device='cuda:0', grad_fn=<MseLossBackward0>)
tensor(147.8231, device='cuda:0', grad_fn=<MseLossBackward0>)
tensor(142.9967, device='cuda:0', grad_fn=<MseLossBackward0>)
tensor(143.3188, device='cuda:0', grad_fn=<MseLossBackward0>)
tensor(144.8744, device='cuda:0', grad_fn=<MseLossBackward0>)
tensor(150.0769, device='cuda:0', grad_fn=<MseLossBackward0>)
Epoch 538 | Loss: 196.014545
tensor(151.0069, device='cuda:0', grad_fn=<MseLossBackward0>)
tensor(144.4073, device='cuda:0', grad_fn=<MseLossBackward0>)
tensor(143.6626, device='cuda:0', grad_fn=<MseLossBackward0>)
tensor(147.7313, device='cuda:0', grad_fn=<MseLossBackward0>)
tensor(138.0924, device='cuda:0', grad_fn=<MseLossBackward0>)
tensor(151.3112, device='cuda:0', grad_fn=<MseLossBackward0>)
tensor(146.8720, device='cuda:0', grad_fn=<MseLossBackward0>)
tensor(142.4753, device='cuda:0', grad_fn=<MseLossBackward0>)
Epoch 539 | Loss: 193.354790
tensor(147.1904, device='cuda:0', grad_fn=<MseLossBackward0>)
tensor(152.5331, device='cuda:0', grad_fn=<MseLossBackward0>)
tensor(144.2146, device='cuda:0', grad_fn=<MseLossBackward0>)
tensor(143.8280, device='cuda:0', grad_fn=<MseLossBackward0>)
tensor(144.9924, device='cuda:0', grad_fn=<MseLossBackward0>)
tensor(147.1422, device='cuda:0', grad_fn=<MseLossBackward0>)
tensor(141.9674, device='cuda:0', grad_fn=<MseLossBackward0>)
tensor(143.3997, device='cuda:0', grad_fn=<MseLossBackward0>)
Epoch 540 | Loss: 193.693323
tensor(145.4083, device='cuda:0', grad_fn=<MseLossBackward0>)
tensor(146.1072, device='cuda:0', grad_fn=<MseLossBackward0>)
tensor(146.7116, device='cuda:0', grad_fn=<MseLossBackward0>)
tensor(142.3135, device='cuda:0', grad_fn=<MseLossBackward0>)
tensor(148.0754, device='cuda:0', grad_fn=<MseLossBackward0>)
tensor(147.5270, device='cuda:0', grad_fn=<MseLossBackward0>)
tensor(140.0465, device='cuda:0', grad_fn=<MseLossBackward0>)
tensor(149.0351, device='cuda:0', grad_fn=<MseLossBackward0>)
Epoch 541 | Loss: 193.756519
tensor(140.3917, device='cuda:0', grad_fn=<MseLossBackward0>)
tensor(148.1720, device='cuda:0', grad_fn=<MseLossBackward0>)
tensor(146.7760, device='cuda:0', grad_fn=<MseLossBackward0>)
tensor(141.9912, device='cuda:0', grad_fn=<MseLossBackward0>)
tensor(148.5980, device='cuda:0', grad_fn=<MseLossBackward0>)
tensor(149.9010, device='cuda:0', grad_fn=<MseLossBackward0>)
tensor(143.8610, device='cuda:0', grad_fn=<MseLossBackward0>)
tensor(143.7301, device='cuda:0', grad_fn=<MseLossBackward0>)
Epoch 542 | Loss: 192.708567
tensor(147.5112, device='cuda:0', grad_fn=<MseLossBackward0>)
tensor(149.0363, device='cuda:0', grad_fn=<MseLossBackward0>)
tensor(147.0094, device='cuda:0', grad_fn=<MseLossBackward0>)
tensor(147.6120, device='cuda:0', grad_fn=<MseLossBackward0>)
tensor(145.4471, device='cuda:0', grad_fn=<MseLossBackward0>)
tensor(139.3615, device='cuda:0', grad_fn=<MseLossBackward0>)
tensor(146.7641, device='cuda:0', grad_fn=<MseLossBackward0>)
tensor(139.4542, device='cuda:0', grad_fn=<MseLossBackward0>)
Epoch 543 | Loss: 192.794922
tensor(147.3659, device='cuda:0', grad_fn=<MseLossBackward0>)
tensor(142.1538, device='cuda:0', grad_fn=<MseLossBackward0>)
tensor(148.5002, device='cuda:0', grad_fn=<MseLossBackward0>)
tensor(140.5430, device='cuda:0', grad_fn=<MseLossBackward0>)
tensor(141.8277, device='cuda:0', grad_fn=<MseLossBackward0>)
tensor(146.0346, device='cuda:0', grad_fn=<MseLossBackward0>)
tensor(142.0197, device='cuda:0', grad_fn=<MseLossBackward0>)
tensor(156.1392, device='cuda:0', grad_fn=<MseLossBackward0>)
Epoch 544 | Loss: 192.425327
tensor(144.7857, device='cuda:0', grad_fn=<MseLossBackward0>)
tensor(145.6808, device='cuda:0', grad_fn=<MseLossBackward0>)
tensor(146.4522, device='cuda:0', grad_fn=<MseLossBackward0>)
tensor(142.9473, device='cuda:0', grad_fn=<MseLossBackward0>)
tensor(143.1490, device='cuda:0', grad_fn=<MseLossBackward0>)
tensor(141.6912, device='cuda:0', grad_fn=<MseLossBackward0>)
tensor(149.7658, device='cuda:0', grad_fn=<MseLossBackward0>)
tensor(147.4051, device='cuda:0', grad_fn=<MseLossBackward0>)
Epoch 545 | Loss: 193.656315
tensor(142.7715, device='cuda:0', grad_fn=<MseLossBackward0>)
tensor(146.4097, device='cuda:0', grad_fn=<MseLossBackward0>)
tensor(142.5037, device='cuda:0', grad_fn=<MseLossBackward0>)
tensor(141.2877, device='cuda:0', grad_fn=<MseLossBackward0>)
tensor(150.1166, device='cuda:0', grad_fn=<MseLossBackward0>)
tensor(146.4447, device='cuda:0', grad_fn=<MseLossBackward0>)
tensor(143.5635, device='cuda:0', grad_fn=<MseLossBackward0>)
tensor(148.3761, device='cuda:0', grad_fn=<MseLossBackward0>)
Epoch 546 | Loss: 193.870136
tensor(143.2469, device='cuda:0', grad_fn=<MseLossBackward0>)
tensor(142.7597, device='cuda:0', grad_fn=<MseLossBackward0>)
tensor(147.3551, device='cuda:0', grad_fn=<MseLossBackward0>)
tensor(143.6638, device='cuda:0', grad_fn=<MseLossBackward0>)
tensor(145.2483, device='cuda:0', grad_fn=<MseLossBackward0>)
tensor(144.2945, device='cuda:0', grad_fn=<MseLossBackward0>)
tensor(150.7315, device='cuda:0', grad_fn=<MseLossBackward0>)
tensor(142.7276, device='cuda:0', grad_fn=<MseLossBackward0>)
Epoch 547 | Loss: 192.870247
tensor(146.2191, device='cuda:0', grad_fn=<MseLossBackward0>)
tensor(146.9626, device='cuda:0', grad_fn=<MseLossBackward0>)
tensor(148.3940, device='cuda:0', grad_fn=<MseLossBackward0>)
tensor(141.5486, device='cuda:0', grad_fn=<MseLossBackward0>)
tensor(144.2710, device='cuda:0', grad_fn=<MseLossBackward0>)
tensor(149.5828, device='cuda:0', grad_fn=<MseLossBackward0>)
tensor(143.1086, device='cuda:0', grad_fn=<MseLossBackward0>)
tensor(137.9967, device='cuda:0', grad_fn=<MseLossBackward0>)
Epoch 548 | Loss: 192.666574
tensor(150.6355, device='cuda:0', grad_fn=<MseLossBackward0>)
tensor(147.6739, device='cuda:0', grad_fn=<MseLossBackward0>)
tensor(144.0737, device='cuda:0', grad_fn=<MseLossBackward0>)
tensor(140.8959, device='cuda:0', grad_fn=<MseLossBackward0>)
tensor(147.0566, device='cuda:0', grad_fn=<MseLossBackward0>)
tensor(147.3093, device='cuda:0', grad_fn=<MseLossBackward0>)
tensor(139.3701, device='cuda:0', grad_fn=<MseLossBackward0>)
tensor(140.6301, device='cuda:0', grad_fn=<MseLossBackward0>)
Epoch 549 | Loss: 193.285013
tensor(147.1590, device='cuda:0', grad_fn=<MseLossBackward0>)
tensor(148.1630, device='cuda:0', grad_fn=<MseLossBackward0>)
tensor(144.1944, device='cuda:0', grad_fn=<MseLossBackward0>)
tensor(144.2831, device='cuda:0', grad_fn=<MseLossBackward0>)
tensor(145.9343, device='cuda:0', grad_fn=<MseLossBackward0>)
tensor(144.6182, device='cuda:0', grad_fn=<MseLossBackward0>)
tensor(140.3915, device='cuda:0', grad_fn=<MseLossBackward0>)
tensor(142.7598, device='cuda:0', grad_fn=<MseLossBackward0>)
Epoch 550 | Loss: 192.752808
tensor(141.9736, device='cuda:0', grad_fn=<MseLossBackward0>)
tensor(148.7657, device='cuda:0', grad_fn=<MseLossBackward0>)
tensor(146.7692, device='cuda:0', grad_fn=<MseLossBackward0>)
tensor(140.6293, device='cuda:0', grad_fn=<MseLossBackward0>)
tensor(147.0009, device='cuda:0', grad_fn=<MseLossBackward0>)
tensor(146.4390, device='cuda:0', grad_fn=<MseLossBackward0>)
tensor(141.6319, device='cuda:0', grad_fn=<MseLossBackward0>)
tensor(143.9544, device='cuda:0', grad_fn=<MseLossBackward0>)
Epoch 551 | Loss: 193.915472
tensor(146.9532, device='cuda:0', grad_fn=<MseLossBackward0>)
tensor(144.5971, device='cuda:0', grad_fn=<MseLossBackward0>)
tensor(144.7833, device='cuda:0', grad_fn=<MseLossBackward0>)
tensor(137.9979, device='cuda:0', grad_fn=<MseLossBackward0>)
tensor(150.3061, device='cuda:0', grad_fn=<MseLossBackward0>)
tensor(144.2192, device='cuda:0', grad_fn=<MseLossBackward0>)
tensor(145.7818, device='cuda:0', grad_fn=<MseLossBackward0>)
tensor(141.4282, device='cuda:0', grad_fn=<MseLossBackward0>)
Epoch 552 | Loss: 194.472372
tensor(146.6927, device='cuda:0', grad_fn=<MseLossBackward0>)
tensor(144.7419, device='cuda:0', grad_fn=<MseLossBackward0>)
tensor(144.0042, device='cuda:0', grad_fn=<MseLossBackward0>)
tensor(145.2749, device='cuda:0', grad_fn=<MseLossBackward0>)
tensor(145.8803, device='cuda:0', grad_fn=<MseLossBackward0>)
tensor(138.1076, device='cuda:0', grad_fn=<MseLossBackward0>)
tensor(146.3407, device='cuda:0', grad_fn=<MseLossBackward0>)
tensor(144.8297, device='cuda:0', grad_fn=<MseLossBackward0>)
Epoch 553 | Loss: 191.270311
tensor(143.7425, device='cuda:0', grad_fn=<MseLossBackward0>)
tensor(146.7076, device='cuda:0', grad_fn=<MseLossBackward0>)
tensor(147.7649, device='cuda:0', grad_fn=<MseLossBackward0>)
tensor(144.4860, device='cuda:0', grad_fn=<MseLossBackward0>)
tensor(138.4950, device='cuda:0', grad_fn=<MseLossBackward0>)
tensor(137.1076, device='cuda:0', grad_fn=<MseLossBackward0>)
tensor(155.5789, device='cuda:0', grad_fn=<MseLossBackward0>)
tensor(140.3705, device='cuda:0', grad_fn=<MseLossBackward0>)
Epoch 554 | Loss: 190.993662
tensor(148.1429, device='cuda:0', grad_fn=<MseLossBackward0>)
tensor(143.7717, device='cuda:0', grad_fn=<MseLossBackward0>)
tensor(142.3363, device='cuda:0', grad_fn=<MseLossBackward0>)
tensor(144.1335, device='cuda:0', grad_fn=<MseLossBackward0>)
tensor(143.8049, device='cuda:0', grad_fn=<MseLossBackward0>)
tensor(145.6939, device='cuda:0', grad_fn=<MseLossBackward0>)
tensor(143.4490, device='cuda:0', grad_fn=<MseLossBackward0>)
tensor(142.3217, device='cuda:0', grad_fn=<MseLossBackward0>)
Epoch 555 | Loss: 190.822384
tensor(142.9114, device='cuda:0', grad_fn=<MseLossBackward0>)
tensor(147.7515, device='cuda:0', grad_fn=<MseLossBackward0>)
tensor(149.4859, device='cuda:0', grad_fn=<MseLossBackward0>)
tensor(134.4274, device='cuda:0', grad_fn=<MseLossBackward0>)
tensor(144.8914, device='cuda:0', grad_fn=<MseLossBackward0>)
tensor(140.9305, device='cuda:0', grad_fn=<MseLossBackward0>)
tensor(152.3277, device='cuda:0', grad_fn=<MseLossBackward0>)
tensor(139.8719, device='cuda:0', grad_fn=<MseLossBackward0>)
Epoch 556 | Loss: 192.355091
tensor(146.3119, device='cuda:0', grad_fn=<MseLossBackward0>)
tensor(140.0186, device='cuda:0', grad_fn=<MseLossBackward0>)
tensor(141.9910, device='cuda:0', grad_fn=<MseLossBackward0>)
tensor(144.4778, device='cuda:0', grad_fn=<MseLossBackward0>)
tensor(144.0325, device='cuda:0', grad_fn=<MseLossBackward0>)
tensor(145.6145, device='cuda:0', grad_fn=<MseLossBackward0>)
tensor(142.1623, device='cuda:0', grad_fn=<MseLossBackward0>)
tensor(149.2942, device='cuda:0', grad_fn=<MseLossBackward0>)
Epoch 557 | Loss: 196.180220
tensor(149.1283, device='cuda:0', grad_fn=<MseLossBackward0>)
tensor(143.1145, device='cuda:0', grad_fn=<MseLossBackward0>)
tensor(138.9870, device='cuda:0', grad_fn=<MseLossBackward0>)
tensor(147.2420, device='cuda:0', grad_fn=<MseLossBackward0>)
tensor(137.7076, device='cuda:0', grad_fn=<MseLossBackward0>)
tensor(143.2337, device='cuda:0', grad_fn=<MseLossBackward0>)
tensor(150.5058, device='cuda:0', grad_fn=<MseLossBackward0>)
tensor(141.6505, device='cuda:0', grad_fn=<MseLossBackward0>)
Epoch 558 | Loss: 195.573442
tensor(146.5409, device='cuda:0', grad_fn=<MseLossBackward0>)
tensor(142.5056, device='cuda:0', grad_fn=<MseLossBackward0>)
tensor(141.3643, device='cuda:0', grad_fn=<MseLossBackward0>)
tensor(143.6299, device='cuda:0', grad_fn=<MseLossBackward0>)
tensor(141.5773, device='cuda:0', grad_fn=<MseLossBackward0>)
tensor(145.3617, device='cuda:0', grad_fn=<MseLossBackward0>)
tensor(147.0701, device='cuda:0', grad_fn=<MseLossBackward0>)
tensor(142.7369, device='cuda:0', grad_fn=<MseLossBackward0>)
Epoch 559 | Loss: 197.253605
tensor(152.5684, device='cuda:0', grad_fn=<MseLossBackward0>)
tensor(137.3082, device='cuda:0', grad_fn=<MseLossBackward0>)
tensor(147.2029, device='cuda:0', grad_fn=<MseLossBackward0>)
tensor(154.6752, device='cuda:0', grad_fn=<MseLossBackward0>)
tensor(139.0134, device='cuda:0', grad_fn=<MseLossBackward0>)
tensor(141.7175, device='cuda:0', grad_fn=<MseLossBackward0>)
tensor(137.8185, device='cuda:0', grad_fn=<MseLossBackward0>)
tensor(139.3477, device='cuda:0', grad_fn=<MseLossBackward0>)
Epoch 560 | Loss: 194.926575
tensor(149.0407, device='cuda:0', grad_fn=<MseLossBackward0>)
tensor(144.9678, device='cuda:0', grad_fn=<MseLossBackward0>)
tensor(141.4150, device='cuda:0', grad_fn=<MseLossBackward0>)
tensor(140.7060, device='cuda:0', grad_fn=<MseLossBackward0>)
tensor(143.6381, device='cuda:0', grad_fn=<MseLossBackward0>)
tensor(136.3045, device='cuda:0', grad_fn=<MseLossBackward0>)
tensor(145.0650, device='cuda:0', grad_fn=<MseLossBackward0>)
tensor(149.8145, device='cuda:0', grad_fn=<MseLossBackward0>)
Epoch 561 | Loss: 193.514454
tensor(141.5029, device='cuda:0', grad_fn=<MseLossBackward0>)
tensor(145.1794, device='cuda:0', grad_fn=<MseLossBackward0>)
tensor(143.5321, device='cuda:0', grad_fn=<MseLossBackward0>)
tensor(141.7940, device='cuda:0', grad_fn=<MseLossBackward0>)
tensor(146.7170, device='cuda:0', grad_fn=<MseLossBackward0>)
tensor(141.8072, device='cuda:0', grad_fn=<MseLossBackward0>)
tensor(144.0051, device='cuda:0', grad_fn=<MseLossBackward0>)
tensor(144.8529, device='cuda:0', grad_fn=<MseLossBackward0>)
Epoch 562 | Loss: 190.960573
tensor(139.2355, device='cuda:0', grad_fn=<MseLossBackward0>)
tensor(137.5519, device='cuda:0', grad_fn=<MseLossBackward0>)
tensor(142.9748, device='cuda:0', grad_fn=<MseLossBackward0>)
tensor(152.5499, device='cuda:0', grad_fn=<MseLossBackward0>)
tensor(146.2865, device='cuda:0', grad_fn=<MseLossBackward0>)
tensor(142.5502, device='cuda:0', grad_fn=<MseLossBackward0>)
tensor(143.5285, device='cuda:0', grad_fn=<MseLossBackward0>)
tensor(143.7616, device='cuda:0', grad_fn=<MseLossBackward0>)
Epoch 563 | Loss: 190.752569
tensor(146.9468, device='cuda:0', grad_fn=<MseLossBackward0>)
tensor(145.4508, device='cuda:0', grad_fn=<MseLossBackward0>)
tensor(143.4283, device='cuda:0', grad_fn=<MseLossBackward0>)
tensor(140.4663, device='cuda:0', grad_fn=<MseLossBackward0>)
tensor(145.0905, device='cuda:0', grad_fn=<MseLossBackward0>)
tensor(143.5585, device='cuda:0', grad_fn=<MseLossBackward0>)
tensor(140.3692, device='cuda:0', grad_fn=<MseLossBackward0>)
tensor(142.3726, device='cuda:0', grad_fn=<MseLossBackward0>)
Epoch 564 | Loss: 189.357082
tensor(144.2630, device='cuda:0', grad_fn=<MseLossBackward0>)
tensor(139.2796, device='cuda:0', grad_fn=<MseLossBackward0>)
tensor(148.1331, device='cuda:0', grad_fn=<MseLossBackward0>)
tensor(139.5054, device='cuda:0', grad_fn=<MseLossBackward0>)
tensor(141.0257, device='cuda:0', grad_fn=<MseLossBackward0>)
tensor(148.0251, device='cuda:0', grad_fn=<MseLossBackward0>)
tensor(148.0444, device='cuda:0', grad_fn=<MseLossBackward0>)
tensor(137.8012, device='cuda:0', grad_fn=<MseLossBackward0>)
Epoch 565 | Loss: 189.384357
tensor(139.7434, device='cuda:0', grad_fn=<MseLossBackward0>)
tensor(143.7462, device='cuda:0', grad_fn=<MseLossBackward0>)
tensor(142.3541, device='cuda:0', grad_fn=<MseLossBackward0>)
tensor(142.8952, device='cuda:0', grad_fn=<MseLossBackward0>)
tensor(144.8177, device='cuda:0', grad_fn=<MseLossBackward0>)
tensor(147.4383, device='cuda:0', grad_fn=<MseLossBackward0>)
tensor(141.0164, device='cuda:0', grad_fn=<MseLossBackward0>)
tensor(144.4410, device='cuda:0', grad_fn=<MseLossBackward0>)
Epoch 566 | Loss: 189.486843
tensor(145.5026, device='cuda:0', grad_fn=<MseLossBackward0>)
tensor(144.8033, device='cuda:0', grad_fn=<MseLossBackward0>)
tensor(140.8370, device='cuda:0', grad_fn=<MseLossBackward0>)
tensor(145.3949, device='cuda:0', grad_fn=<MseLossBackward0>)
tensor(142.4012, device='cuda:0', grad_fn=<MseLossBackward0>)
tensor(143.3684, device='cuda:0', grad_fn=<MseLossBackward0>)
tensor(141.5693, device='cuda:0', grad_fn=<MseLossBackward0>)
tensor(141.2260, device='cuda:0', grad_fn=<MseLossBackward0>)
Epoch 567 | Loss: 189.166059
tensor(146.2190, device='cuda:0', grad_fn=<MseLossBackward0>)
tensor(139.3111, device='cuda:0', grad_fn=<MseLossBackward0>)
tensor(145.9487, device='cuda:0', grad_fn=<MseLossBackward0>)
tensor(145.7943, device='cuda:0', grad_fn=<MseLossBackward0>)
tensor(146.6563, device='cuda:0', grad_fn=<MseLossBackward0>)
tensor(141.3697, device='cuda:0', grad_fn=<MseLossBackward0>)
tensor(138.3181, device='cuda:0', grad_fn=<MseLossBackward0>)
tensor(140.9099, device='cuda:0', grad_fn=<MseLossBackward0>)
Epoch 568 | Loss: 189.409986
tensor(145.5273, device='cuda:0', grad_fn=<MseLossBackward0>)
tensor(141.8774, device='cuda:0', grad_fn=<MseLossBackward0>)
tensor(143.4845, device='cuda:0', grad_fn=<MseLossBackward0>)
tensor(136.7473, device='cuda:0', grad_fn=<MseLossBackward0>)
tensor(140.0468, device='cuda:0', grad_fn=<MseLossBackward0>)
tensor(145.0086, device='cuda:0', grad_fn=<MseLossBackward0>)
tensor(144.1259, device='cuda:0', grad_fn=<MseLossBackward0>)
tensor(148.2384, device='cuda:0', grad_fn=<MseLossBackward0>)
Epoch 569 | Loss: 189.714296
tensor(140.0455, device='cuda:0', grad_fn=<MseLossBackward0>)
tensor(140.4881, device='cuda:0', grad_fn=<MseLossBackward0>)
tensor(139.8870, device='cuda:0', grad_fn=<MseLossBackward0>)
tensor(144.2626, device='cuda:0', grad_fn=<MseLossBackward0>)
tensor(153.3112, device='cuda:0', grad_fn=<MseLossBackward0>)
tensor(144.4384, device='cuda:0', grad_fn=<MseLossBackward0>)
tensor(138.0408, device='cuda:0', grad_fn=<MseLossBackward0>)
tensor(142.7707, device='cuda:0', grad_fn=<MseLossBackward0>)
Epoch 570 | Loss: 189.926441
tensor(146.8642, device='cuda:0', grad_fn=<MseLossBackward0>)
tensor(145.6074, device='cuda:0', grad_fn=<MseLossBackward0>)
tensor(142.3993, device='cuda:0', grad_fn=<MseLossBackward0>)
tensor(142.6263, device='cuda:0', grad_fn=<MseLossBackward0>)
tensor(135.2324, device='cuda:0', grad_fn=<MseLossBackward0>)
tensor(145.8033, device='cuda:0', grad_fn=<MseLossBackward0>)
tensor(141.3436, device='cuda:0', grad_fn=<MseLossBackward0>)
tensor(142.6673, device='cuda:0', grad_fn=<MseLossBackward0>)
Epoch 571 | Loss: 189.896896
tensor(144.7781, device='cuda:0', grad_fn=<MseLossBackward0>)
tensor(143.7610, device='cuda:0', grad_fn=<MseLossBackward0>)
tensor(142.0049, device='cuda:0', grad_fn=<MseLossBackward0>)
tensor(138.6449, device='cuda:0', grad_fn=<MseLossBackward0>)
tensor(143.4216, device='cuda:0', grad_fn=<MseLossBackward0>)
tensor(144.6774, device='cuda:0', grad_fn=<MseLossBackward0>)
tensor(140.7072, device='cuda:0', grad_fn=<MseLossBackward0>)
tensor(144.3502, device='cuda:0', grad_fn=<MseLossBackward0>)
Epoch 572 | Loss: 189.550442
tensor(140.5957, device='cuda:0', grad_fn=<MseLossBackward0>)
tensor(143.2734, device='cuda:0', grad_fn=<MseLossBackward0>)
tensor(143.5623, device='cuda:0', grad_fn=<MseLossBackward0>)
tensor(142.6453, device='cuda:0', grad_fn=<MseLossBackward0>)
tensor(142.7957, device='cuda:0', grad_fn=<MseLossBackward0>)
tensor(142.3172, device='cuda:0', grad_fn=<MseLossBackward0>)
tensor(141.3888, device='cuda:0', grad_fn=<MseLossBackward0>)
tensor(145.1526, device='cuda:0', grad_fn=<MseLossBackward0>)
Epoch 573 | Loss: 189.467218
tensor(142.3369, device='cuda:0', grad_fn=<MseLossBackward0>)
tensor(137.7745, device='cuda:0', grad_fn=<MseLossBackward0>)
tensor(149.8189, device='cuda:0', grad_fn=<MseLossBackward0>)
tensor(141.7334, device='cuda:0', grad_fn=<MseLossBackward0>)
tensor(140.5619, device='cuda:0', grad_fn=<MseLossBackward0>)
tensor(139.4634, device='cuda:0', grad_fn=<MseLossBackward0>)
tensor(147.8681, device='cuda:0', grad_fn=<MseLossBackward0>)
tensor(140.5366, device='cuda:0', grad_fn=<MseLossBackward0>)
Epoch 574 | Loss: 188.718174
tensor(136.1805, device='cuda:0', grad_fn=<MseLossBackward0>)
tensor(149.5432, device='cuda:0', grad_fn=<MseLossBackward0>)
tensor(147.2284, device='cuda:0', grad_fn=<MseLossBackward0>)
tensor(139.4253, device='cuda:0', grad_fn=<MseLossBackward0>)
tensor(136.0852, device='cuda:0', grad_fn=<MseLossBackward0>)
tensor(146.6712, device='cuda:0', grad_fn=<MseLossBackward0>)
tensor(141.0821, device='cuda:0', grad_fn=<MseLossBackward0>)
tensor(143.9907, device='cuda:0', grad_fn=<MseLossBackward0>)
Epoch 575 | Loss: 190.441629
tensor(133.6231, device='cuda:0', grad_fn=<MseLossBackward0>)
tensor(143.0682, device='cuda:0', grad_fn=<MseLossBackward0>)
tensor(142.6008, device='cuda:0', grad_fn=<MseLossBackward0>)
tensor(141.6134, device='cuda:0', grad_fn=<MseLossBackward0>)
tensor(144.3620, device='cuda:0', grad_fn=<MseLossBackward0>)
tensor(145.3327, device='cuda:0', grad_fn=<MseLossBackward0>)
tensor(143.9170, device='cuda:0', grad_fn=<MseLossBackward0>)
tensor(145.1518, device='cuda:0', grad_fn=<MseLossBackward0>)
Epoch 576 | Loss: 192.320284
tensor(145.6662, device='cuda:0', grad_fn=<MseLossBackward0>)
tensor(142.1189, device='cuda:0', grad_fn=<MseLossBackward0>)
tensor(137.8872, device='cuda:0', grad_fn=<MseLossBackward0>)
tensor(145.9135, device='cuda:0', grad_fn=<MseLossBackward0>)
tensor(142.7237, device='cuda:0', grad_fn=<MseLossBackward0>)
tensor(144.6523, device='cuda:0', grad_fn=<MseLossBackward0>)
tensor(139.8215, device='cuda:0', grad_fn=<MseLossBackward0>)
tensor(138.6410, device='cuda:0', grad_fn=<MseLossBackward0>)
Epoch 577 | Loss: 189.668062
tensor(146.0300, device='cuda:0', grad_fn=<MseLossBackward0>)
tensor(142.2226, device='cuda:0', grad_fn=<MseLossBackward0>)
tensor(141.6502, device='cuda:0', grad_fn=<MseLossBackward0>)
tensor(142.9214, device='cuda:0', grad_fn=<MseLossBackward0>)
tensor(135.7225, device='cuda:0', grad_fn=<MseLossBackward0>)
tensor(142.8550, device='cuda:0', grad_fn=<MseLossBackward0>)
tensor(139.5419, device='cuda:0', grad_fn=<MseLossBackward0>)
tensor(147.5199, device='cuda:0', grad_fn=<MseLossBackward0>)
Epoch 578 | Loss: 188.319180
tensor(140.8983, device='cuda:0', grad_fn=<MseLossBackward0>)
tensor(138.9776, device='cuda:0', grad_fn=<MseLossBackward0>)
tensor(138.6620, device='cuda:0', grad_fn=<MseLossBackward0>)
tensor(147.1056, device='cuda:0', grad_fn=<MseLossBackward0>)
tensor(147.9998, device='cuda:0', grad_fn=<MseLossBackward0>)
tensor(138.6651, device='cuda:0', grad_fn=<MseLossBackward0>)
tensor(139.0050, device='cuda:0', grad_fn=<MseLossBackward0>)
tensor(146.4069, device='cuda:0', grad_fn=<MseLossBackward0>)
Epoch 579 | Loss: 189.042036
tensor(149.8352, device='cuda:0', grad_fn=<MseLossBackward0>)
tensor(143.6279, device='cuda:0', grad_fn=<MseLossBackward0>)
tensor(146.4156, device='cuda:0', grad_fn=<MseLossBackward0>)
tensor(139.9648, device='cuda:0', grad_fn=<MseLossBackward0>)
tensor(135.3612, device='cuda:0', grad_fn=<MseLossBackward0>)
tensor(143.6862, device='cuda:0', grad_fn=<MseLossBackward0>)
tensor(138.7904, device='cuda:0', grad_fn=<MseLossBackward0>)
tensor(137.6764, device='cuda:0', grad_fn=<MseLossBackward0>)
Epoch 580 | Loss: 189.021305
tensor(141.0450, device='cuda:0', grad_fn=<MseLossBackward0>)
tensor(142.6811, device='cuda:0', grad_fn=<MseLossBackward0>)
tensor(143.3381, device='cuda:0', grad_fn=<MseLossBackward0>)
tensor(147.3485, device='cuda:0', grad_fn=<MseLossBackward0>)
tensor(140.4845, device='cuda:0', grad_fn=<MseLossBackward0>)
tensor(139.0621, device='cuda:0', grad_fn=<MseLossBackward0>)
tensor(143.4269, device='cuda:0', grad_fn=<MseLossBackward0>)
tensor(137.1025, device='cuda:0', grad_fn=<MseLossBackward0>)
Epoch 581 | Loss: 189.863607
tensor(143.9818, device='cuda:0', grad_fn=<MseLossBackward0>)
tensor(142.9288, device='cuda:0', grad_fn=<MseLossBackward0>)
tensor(143.9896, device='cuda:0', grad_fn=<MseLossBackward0>)
tensor(140.6334, device='cuda:0', grad_fn=<MseLossBackward0>)
tensor(144.6658, device='cuda:0', grad_fn=<MseLossBackward0>)
tensor(140.3737, device='cuda:0', grad_fn=<MseLossBackward0>)
tensor(137.7599, device='cuda:0', grad_fn=<MseLossBackward0>)
tensor(139.9838, device='cuda:0', grad_fn=<MseLossBackward0>)
Epoch 582 | Loss: 188.270998
tensor(145.5914, device='cuda:0', grad_fn=<MseLossBackward0>)
tensor(142.2510, device='cuda:0', grad_fn=<MseLossBackward0>)
tensor(145.0277, device='cuda:0', grad_fn=<MseLossBackward0>)
tensor(143.2238, device='cuda:0', grad_fn=<MseLossBackward0>)
tensor(141.5220, device='cuda:0', grad_fn=<MseLossBackward0>)
tensor(136.7254, device='cuda:0', grad_fn=<MseLossBackward0>)
tensor(138.7410, device='cuda:0', grad_fn=<MseLossBackward0>)
tensor(140.5051, device='cuda:0', grad_fn=<MseLossBackward0>)
Epoch 583 | Loss: 188.511383
tensor(143.7419, device='cuda:0', grad_fn=<MseLossBackward0>)
tensor(142.3859, device='cuda:0', grad_fn=<MseLossBackward0>)
tensor(138.7423, device='cuda:0', grad_fn=<MseLossBackward0>)
tensor(138.8440, device='cuda:0', grad_fn=<MseLossBackward0>)
tensor(136.3673, device='cuda:0', grad_fn=<MseLossBackward0>)
tensor(144.4092, device='cuda:0', grad_fn=<MseLossBackward0>)
tensor(140.3335, device='cuda:0', grad_fn=<MseLossBackward0>)
tensor(150.2989, device='cuda:0', grad_fn=<MseLossBackward0>)
Epoch 584 | Loss: 188.152988
tensor(143.6635, device='cuda:0', grad_fn=<MseLossBackward0>)
tensor(141.1044, device='cuda:0', grad_fn=<MseLossBackward0>)
tensor(134.0799, device='cuda:0', grad_fn=<MseLossBackward0>)
tensor(147.4372, device='cuda:0', grad_fn=<MseLossBackward0>)
tensor(139.5323, device='cuda:0', grad_fn=<MseLossBackward0>)
tensor(138.1873, device='cuda:0', grad_fn=<MseLossBackward0>)
tensor(144.5827, device='cuda:0', grad_fn=<MseLossBackward0>)
tensor(144.5918, device='cuda:0', grad_fn=<MseLossBackward0>)
Epoch 585 | Loss: 187.579948
tensor(144.1764, device='cuda:0', grad_fn=<MseLossBackward0>)
tensor(141.3807, device='cuda:0', grad_fn=<MseLossBackward0>)
tensor(144.3076, device='cuda:0', grad_fn=<MseLossBackward0>)
tensor(139.2323, device='cuda:0', grad_fn=<MseLossBackward0>)
tensor(138.3225, device='cuda:0', grad_fn=<MseLossBackward0>)
tensor(140.1085, device='cuda:0', grad_fn=<MseLossBackward0>)
tensor(144.7808, device='cuda:0', grad_fn=<MseLossBackward0>)
tensor(138.9252, device='cuda:0', grad_fn=<MseLossBackward0>)
Epoch 586 | Loss: 187.501389
tensor(136.6242, device='cuda:0', grad_fn=<MseLossBackward0>)
tensor(149.2171, device='cuda:0', grad_fn=<MseLossBackward0>)
tensor(140.1821, device='cuda:0', grad_fn=<MseLossBackward0>)
tensor(148.3929, device='cuda:0', grad_fn=<MseLossBackward0>)
tensor(142.7932, device='cuda:0', grad_fn=<MseLossBackward0>)
tensor(143.4758, device='cuda:0', grad_fn=<MseLossBackward0>)
tensor(132.0487, device='cuda:0', grad_fn=<MseLossBackward0>)
tensor(137.6684, device='cuda:0', grad_fn=<MseLossBackward0>)
Epoch 587 | Loss: 187.059990
tensor(146.3465, device='cuda:0', grad_fn=<MseLossBackward0>)
tensor(143.6779, device='cuda:0', grad_fn=<MseLossBackward0>)
tensor(139.9696, device='cuda:0', grad_fn=<MseLossBackward0>)
tensor(139.7563, device='cuda:0', grad_fn=<MseLossBackward0>)
tensor(143.5170, device='cuda:0', grad_fn=<MseLossBackward0>)
tensor(134.7831, device='cuda:0', grad_fn=<MseLossBackward0>)
tensor(139.5629, device='cuda:0', grad_fn=<MseLossBackward0>)
tensor(143.2773, device='cuda:0', grad_fn=<MseLossBackward0>)
Epoch 588 | Loss: 186.526819
tensor(139.1531, device='cuda:0', grad_fn=<MseLossBackward0>)
tensor(138.4210, device='cuda:0', grad_fn=<MseLossBackward0>)
tensor(145.5045, device='cuda:0', grad_fn=<MseLossBackward0>)
tensor(146.6351, device='cuda:0', grad_fn=<MseLossBackward0>)
tensor(145.1985, device='cuda:0', grad_fn=<MseLossBackward0>)
tensor(135.4780, device='cuda:0', grad_fn=<MseLossBackward0>)
tensor(139.8673, device='cuda:0', grad_fn=<MseLossBackward0>)
tensor(139.2884, device='cuda:0', grad_fn=<MseLossBackward0>)
Epoch 589 | Loss: 187.228453
tensor(138.5812, device='cuda:0', grad_fn=<MseLossBackward0>)
tensor(143.9659, device='cuda:0', grad_fn=<MseLossBackward0>)
tensor(145.1517, device='cuda:0', grad_fn=<MseLossBackward0>)
tensor(136.8326, device='cuda:0', grad_fn=<MseLossBackward0>)
tensor(135.3883, device='cuda:0', grad_fn=<MseLossBackward0>)
tensor(147.0413, device='cuda:0', grad_fn=<MseLossBackward0>)
tensor(143.0368, device='cuda:0', grad_fn=<MseLossBackward0>)
tensor(138.7305, device='cuda:0', grad_fn=<MseLossBackward0>)
Epoch 590 | Loss: 187.896729
tensor(139.6255, device='cuda:0', grad_fn=<MseLossBackward0>)
tensor(141.0532, device='cuda:0', grad_fn=<MseLossBackward0>)
tensor(142.5860, device='cuda:0', grad_fn=<MseLossBackward0>)
tensor(143.9643, device='cuda:0', grad_fn=<MseLossBackward0>)
tensor(141.1807, device='cuda:0', grad_fn=<MseLossBackward0>)
tensor(137.3036, device='cuda:0', grad_fn=<MseLossBackward0>)
tensor(138.7493, device='cuda:0', grad_fn=<MseLossBackward0>)
tensor(144.6584, device='cuda:0', grad_fn=<MseLossBackward0>)
Epoch 591 | Loss: 189.003397
tensor(143.5188, device='cuda:0', grad_fn=<MseLossBackward0>)
tensor(139.1172, device='cuda:0', grad_fn=<MseLossBackward0>)
tensor(137.7335, device='cuda:0', grad_fn=<MseLossBackward0>)
tensor(140.0972, device='cuda:0', grad_fn=<MseLossBackward0>)
tensor(144.1102, device='cuda:0', grad_fn=<MseLossBackward0>)
tensor(146.8438, device='cuda:0', grad_fn=<MseLossBackward0>)
tensor(136.2822, device='cuda:0', grad_fn=<MseLossBackward0>)
tensor(139.6120, device='cuda:0', grad_fn=<MseLossBackward0>)
Epoch 592 | Loss: 190.679739
tensor(146.9206, device='cuda:0', grad_fn=<MseLossBackward0>)
tensor(137.9938, device='cuda:0', grad_fn=<MseLossBackward0>)
tensor(141.4514, device='cuda:0', grad_fn=<MseLossBackward0>)
tensor(142.7594, device='cuda:0', grad_fn=<MseLossBackward0>)
tensor(134.5417, device='cuda:0', grad_fn=<MseLossBackward0>)
tensor(139.7015, device='cuda:0', grad_fn=<MseLossBackward0>)
tensor(142.6687, device='cuda:0', grad_fn=<MseLossBackward0>)
tensor(140.8187, device='cuda:0', grad_fn=<MseLossBackward0>)
Epoch 593 | Loss: 190.776106
tensor(141.5487, device='cuda:0', grad_fn=<MseLossBackward0>)
tensor(142.7215, device='cuda:0', grad_fn=<MseLossBackward0>)
tensor(143.3633, device='cuda:0', grad_fn=<MseLossBackward0>)
tensor(142.7279, device='cuda:0', grad_fn=<MseLossBackward0>)
tensor(140.0247, device='cuda:0', grad_fn=<MseLossBackward0>)
tensor(135.5512, device='cuda:0', grad_fn=<MseLossBackward0>)
tensor(139.3127, device='cuda:0', grad_fn=<MseLossBackward0>)
tensor(141.2261, device='cuda:0', grad_fn=<MseLossBackward0>)
Epoch 594 | Loss: 188.437115
tensor(141.1394, device='cuda:0', grad_fn=<MseLossBackward0>)
tensor(141.7296, device='cuda:0', grad_fn=<MseLossBackward0>)
tensor(139.3686, device='cuda:0', grad_fn=<MseLossBackward0>)
tensor(135.5204, device='cuda:0', grad_fn=<MseLossBackward0>)
tensor(145.6400, device='cuda:0', grad_fn=<MseLossBackward0>)
tensor(140.8360, device='cuda:0', grad_fn=<MseLossBackward0>)
tensor(141.7709, device='cuda:0', grad_fn=<MseLossBackward0>)
tensor(139.2187, device='cuda:0', grad_fn=<MseLossBackward0>)
Epoch 595 | Loss: 186.129576
tensor(137.2303, device='cuda:0', grad_fn=<MseLossBackward0>)
tensor(138.5105, device='cuda:0', grad_fn=<MseLossBackward0>)
tensor(144.3290, device='cuda:0', grad_fn=<MseLossBackward0>)
tensor(137.0953, device='cuda:0', grad_fn=<MseLossBackward0>)
tensor(142.1113, device='cuda:0', grad_fn=<MseLossBackward0>)
tensor(134.0854, device='cuda:0', grad_fn=<MseLossBackward0>)
tensor(144.2272, device='cuda:0', grad_fn=<MseLossBackward0>)
tensor(148.7616, device='cuda:0', grad_fn=<MseLossBackward0>)
Epoch 596 | Loss: 185.549658
tensor(142.3040, device='cuda:0', grad_fn=<MseLossBackward0>)
tensor(138.8728, device='cuda:0', grad_fn=<MseLossBackward0>)
tensor(142.6533, device='cuda:0', grad_fn=<MseLossBackward0>)
tensor(135.0925, device='cuda:0', grad_fn=<MseLossBackward0>)
tensor(141.7172, device='cuda:0', grad_fn=<MseLossBackward0>)
tensor(139.0898, device='cuda:0', grad_fn=<MseLossBackward0>)
tensor(140.8169, device='cuda:0', grad_fn=<MseLossBackward0>)
tensor(144.4545, device='cuda:0', grad_fn=<MseLossBackward0>)
Epoch 597 | Loss: 185.391855
tensor(140.0080, device='cuda:0', grad_fn=<MseLossBackward0>)
tensor(139.8632, device='cuda:0', grad_fn=<MseLossBackward0>)
tensor(143.0315, device='cuda:0', grad_fn=<MseLossBackward0>)
tensor(141.7674, device='cuda:0', grad_fn=<MseLossBackward0>)
tensor(140.3873, device='cuda:0', grad_fn=<MseLossBackward0>)
tensor(144.1456, device='cuda:0', grad_fn=<MseLossBackward0>)
tensor(135.8415, device='cuda:0', grad_fn=<MseLossBackward0>)
tensor(138.1541, device='cuda:0', grad_fn=<MseLossBackward0>)
Epoch 598 | Loss: 185.153347
tensor(143.4990, device='cuda:0', grad_fn=<MseLossBackward0>)
tensor(140.9896, device='cuda:0', grad_fn=<MseLossBackward0>)
tensor(137.0636, device='cuda:0', grad_fn=<MseLossBackward0>)
tensor(140.6449, device='cuda:0', grad_fn=<MseLossBackward0>)
tensor(143.6734, device='cuda:0', grad_fn=<MseLossBackward0>)
tensor(140.8932, device='cuda:0', grad_fn=<MseLossBackward0>)
tensor(135.4893, device='cuda:0', grad_fn=<MseLossBackward0>)
tensor(140.7652, device='cuda:0', grad_fn=<MseLossBackward0>)
Epoch 599 | Loss: 185.161211
tensor(138.4029, device='cuda:0', grad_fn=<MseLossBackward0>)
tensor(147.1831, device='cuda:0', grad_fn=<MseLossBackward0>)
tensor(140.2706, device='cuda:0', grad_fn=<MseLossBackward0>)
tensor(138.6456, device='cuda:0', grad_fn=<MseLossBackward0>)
tensor(136.7420, device='cuda:0', grad_fn=<MseLossBackward0>)
tensor(140.0921, device='cuda:0', grad_fn=<MseLossBackward0>)
tensor(141.9747, device='cuda:0', grad_fn=<MseLossBackward0>)
tensor(138.8661, device='cuda:0', grad_fn=<MseLossBackward0>)
Epoch 600 | Loss: 187.275988
/data5/store1/wry-u22/anaconda3/envs/py311/lib/python3.11/site-packages/torch_geometric/deprecation.py:26: UserWarning: 'data.DataLoader' is deprecated, use 'loader.DataLoader' instead
  warnings.warn(out)

Test Results:
  MAE Energy Loss: 0.016320
  MAE Force Loss : 0.102880
